년도,월,항공사(ICAO),항공사(IATA),항공사명,국제_국내,노선,국가,공항,도착_출발,정기_부정기,여객_화물,운항(편),유임승객(명),무임승객(명),환승객(명),직화물(kg),환적화물(kg),우편물(kg),수하물(kg)
2026년,01월,AAL,AA,아메리칸항공,국제,미주,미국,DFW,도착,정기,여객,21 ,4108 ,16 ,681 ,11848 ,0 ,1632 ,115880 
2026년,01월,AAL,AA,아메리칸항공,국제,미주,미국,DFW,출발,정기,여객,21 ,3788 ,14 ,1862 ,173237 ,0 ,14917 ,133829 
2026년,01월,AAL,AA,아메리칸항공,국제,미주,미국,LAS,도착,정기,여객,3 ,552 ,0 ,11 ,1398 ,0 ,0 ,10980 
2026년,01월,AAL,AA,아메리칸항공,국제,미주,미국,LAS,출발,정기,여객,3 ,648 ,0 ,164 ,22933 ,0 ,2545 ,15875 
2026년,01월,AAR,OZ,아시아나항공,국내,한국,한국,CJU,도착,부정기,여객,1 ,251 ,0 ,0 ,0 ,0 ,0 ,1292 
2026년,01월,AAR,OZ,아시아나항공,국제,일본,일본,CTS,도착,정기,여객,31 ,7740 ,18 ,432 ,0 ,0 ,0 ,118825 
2026년,01월,AAR,OZ,아시아나항공,국제,일본,일본,CTS,도착,부정기,여객,18 ,3222 ,3 ,28 ,0 ,0 ,0 ,44325 
2026년,01월,AAR,OZ,아시아나항공,국제,일본,일본,CTS,출발,정기,여객,31 ,7461 ,15 ,266 ,0 ,0 ,0 ,90855 
2026년,01월,AAR,OZ,아시아나항공,국제,일본,일본,CTS,출발,부정기,여객,18 ,3122 ,2 ,8 ,0 ,0 ,0 ,34902 
2026년,01월,AAR,OZ,아시아나항공,국제,일본,일본,FUK,도착,정기,여객,31 ,8124 ,114 ,507 ,42734 ,18549 ,0 ,112041 
2026년,01월,AAR,OZ,아시아나항공,국제,일본,일본,FUK,출발,정기,여객,31 ,8362 ,107 ,336 ,3781 ,46801 ,4524 ,91406 
2026년,01월,AAR,OZ,아시아나항공,국제,일본,일본,HND,도착,정기,여객,31 ,6591 ,7 ,1792 ,16628 ,0 ,0 ,105243 
2026년,01월,AAR,OZ,아시아나항공,국제,일본,일본,HND,출발,정기,여객,31 ,6910 ,19 ,1657 ,5176 ,31361 ,7816 ,108587 
2026년,01월,AAR,OZ,아시아나항공,국제,일본,일본,KIX,도착,정기,여객,93 ,14948 ,56 ,2304 ,17813 ,6967 ,0 ,217269 
2026년,01월,AAR,OZ,아시아나항공,국제,일본,일본,KIX,출발,정기,여객,93 ,16285 ,56 ,2058 ,51080 ,48424 ,34335 ,212357 
2026년,01월,AAR,OZ,아시아나항공,국제,일본,일본,KMI,도착,정기,여객,31 ,4192 ,13 ,103 ,0 ,0 ,0 ,79491 
2026년,01월,AAR,OZ,아시아나항공,국제,일본,일본,KMI,출발,정기,여객,31 ,4852 ,11 ,106 ,0 ,0 ,0 ,91544 
2026년,01월,AAR,OZ,아시아나항공,국제,일본,일본,NGO,도착,정기,여객,62 ,9029 ,38 ,767 ,210 ,83 ,0 ,126516 
2026년,01월,AAR,OZ,아시아나항공,국제,일본,일본,NGO,출발,정기,여객,62 ,9987 ,42 ,894 ,4166 ,7640 ,10743 ,126723 
2026년,01월,AAR,OZ,아시아나항공,국제,일본,일본,NRT,도착,정기,여객,91 ,19383 ,89 ,4075 ,299270 ,87680 ,0 ,326629 
2026년,01월,AAR,OZ,아시아나항공,국제,일본,일본,NRT,출발,정기,여객,91 ,22016 ,82 ,2605 ,164369 ,391208 ,27246 ,305124 
2026년,01월,AAR,OZ,아시아나항공,국제,일본,일본,OKA,도착,정기,여객,31 ,6900 ,165 ,470 ,0 ,0 ,0 ,104944 
2026년,01월,AAR,OZ,아시아나항공,국제,일본,일본,OKA,출발,정기,여객,31 ,7100 ,158 ,373 ,1168 ,24559 ,0 ,89955 
2026년,01월,AAR,OZ,아시아나항공,국제,일본,일본,SDJ,도착,정기,여객,20 ,2838 ,22 ,261 ,4 ,0 ,0 ,41431 
2026년,01월,AAR,OZ,아시아나항공,국제,일본,일본,SDJ,출발,정기,여객,20 ,2965 ,8 ,296 ,55 ,0 ,0 ,44541 
2026년,01월,AAR,OZ,아시아나항공,국제,일본,일본,UBJ,도착,부정기,여객,5 ,781 ,0 ,0 ,0 ,0 ,0 ,7108 
2026년,01월,AAR,OZ,아시아나항공,국제,일본,일본,UBJ,출발,부정기,여객,5 ,907 ,0 ,0 ,0 ,0 ,0 ,6142 
2026년,01월,AAR,OZ,아시아나항공,국제,중국,중국,CAN,도착,정기,여객,62 ,11434 ,10 ,2155 ,174968 ,79466 ,13610 ,240697 
2026년,01월,AAR,OZ,아시아나항공,국제,중국,중국,CAN,출발,정기,여객,62 ,11843 ,18 ,2181 ,63244 ,22480 ,0 ,234284 
2026년,01월,AAR,OZ,아시아나항공,국제,중국,중국,CGQ,도착,정기,여객,18 ,2315 ,10 ,608 ,0 ,5400 ,518 ,45742 
2026년,01월,AAR,OZ,아시아나항공,국제,중국,중국,CGQ,출발,정기,여객,18 ,2668 ,10 ,267 ,391 ,0 ,0 ,43595 
2026년,01월,AAR,OZ,아시아나항공,국제,중국,중국,CSX,도착,정기,여객,18 ,2354 ,1 ,214 ,75 ,0 ,25178 ,33107 
2026년,01월,AAR,OZ,아시아나항공,국제,중국,중국,CSX,출발,정기,여객,18 ,2542 ,2 ,211 ,145 ,49 ,0 ,34392 
2026년,01월,AAR,OZ,아시아나항공,국제,중국,중국,DLC,도착,정기,여객,31 ,7235 ,16 ,697 ,79152 ,12820 ,26907 ,94916 
2026년,01월,AAR,OZ,아시아나항공,국제,중국,중국,DLC,출발,정기,여객,31 ,5617 ,16 ,523 ,79383 ,33613 ,0 ,68629 
2026년,01월,AAR,OZ,아시아나항공,국제,중국,중국,HGH,도착,정기,여객,31 ,6603 ,14 ,908 ,42878 ,102499 ,1075 ,104072 
2026년,01월,AAR,OZ,아시아나항공,국제,중국,중국,HGH,출발,정기,여객,31 ,6761 ,15 ,431 ,5032 ,207 ,0 ,93520 
2026년,01월,AAR,OZ,아시아나항공,국제,중국,중국,HRB,도착,정기,여객,17 ,2465 ,4 ,474 ,0 ,1244 ,0 ,48613 
2026년,01월,AAR,OZ,아시아나항공,국제,중국,중국,HRB,출발,정기,여객,17 ,2731 ,12 ,304 ,679 ,0 ,0 ,48133 
2026년,01월,AAR,OZ,아시아나항공,국제,중국,중국,NKG,도착,정기,여객,31 ,4037 ,7 ,1046 ,2828 ,726 ,0 ,73057 
2026년,01월,AAR,OZ,아시아나항공,국제,중국,중국,NKG,출발,정기,여객,31 ,4784 ,17 ,351 ,848 ,6 ,0 ,72052 
2026년,01월,AAR,OZ,아시아나항공,국제,중국,중국,PEK,도착,정기,여객,77 ,9744 ,10 ,2940 ,10546 ,9982 ,9032 ,195785 
2026년,01월,AAR,OZ,아시아나항공,국제,중국,중국,PEK,출발,정기,여객,77 ,11771 ,14 ,1633 ,8157 ,473 ,1531 ,206886 
2026년,01월,AAR,OZ,아시아나항공,국제,중국,중국,PVG,도착,정기,여객,123 ,22547 ,44 ,4231 ,247428 ,183069 ,0 ,364864 
2026년,01월,AAR,OZ,아시아나항공,국제,중국,중국,PVG,출발,정기,여객,123 ,22800 ,40 ,2604 ,141358 ,165179 ,0 ,320757 
2026년,01월,AAR,OZ,아시아나항공,국제,중국,중국,SZX,도착,정기,여객,31 ,7284 ,15 ,662 ,170055 ,194958 ,12232 ,104567 
2026년,01월,AAR,OZ,아시아나항공,국제,중국,중국,SZX,출발,정기,여객,31 ,8201 ,16 ,480 ,115347 ,8451 ,0 ,106610 
2026년,01월,AAR,OZ,아시아나항공,국제,중국,중국,TSN,도착,정기,여객,31 ,4294 ,3 ,520 ,1492 ,13198 ,0 ,59880 
2026년,01월,AAR,OZ,아시아나항공,국제,중국,중국,TSN,출발,정기,여객,31 ,3579 ,5 ,477 ,847 ,5352 ,0 ,51678 
2026년,01월,AAR,OZ,아시아나항공,국제,중국,중국,XIY,도착,정기,여객,22 ,2530 ,5 ,521 ,0 ,8679 ,0 ,41579 
2026년,01월,AAR,OZ,아시아나항공,국제,중국,중국,XIY,출발,정기,여객,22 ,2361 ,3 ,218 ,1151 ,5535 ,0 ,30159 
2026년,01월,AAR,OZ,아시아나항공,국제,중국,중국,YNJ,도착,정기,여객,22 ,3398 ,17 ,296 ,0 ,0 ,12023 ,62919 
2026년,01월,AAR,OZ,아시아나항공,국제,중국,중국,YNJ,출발,정기,여객,22 ,3111 ,8 ,220 ,282 ,0 ,0 ,45142 
2026년,01월,AAR,OZ,아시아나항공,국제,중국,중국,YNZ,도착,정기,여객,9 ,639 ,2 ,24 ,0 ,0 ,0 ,10039 
2026년,01월,AAR,OZ,아시아나항공,국제,중국,중국,YNZ,출발,정기,여객,9 ,803 ,2 ,8 ,0 ,0 ,0 ,11770 
2026년,01월,AAR,OZ,아시아나항공,국제,동북아,대만,TPE,도착,정기,여객,62 ,19766 ,34 ,749 ,352343 ,53445 ,0 ,266159 
2026년,01월,AAR,OZ,아시아나항공,국제,동북아,대만,TPE,출발,정기,여객,62 ,19835 ,36 ,277 ,240143 ,87924 ,0 ,241057 
2026년,01월,AAR,OZ,아시아나항공,국제,동북아,홍콩,HKG,도착,정기,여객,61 ,11451 ,24 ,945 ,145003 ,145521 ,0 ,160882 
2026년,01월,AAR,OZ,아시아나항공,국제,동북아,홍콩,HKG,출발,정기,여객,61 ,12401 ,34 ,1105 ,65559 ,11908 ,0 ,174813 
2026년,01월,AAR,OZ,아시아나항공,국제,동북아,몽골,UBN,도착,정기,여객,13 ,1449 ,6 ,392 ,512 ,0 ,0 ,38267 
2026년,01월,AAR,OZ,아시아나항공,국제,동북아,몽골,UBN,출발,정기,여객,13 ,1349 ,12 ,845 ,0 ,27 ,0 ,56438 
2026년,01월,AAR,OZ,아시아나항공,국제,동남아,베트남,DAD,도착,정기,여객,31 ,8033 ,26 ,478 ,100360 ,97359 ,0 ,123815 
2026년,01월,AAR,OZ,아시아나항공,국제,동남아,베트남,DAD,출발,정기,여객,31 ,8190 ,22 ,830 ,824 ,12468 ,0 ,119010 
2026년,01월,AAR,OZ,아시아나항공,국제,동남아,베트남,HAN,도착,정기,여객,59 ,15930 ,57 ,775 ,220393 ,113169 ,0 ,270227 
2026년,01월,AAR,OZ,아시아나항공,국제,동남아,베트남,HAN,도착,부정기,여객,2 ,532 ,1 ,45 ,7228 ,6002 ,0 ,10638 
2026년,01월,AAR,OZ,아시아나항공,국제,동남아,베트남,HAN,출발,정기,여객,59 ,16127 ,87 ,1660 ,66367 ,149133 ,0 ,281299 
2026년,01월,AAR,OZ,아시아나항공,국제,동남아,베트남,HAN,출발,부정기,여객,2 ,486 ,2 ,110 ,527 ,5859 ,0 ,10640 
2026년,01월,AAR,OZ,아시아나항공,국제,동남아,베트남,SGN,도착,정기,여객,61 ,7431 ,48 ,2042 ,8626 ,5724 ,0 ,198695 
2026년,01월,AAR,OZ,아시아나항공,국제,동남아,베트남,SGN,출발,정기,여객,61 ,7482 ,77 ,3116 ,211 ,250 ,0 ,251972 
2026년,01월,AAR,OZ,아시아나항공,국제,동남아,싱가포르,SIN,도착,정기,여객,31 ,6515 ,18 ,391 ,181660 ,95011 ,0 ,97478 
2026년,01월,AAR,OZ,아시아나항공,국제,동남아,싱가포르,SIN,출발,정기,여객,31 ,8726 ,16 ,485 ,224901 ,14530 ,0 ,146725 
2026년,01월,AAR,OZ,아시아나항공,국제,동남아,인도네시아,CGK,도착,정기,여객,31 ,6125 ,36 ,745 ,55577 ,37066 ,2338 ,115633 
2026년,01월,AAR,OZ,아시아나항공,국제,동남아,인도네시아,CGK,출발,정기,여객,31 ,7839 ,48 ,929 ,132968 ,30805 ,0 ,196123 
2026년,01월,AAR,OZ,아시아나항공,국제,동남아,캄보디아,KTI,도착,정기,여객,30 ,2832 ,28 ,846 ,10435 ,18230 ,0 ,85180 
2026년,01월,AAR,OZ,아시아나항공,국제,동남아,캄보디아,KTI,출발,정기,여객,31 ,3096 ,49 ,1179 ,124 ,74 ,0 ,101290 
2026년,01월,AAR,OZ,아시아나항공,국제,동남아,태국,BKK,도착,정기,여객,62 ,13443 ,28 ,2771 ,210234 ,16519 ,0 ,306791 
2026년,01월,AAR,OZ,아시아나항공,국제,동남아,태국,BKK,출발,정기,여객,62 ,14611 ,42 ,3038 ,130262 ,9658 ,0 ,338039 
2026년,01월,AAR,OZ,아시아나항공,국제,동남아,태국,HKT,도착,정기,여객,32 ,7576 ,22 ,1166 ,0 ,0 ,0 ,118462 
2026년,01월,AAR,OZ,아시아나항공,국제,동남아,태국,HKT,출발,정기,여객,31 ,7696 ,30 ,671 ,78277 ,269 ,0 ,99658 
2026년,01월,AAR,OZ,아시아나항공,국제,동남아,필리핀,CEB,도착,정기,여객,31 ,3381 ,18 ,1285 ,814 ,0 ,0 ,75732 
2026년,01월,AAR,OZ,아시아나항공,국제,동남아,필리핀,CEB,출발,정기,여객,31 ,4035 ,23 ,1270 ,50 ,456 ,0 ,92721 
2026년,01월,AAR,OZ,아시아나항공,국제,동남아,필리핀,CRK,도착,정기,여객,31 ,3601 ,9 ,1219 ,0 ,0 ,0 ,106115 
2026년,01월,AAR,OZ,아시아나항공,국제,동남아,필리핀,CRK,출발,정기,여객,31 ,4417 ,11 ,1029 ,45 ,0 ,0 ,124771 
2026년,01월,AAR,OZ,아시아나항공,국제,동남아,필리핀,MNL,도착,정기,여객,62 ,7567 ,28 ,7941 ,101965 ,108949 ,0 ,380001 
2026년,01월,AAR,OZ,아시아나항공,국제,동남아,필리핀,MNL,출발,정기,여객,62 ,9576 ,57 ,7726 ,252372 ,86013 ,0 ,465495 
2026년,01월,AAR,OZ,아시아나항공,국제,미주,미국,JFK,도착,정기,여객,30 ,3888 ,14 ,4313 ,6549 ,3023 ,0 ,250100 
2026년,01월,AAR,OZ,아시아나항공,국제,미주,미국,JFK,출발,정기,여객,30 ,4522 ,5 ,4320 ,107887 ,62560 ,0 ,256879 
2026년,01월,AAR,OZ,아시아나항공,국제,미주,미국,LAS,도착,부정기,여객,4 ,585 ,0 ,0 ,0 ,0 ,0 ,11483 
2026년,01월,AAR,OZ,아시아나항공,국제,미주,미국,LAS,출발,부정기,여객,4 ,921 ,3 ,245 ,0 ,0 ,0 ,21092 
2026년,01월,AAR,OZ,아시아나항공,국제,미주,미국,LAX,도착,정기,여객,46 ,8462 ,33 ,11835 ,63692 ,10788 ,0 ,571387 
2026년,01월,AAR,OZ,아시아나항공,국제,미주,미국,LAX,출발,정기,여객,45 ,9381 ,42 ,11972 ,100461 ,54203 ,0 ,565569 
2026년,01월,AAR,OZ,아시아나항공,국제,미주,미국,SEA,도착,정기,여객,21 ,1682 ,6 ,3488 ,3319 ,88166 ,0 ,140360 
2026년,01월,AAR,OZ,아시아나항공,국제,미주,미국,SEA,출발,정기,여객,22 ,1591 ,8 ,3852 ,16176 ,120171 ,0 ,149857 
2026년,01월,AAR,OZ,아시아나항공,국제,미주,미국,SFO,도착,정기,여객,30 ,3449 ,16 ,4124 ,15960 ,1167 ,0 ,204078 
2026년,01월,AAR,OZ,아시아나항공,국제,미주,미국,SFO,출발,정기,여객,31 ,3380 ,21 ,5239 ,178326 ,57781 ,0 ,222654 
2026년,01월,AAR,OZ,아시아나항공,국제,대양주,호주,MEL,도착,부정기,여객,14 ,3871 ,23 ,157 ,49034 ,195 ,0 ,72410 
2026년,01월,AAR,OZ,아시아나항공,국제,대양주,호주,MEL,출발,부정기,여객,13 ,3822 ,21 ,150 ,17543 ,14455 ,0 ,81833 
2026년,01월,AAR,OZ,아시아나항공,국제,대양주,호주,SYD,도착,정기,여객,31 ,11204 ,41 ,1634 ,53252 ,123 ,0 ,215312 
2026년,01월,AAR,OZ,아시아나항공,국제,대양주,호주,SYD,출발,정기,여객,31 ,12986 ,69 ,2134 ,120451 ,5841 ,5392 ,277345 
2026년,01월,AAR,OZ,아시아나항공,국제,대양주,하와이,HNL,도착,정기,여객,22 ,4138 ,12 ,1713 ,0 ,0 ,0 ,125303 
2026년,01월,AAR,OZ,아시아나항공,국제,대양주,하와이,HNL,출발,정기,여객,22 ,4410 ,25 ,1907 ,142559 ,2603 ,0 ,120449 
2026년,01월,AAR,OZ,아시아나항공,국제,유럽,독일,FRA,도착,정기,여객,17 ,3930 ,13 ,119 ,96955 ,73848 ,0 ,80528 
2026년,01월,AAR,OZ,아시아나항공,국제,유럽,독일,FRA,출발,정기,여객,17 ,4597 ,24 ,384 ,48022 ,6243 ,0 ,106353 
2026년,01월,AAR,OZ,아시아나항공,국제,유럽,스페인,BCN,도착,정기,여객,22 ,6086 ,4 ,267 ,148165 ,19092 ,0 ,116698 
2026년,01월,AAR,OZ,아시아나항공,국제,유럽,스페인,BCN,출발,정기,여객,23 ,6563 ,3 ,238 ,54610 ,51040 ,0 ,111076 
2026년,01월,AAR,OZ,아시아나항공,국제,유럽,영국,LHR,도착,정기,여객,31 ,5705 ,24 ,615 ,118091 ,41893 ,0 ,121010 
2026년,01월,AAR,OZ,아시아나항공,국제,유럽,영국,LHR,출발,정기,여객,31 ,7240 ,27 ,1726 ,85902 ,61984 ,0 ,182074 
2026년,01월,AAR,OZ,아시아나항공,국제,유럽,이탈리아,FCO,도착,정기,여객,18 ,4696 ,4 ,282 ,92817 ,1358 ,0 ,90991 
2026년,01월,AAR,OZ,아시아나항공,국제,유럽,이탈리아,FCO,출발,정기,여객,18 ,4651 ,7 ,539 ,21495 ,51732 ,0 ,85745 
2026년,01월,AAR,OZ,아시아나항공,국제,유럽,체코,PRG,도착,정기,여객,13 ,3208 ,1 ,156 ,34082 ,35436 ,0 ,61160 
2026년,01월,AAR,OZ,아시아나항공,국제,유럽,체코,PRG,출발,정기,여객,13 ,3597 ,4 ,235 ,77861 ,9355 ,0 ,66297 
2026년,01월,AAR,OZ,아시아나항공,국제,유럽,프랑스,CDG,도착,정기,여객,22 ,5004 ,8 ,286 ,99304 ,74316 ,0 ,102831 
2026년,01월,AAR,OZ,아시아나항공,국제,유럽,프랑스,CDG,출발,정기,여객,22 ,6058 ,9 ,438 ,73904 ,31808 ,2337 ,122845 
2026년,01월,AAR,OZ,아시아나항공,국제,유럽,튀르키예,IST,도착,정기,여객,13 ,3384 ,3 ,80 ,129206 ,14977 ,0 ,60393 
2026년,01월,AAR,OZ,아시아나항공,국제,유럽,튀르키예,IST,출발,정기,여객,14 ,3751 ,1 ,142 ,69194 ,46061 ,0 ,63442 
2026년,01월,ABL,BX,에어 부산,국제,일본,일본,FUK,도착,정기,여객,62 ,13786 ,47 ,0 ,0 ,0 ,0 ,147633 
2026년,01월,ABL,BX,에어 부산,국제,일본,일본,FUK,출발,정기,여객,62 ,13817 ,76 ,34 ,0 ,0 ,0 ,110137 
2026년,01월,ABL,BX,에어 부산,국제,일본,일본,KIX,도착,정기,여객,93 ,17471 ,31 ,0 ,0 ,0 ,0 ,185610 
2026년,01월,ABL,BX,에어 부산,국제,일본,일본,KIX,출발,정기,여객,93 ,18594 ,36 ,5 ,0 ,0 ,0 ,154645 
2026년,01월,ABL,BX,에어 부산,국제,일본,일본,NRT,도착,정기,여객,62 ,10571 ,3 ,0 ,0 ,0 ,0 ,108178 
2026년,01월,ABL,BX,에어 부산,국제,일본,일본,NRT,출발,정기,여객,62 ,11596 ,7 ,12 ,7608 ,0 ,0 ,114008 
2026년,01월,ABL,BX,에어 부산,국제,동남아,라오스,VTE,도착,정기,여객,18 ,2922 ,1 ,0 ,0 ,0 ,0 ,40616 
2026년,01월,ABL,BX,에어 부산,국제,동남아,라오스,VTE,출발,정기,여객,18 ,2417 ,2 ,6 ,0 ,0 ,0 ,29540 
2026년,01월,ABL,BX,에어 부산,국제,동남아,태국,BKK,도착,정기,여객,31 ,5943 ,5 ,20 ,4677 ,0 ,0 ,80002 
2026년,01월,ABL,BX,에어 부산,국제,동남아,태국,BKK,출발,정기,여객,31 ,6386 ,7 ,25 ,0 ,0 ,0 ,82997 
2026년,01월,ABL,BX,에어 부산,국제,동남아,필리핀,TAG,도착,부정기,여객,25 ,3239 ,13 ,0 ,0 ,0 ,0 ,32451 
2026년,01월,ABL,BX,에어 부산,국제,동남아,필리핀,TAG,출발,부정기,여객,25 ,3113 ,7 ,2 ,0 ,0 ,0 ,28376 
2026년,01월,ACA,AC,캐나다항공,국제,미주,캐나다,YVR,도착,정기,여객,31 ,5140 ,35 ,2964 ,208524 ,0 ,1588 ,189483 
2026년,01월,ACA,AC,캐나다항공,국제,미주,캐나다,YVR,출발,정기,여객,31 ,6556 ,30 ,2383 ,226957 ,0 ,6501 ,257460 
2026년,01월,ACA,AC,캐나다항공,국제,미주,캐나다,YYZ,도착,정기,여객,21 ,3145 ,25 ,2124 ,80305 ,0 ,0 ,131334 
2026년,01월,ACA,AC,캐나다항공,국제,미주,캐나다,YYZ,출발,정기,여객,21 ,3168 ,17 ,2839 ,109940 ,0 ,3478 ,181713 
2026년,01월,AFR,AF,프랑스항공,국제,유럽,프랑스,CDG,도착,정기,여객,27 ,6023 ,18 ,176 ,260418 ,0 ,6273 ,116737 
2026년,01월,AFR,AF,프랑스항공,국제,유럽,프랑스,CDG,출발,정기,여객,27 ,7156 ,30 ,287 ,261464 ,0 ,12480 ,151475 
2026년,01월,AHK,LD,에어홍콩,국제,동북아,홍콩,HKG,도착,정기,화물,26 ,0 ,0 ,0 ,980350 ,62370 ,0 ,0 
2026년,01월,AHK,LD,에어홍콩,국제,동북아,홍콩,HKG,출발,정기,화물,26 ,0 ,0 ,0 ,1130137 ,0 ,0 ,0 
2026년,01월,AIC,AI,인도항공,국제,기타,인도,DEL,도착,정기,여객,22 ,4411 ,15 ,84 ,129216 ,0 ,0 ,101806 
2026년,01월,AIC,AI,인도항공,국제,기타,인도,DEL,출발,정기,여객,22 ,4622 ,23 ,63 ,240653 ,0 ,8127 ,116894 
2026년,01월,AIH,KJ,에어제타,국제,일본,일본,KIX,도착,정기,화물,23 ,0 ,0 ,0 ,226842 ,123874 ,0 ,0 
2026년,01월,AIH,KJ,에어제타,국제,일본,일본,KIX,출발,정기,화물,23 ,0 ,0 ,0 ,116781 ,68374 ,32290 ,0 
2026년,01월,AIH,KJ,에어제타,국제,일본,일본,NRT,도착,정기,화물,14 ,0 ,0 ,0 ,422872 ,139451 ,0 ,0 
2026년,01월,AIH,KJ,에어제타,국제,일본,일본,NRT,도착,부정기,화물,1 ,0 ,0 ,0 ,14408 ,11830 ,0 ,0 
2026년,01월,AIH,KJ,에어제타,국제,일본,일본,NRT,출발,정기,화물,14 ,0 ,0 ,0 ,343546 ,155005 ,47299 ,0 
2026년,01월,AIH,KJ,에어제타,국제,일본,일본,NRT,출발,부정기,화물,1 ,0 ,0 ,0 ,27493 ,769 ,1181 ,0 
2026년,01월,AIH,KJ,에어제타,국제,중국,중국,CAN,도착,정기,화물,0 ,0 ,0 ,0 ,265977 ,1082153 ,225 ,0 
2026년,01월,AIH,KJ,에어제타,국제,중국,중국,CTU,도착,정기,화물,15 ,0 ,0 ,0 ,142023 ,73032 ,0 ,0 
2026년,01월,AIH,KJ,에어제타,국제,중국,중국,CTU,출발,정기,화물,16 ,0 ,0 ,0 ,145284 ,47971 ,0 ,0 
2026년,01월,AIH,KJ,에어제타,국제,중국,중국,PVG,도착,정기,화물,41 ,0 ,0 ,0 ,947053 ,1406414 ,0 ,0 
2026년,01월,AIH,KJ,에어제타,국제,중국,중국,PVG,출발,정기,화물,42 ,0 ,0 ,0 ,1103414 ,432373 ,0 ,0 
2026년,01월,AIH,KJ,에어제타,국제,중국,중국,TAO,도착,정기,화물,25 ,0 ,0 ,0 ,121152 ,336494 ,0 ,0 
2026년,01월,AIH,KJ,에어제타,국제,중국,중국,TAO,출발,정기,화물,25 ,0 ,0 ,0 ,208753 ,40717 ,0 ,0 
2026년,01월,AIH,KJ,에어제타,국제,중국,중국,TSN,도착,정기,화물,23 ,0 ,0 ,0 ,113659 ,246816 ,61737 ,0 
2026년,01월,AIH,KJ,에어제타,국제,중국,중국,TSN,출발,정기,화물,24 ,0 ,0 ,0 ,91098 ,155569 ,0 ,0 
2026년,01월,AIH,KJ,에어제타,국제,중국,중국,YNT,도착,정기,화물,50 ,0 ,0 ,0 ,638914 ,157829 ,5336 ,0 
2026년,01월,AIH,KJ,에어제타,국제,중국,중국,YNT,도착,부정기,화물,27 ,0 ,0 ,0 ,437699 ,0 ,0 ,0 
2026년,01월,AIH,KJ,에어제타,국제,중국,중국,YNT,출발,정기,화물,50 ,0 ,0 ,0 ,286328 ,28481 ,0 ,0 
2026년,01월,AIH,KJ,에어제타,국제,중국,중국,YNT,출발,부정기,화물,27 ,0 ,0 ,0 ,103412 ,20928 ,0 ,0 
2026년,01월,AIH,KJ,에어제타,국제,동북아,홍콩,HKG,도착,정기,화물,46 ,0 ,0 ,0 ,303462 ,3543333 ,0 ,0 
2026년,01월,AIH,KJ,에어제타,국제,동북아,홍콩,HKG,도착,부정기,화물,7 ,0 ,0 ,0 ,58287 ,26460 ,0 ,0 
2026년,01월,AIH,KJ,에어제타,국제,동북아,홍콩,HKG,출발,정기,화물,46 ,0 ,0 ,0 ,738012 ,237596 ,66407 ,0 
2026년,01월,AIH,KJ,에어제타,국제,동북아,홍콩,HKG,출발,부정기,화물,7 ,0 ,0 ,0 ,48641 ,14130 ,0 ,0 
2026년,01월,AIH,KJ,에어제타,국제,동남아,베트남,HAN,도착,정기,화물,82 ,0 ,0 ,0 ,976820 ,349256 ,0 ,0 
2026년,01월,AIH,KJ,에어제타,국제,동남아,베트남,HAN,도착,부정기,화물,2 ,0 ,0 ,0 ,29170 ,110289 ,0 ,0 
2026년,01월,AIH,KJ,에어제타,국제,동남아,베트남,HAN,출발,정기,화물,83 ,0 ,0 ,0 ,2763929 ,233311 ,1482 ,0 
2026년,01월,AIH,KJ,에어제타,국제,동남아,베트남,HAN,출발,부정기,화물,2 ,0 ,0 ,0 ,81586 ,26051 ,0 ,0 
2026년,01월,AIH,KJ,에어제타,국제,동남아,싱가포르,SIN,도착,부정기,화물,10 ,0 ,0 ,0 ,267336 ,124986 ,0 ,0 
2026년,01월,AIH,KJ,에어제타,국제,동남아,싱가포르,SIN,출발,부정기,화물,10 ,0 ,0 ,0 ,379085 ,373093 ,1259 ,0 
2026년,01월,AIH,KJ,에어제타,국제,동남아,태국,BKK,도착,부정기,화물,0 ,0 ,0 ,0 ,297287 ,153725 ,0 ,0 
2026년,01월,AIH,KJ,에어제타,국제,미주,미국,ANC,도착,정기,화물,0 ,0 ,0 ,0 ,232775 ,113204 ,0 ,0 
2026년,01월,AIH,KJ,에어제타,국제,미주,미국,ANC,도착,부정기,화물,0 ,0 ,0 ,0 ,50284 ,16624 ,0 ,0 
2026년,01월,AIH,KJ,에어제타,국제,미주,미국,ANC,출발,정기,화물,0 ,0 ,0 ,0 ,106 ,0 ,0 ,0 
2026년,01월,AIH,KJ,에어제타,국제,미주,미국,ANC,출발,부정기,화물,0 ,0 ,0 ,0 ,0 ,0 ,0 ,0 
2026년,01월,AIH,KJ,에어제타,국제,미주,미국,ATL,도착,정기,화물,12 ,0 ,0 ,0 ,283361 ,228464 ,0 ,0 
2026년,01월,AIH,KJ,에어제타,국제,미주,미국,ATL,출발,정기,화물,13 ,0 ,0 ,0 ,70116 ,72729 ,0 ,0 
2026년,01월,AIH,KJ,에어제타,국제,미주,미국,DFW,출발,정기,화물,0 ,0 ,0 ,0 ,168774 ,292393 ,0 ,0 
2026년,01월,AIH,KJ,에어제타,국제,미주,미국,JFK,출발,정기,화물,0 ,0 ,0 ,0 ,316345 ,891754 ,855 ,0 
2026년,01월,AIH,KJ,에어제타,국제,미주,미국,LAX,도착,정기,화물,4 ,0 ,0 ,0 ,184954 ,12386 ,0 ,0 
2026년,01월,AIH,KJ,에어제타,국제,미주,미국,LAX,도착,부정기,화물,2 ,0 ,0 ,0 ,52551 ,748 ,0 ,0 
2026년,01월,AIH,KJ,에어제타,국제,미주,미국,LAX,출발,정기,화물,4 ,0 ,0 ,0 ,1310513 ,1215989 ,0 ,0 
2026년,01월,AIH,KJ,에어제타,국제,미주,미국,LAX,출발,부정기,화물,2 ,0 ,0 ,0 ,109422 ,78157 ,1752 ,0 
2026년,01월,AIH,KJ,에어제타,국제,미주,미국,ORD,도착,정기,화물,1 ,0 ,0 ,0 ,0 ,0 ,0 ,0 
2026년,01월,AIH,KJ,에어제타,국제,미주,미국,ORD,출발,정기,화물,1 ,0 ,0 ,0 ,851397 ,1505295 ,3372 ,0 
2026년,01월,AIH,KJ,에어제타,국제,미주,미국,SEA,도착,정기,화물,17 ,0 ,0 ,0 ,672100 ,236109 ,0 ,0 
2026년,01월,AIH,KJ,에어제타,국제,미주,미국,SEA,출발,정기,화물,17 ,0 ,0 ,0 ,34 ,6096 ,0 ,0 
2026년,01월,AIH,KJ,에어제타,국제,미주,미국,SFO,도착,정기,화물,27 ,0 ,0 ,0 ,1192209 ,296313 ,0 ,0 
2026년,01월,AIH,KJ,에어제타,국제,미주,미국,SFO,출발,정기,화물,27 ,0 ,0 ,0 ,58514 ,220645 ,0 ,0 
2026년,01월,AIH,KJ,에어제타,국제,유럽,독일,FRA,도착,정기,화물,27 ,0 ,0 ,0 ,1379349 ,103315 ,0 ,0 
2026년,01월,AIH,KJ,에어제타,국제,유럽,독일,FRA,출발,정기,화물,28 ,0 ,0 ,0 ,271348 ,1193586 ,6893 ,0 
2026년,01월,AIH,KJ,에어제타,국제,유럽,벨기에,BRU,도착,정기,화물,13 ,0 ,0 ,0 ,563092 ,165416 ,0 ,0 
2026년,01월,AIH,KJ,에어제타,국제,유럽,벨기에,BRU,출발,정기,화물,13 ,0 ,0 ,0 ,32 ,0 ,0 ,0 
2026년,01월,AIH,KJ,에어제타,국제,유럽,영국,STN,출발,정기,화물,0 ,0 ,0 ,0 ,37311 ,466578 ,803 ,0 
2026년,01월,AIH,KJ,에어제타,국제,유럽,오스트리아,VIE,출발,정기,화물,0 ,0 ,0 ,0 ,373496 ,395114 ,0 ,0 
2026년,01월,AIH,KJ,에어제타,국제,유럽,이탈리아,MXP,도착,정기,화물,9 ,0 ,0 ,0 ,400662 ,110673 ,0 ,0 
2026년,01월,AIH,KJ,에어제타,국제,유럽,이탈리아,MXP,출발,정기,화물,9 ,0 ,0 ,0 ,76402 ,487107 ,0 ,0 
2026년,01월,AIH,KJ,에어제타,국제,유럽,카자흐스탄,ALA,출발,정기,화물,0 ,0 ,0 ,0 ,22902 ,47589 ,0 ,0 
2026년,01월,AJX,NQ,에어재팬,국제,일본,일본,NRT,도착,정기,여객,31 ,7979 ,23 ,0 ,183149 ,0 ,1181 ,68506 
2026년,01월,AJX,NQ,에어재팬,국제,일본,일본,NRT,도착,부정기,여객,3 ,780 ,8 ,0 ,0 ,0 ,0 ,9212 
2026년,01월,AJX,NQ,에어재팬,국제,일본,일본,NRT,출발,정기,여객,31 ,8809 ,44 ,7 ,95718 ,0 ,0 ,92724 
2026년,01월,AJX,NQ,에어재팬,국제,일본,일본,NRT,출발,부정기,여객,3 ,937 ,4 ,0 ,0 ,0 ,0 ,10710 
2026년,01월,ALK,UL,스리랑칸 에어라인즈,국제,기타,스리랑카,CMB,도착,정기,여객,8 ,2037 ,12 ,56 ,37955 ,0 ,298 ,52885 
2026년,01월,ALK,UL,스리랑칸 에어라인즈,국제,기타,스리랑카,CMB,출발,정기,여객,8 ,2274 ,15 ,6 ,73172 ,0 ,7081 ,64109 
2026년,01월,AMU,NX,마카오항공,국제,동북아,마카오,MFM,도착,정기,여객,62 ,9656 ,24 ,6 ,83499 ,0 ,1373 ,127975 
2026년,01월,AMU,NX,마카오항공,국제,동북아,마카오,MFM,출발,정기,여객,62 ,10325 ,24 ,17 ,4988 ,0 ,0 ,117337 
2026년,01월,AMX,AM,아에로멕시코,국제,미주,멕시코,MEX,도착,정기,여객,22 ,2482 ,11 ,375 ,17308 ,0 ,0 ,57152 
2026년,01월,AMX,AM,아에로멕시코,국제,미주,멕시코,MEX,출발,정기,여객,22 ,4730 ,15 ,315 ,124962 ,0 ,0 ,140828 
2026년,01월,AMX,AM,아에로멕시코,국제,미주,멕시코,MTY,도착,정기,여객,0 ,1539 ,6 ,0 ,0 ,0 ,0 ,34498 
2026년,01월,ANA,NH,전일본항공,국제,일본,일본,NRT,도착,정기,화물,27 ,0 ,0 ,0 ,690998 ,2043 ,77852 ,0 
2026년,01월,ANA,NH,전일본항공,국제,일본,일본,NRT,출발,정기,화물,27 ,0 ,0 ,0 ,871674 ,0 ,16907 ,0 
2026년,01월,APG,Z2,필리핀에어아시아,국제,동남아,필리핀,MNL,도착,정기,여객,31 ,4990 ,30 ,0 ,2196 ,0 ,0 ,62379 
2026년,01월,APG,Z2,필리핀에어아시아,국제,동남아,필리핀,MNL,출발,정기,여객,31 ,5070 ,44 ,5 ,8799 ,0 ,0 ,89360 
2026년,01월,APJ,MM,피치 항공,국제,일본,일본,HND,도착,정기,여객,31 ,4891 ,4 ,0 ,0 ,0 ,0 ,41179 
2026년,01월,APJ,MM,피치 항공,국제,일본,일본,HND,출발,정기,여객,31 ,5003 ,8 ,0 ,0 ,0 ,0 ,54791 
2026년,01월,APJ,MM,피치 항공,국제,일본,일본,KIX,도착,정기,여객,127 ,22320 ,37 ,0 ,0 ,0 ,0 ,208144 
2026년,01월,APJ,MM,피치 항공,국제,일본,일본,KIX,출발,정기,여객,127 ,22700 ,36 ,0 ,7909 ,0 ,0 ,195403 
2026년,01월,APZ,YP,에어 프레미아,국제,일본,일본,NRT,도착,정기,여객,29 ,8438 ,35 ,256 ,247002 ,0 ,0 ,110657 
2026년,01월,APZ,YP,에어 프레미아,국제,일본,일본,NRT,출발,정기,여객,29 ,9440 ,20 ,29 ,211980 ,7919 ,29458 ,97270 
2026년,01월,APZ,YP,에어 프레미아,국제,동북아,홍콩,HKG,도착,정기,여객,21 ,6127 ,17 ,455 ,208565 ,0 ,0 ,80660 
2026년,01월,APZ,YP,에어 프레미아,국제,동북아,홍콩,HKG,출발,정기,여객,21 ,6692 ,18 ,18 ,20947 ,19724 ,0 ,88391 
2026년,01월,APZ,YP,에어 프레미아,국제,동남아,베트남,DAD,도착,정기,여객,25 ,7589 ,34 ,19 ,290459 ,0 ,1497 ,96832 
2026년,01월,APZ,YP,에어 프레미아,국제,동남아,베트남,DAD,출발,정기,여객,25 ,8155 ,37 ,15 ,3478 ,1282 ,0 ,84646 
2026년,01월,APZ,YP,에어 프레미아,국제,동남아,태국,BKK,도착,정기,여객,26 ,7211 ,40 ,153 ,209434 ,0 ,0 ,114498 
2026년,01월,APZ,YP,에어 프레미아,국제,동남아,태국,BKK,출발,정기,여객,26 ,8209 ,40 ,74 ,304302 ,43273 ,133 ,135750 
2026년,01월,APZ,YP,에어 프레미아,국제,미주,미국,EWR,도착,정기,여객,30 ,4740 ,38 ,95 ,58118 ,0 ,0 ,112693 
2026년,01월,APZ,YP,에어 프레미아,국제,미주,미국,EWR,출발,정기,여객,30 ,7464 ,38 ,580 ,218578 ,52938 ,1096 ,220318 
2026년,01월,APZ,YP,에어 프레미아,국제,미주,미국,LAS,도착,부정기,여객,1 ,223 ,0 ,0 ,0 ,0 ,0 ,3999 
2026년,01월,APZ,YP,에어 프레미아,국제,미주,미국,LAS,출발,부정기,여객,1 ,225 ,0 ,0 ,0 ,0 ,0 ,3394 
2026년,01월,APZ,YP,에어 프레미아,국제,미주,미국,LAX,도착,정기,여객,47 ,8122 ,47 ,34 ,445241 ,0 ,0 ,180385 
2026년,01월,APZ,YP,에어 프레미아,국제,미주,미국,LAX,출발,정기,여객,47 ,11284 ,43 ,599 ,573338 ,65416 ,6078 ,285826 
2026년,01월,APZ,YP,에어 프레미아,국제,미주,미국,SFO,도착,정기,여객,21 ,3570 ,20 ,5 ,116640 ,0 ,0 ,74960 
2026년,01월,APZ,YP,에어 프레미아,국제,미주,미국,SFO,출발,정기,여객,21 ,5502 ,33 ,283 ,215630 ,6575 ,0 ,133310 
2026년,01월,APZ,YP,에어 프레미아,국제,대양주,하와이,HNL,도착,정기,여객,30 ,5816 ,19 ,93 ,0 ,0 ,0 ,107327 
2026년,01월,APZ,YP,에어 프레미아,국제,대양주,하와이,HNL,출발,정기,여객,30 ,6795 ,23 ,332 ,49169 ,81982 ,0 ,120678 
2026년,01월,APZ,YP,에어 프레미아,국제,중동,레바논,BEY,도착,부정기,여객,2 ,300 ,0 ,0 ,0 ,0 ,0 ,16109 
2026년,01월,APZ,YP,에어 프레미아,국제,중동,레바논,BEY,출발,부정기,여객,2 ,196 ,0 ,0 ,0 ,0 ,0 ,25511 
2026년,01월,APZ,YP,에어 프레미아,국제,기타,방글라데시,DAC,도착,부정기,여객,1 ,139 ,14 ,0 ,0 ,0 ,0 ,6256 
2026년,01월,APZ,YP,에어 프레미아,국제,기타,방글라데시,DAC,출발,부정기,여객,1 ,180 ,10 ,0 ,0 ,0 ,0 ,12646 
2026년,01월,ASA,AS,알래스카 항공,국제,미주,미국,SEA,도착,정기,여객,23 ,2866 ,12 ,542 ,66046 ,0 ,1271 ,93518 
2026년,01월,ASA,AS,알래스카 항공,국제,미주,미국,SEA,출발,정기,여객,23 ,3115 ,6 ,2557 ,137648 ,0 ,0 ,172063 
2026년,01월,ASV,RS,에어서울,국제,일본,일본,FUK,도착,정기,여객,62 ,11763 ,72 ,6 ,0 ,0 ,0 ,116837 
2026년,01월,ASV,RS,에어서울,국제,일본,일본,FUK,출발,정기,여객,62 ,12603 ,75 ,3 ,0 ,0 ,0 ,94880 
2026년,01월,ASV,RS,에어서울,국제,일본,일본,KIX,도착,정기,여객,67 ,12990 ,27 ,3 ,8007 ,0 ,0 ,129585 
2026년,01월,ASV,RS,에어서울,국제,일본,일본,KIX,출발,정기,여객,67 ,13383 ,29 ,11 ,3243 ,0 ,0 ,113506 
2026년,01월,ASV,RS,에어서울,국제,일본,일본,NRT,도착,정기,여객,114 ,21924 ,48 ,10 ,52061 ,0 ,1188 ,218733 
2026년,01월,ASV,RS,에어서울,국제,일본,일본,NRT,출발,정기,여객,114 ,22398 ,54 ,22 ,3656 ,0 ,0 ,204314 
2026년,01월,ASV,RS,에어서울,국제,일본,일본,TAK,도착,정기,여객,31 ,5426 ,17 ,0 ,0 ,0 ,0 ,52814 
2026년,01월,ASV,RS,에어서울,국제,일본,일본,TAK,출발,정기,여객,31 ,6046 ,16 ,0 ,0 ,0 ,0 ,48389 
2026년,01월,ASV,RS,에어서울,국제,일본,일본,YGJ,도착,정기,여객,31 ,5905 ,22 ,0 ,0 ,0 ,0 ,53224 
2026년,01월,ASV,RS,에어서울,국제,일본,일본,YGJ,출발,정기,여객,31 ,6227 ,24 ,0 ,0 ,0 ,0 ,43774 
2026년,01월,ASV,RS,에어서울,국제,중국,중국,DYG,도착,정기,여객,9 ,1668 ,0 ,0 ,0 ,0 ,0 ,20482 
2026년,01월,ASV,RS,에어서울,국제,중국,중국,DYG,출발,정기,여객,9 ,1671 ,0 ,0 ,0 ,0 ,0 ,16665 
2026년,01월,ASV,RS,에어서울,국제,동남아,베트남,CXR,도착,정기,여객,31 ,6250 ,59 ,0 ,0 ,0 ,0 ,74542 
2026년,01월,ASV,RS,에어서울,국제,동남아,베트남,CXR,출발,정기,여객,31 ,6147 ,63 ,2 ,0 ,0 ,0 ,56996 
2026년,01월,ASV,RS,에어서울,국제,동남아,베트남,DAD,도착,정기,여객,31 ,5696 ,14 ,7 ,64378 ,0 ,0 ,61156 
2026년,01월,ASV,RS,에어서울,국제,동남아,베트남,DAD,출발,정기,여객,31 ,6069 ,21 ,15 ,0 ,0 ,0 ,49517 
2026년,01월,ASV,RS,에어서울,국제,대양주,괌,GUM,도착,정기,여객,31 ,3961 ,30 ,4 ,0 ,0 ,0 ,50715 
2026년,01월,ASV,RS,에어서울,국제,대양주,괌,GUM,출발,정기,여객,31 ,4169 ,29 ,7 ,0 ,0 ,0 ,60539 
2026년,01월,AXM,AK,에어아시아버하드,국제,동남아,말레이시아,BKI,도착,정기,여객,31 ,4259 ,28 ,0 ,0 ,0 ,0 ,36833 
2026년,01월,AXM,AK,에어아시아버하드,국제,동남아,말레이시아,BKI,출발,정기,여객,31 ,4862 ,27 ,17 ,0 ,0 ,0 ,48732 
2026년,01월,AZG,7L,실크웨이웨스트항공,국제,유럽,아제르바이잔,GYD,도착,정기,화물,8 ,0 ,0 ,0 ,630523 ,0 ,0 ,0 
2026년,01월,AZG,7L,실크웨이웨스트항공,국제,유럽,아제르바이잔,GYD,출발,정기,화물,8 ,0 ,0 ,0 ,871907 ,0 ,0 ,0 
2026년,01월,BOX,3S,에어로로직,국제,중국,중국,PVG,출발,정기,화물,0 ,0 ,0 ,0 ,0 ,0 ,0 ,0 
2026년,01월,BOX,3S,에어로로직,국제,동북아,홍콩,HKG,출발,정기,화물,0 ,0 ,0 ,0 ,215035 ,0 ,0 ,0 
2026년,01월,BOX,3S,에어로로직,국제,유럽,독일,LEJ,도착,정기,화물,33 ,0 ,0 ,0 ,1820482 ,0 ,0 ,0 
2026년,01월,BOX,3S,에어로로직,국제,유럽,독일,LEJ,출발,정기,화물,33 ,0 ,0 ,0 ,0 ,0 ,0 ,0 
2026년,01월,CAL,CI,중화항공,국제,동북아,대만,KHH,도착,정기,여객,31 ,8402 ,44 ,44 ,48859 ,0 ,0 ,111035 
2026년,01월,CAL,CI,중화항공,국제,동북아,대만,KHH,출발,정기,여객,31 ,8247 ,50 ,13 ,103590 ,0 ,0 ,157684 
2026년,01월,CAL,CI,중화항공,국제,동북아,대만,TPE,도착,정기,여객,62 ,16549 ,57 ,163 ,347649 ,0 ,11659 ,222855 
2026년,01월,CAL,CI,중화항공,국제,동북아,대만,TPE,출발,정기,여객,62 ,16665 ,60 ,124 ,500293 ,0 ,17991 ,304385 
2026년,01월,CBJ,JD,북경수도항공,국제,중국,중국,SYX,도착,정기,여객,7 ,590 ,1 ,0 ,6158 ,0 ,0 ,8716 
2026년,01월,CBJ,JD,북경수도항공,국제,중국,중국,SYX,출발,정기,여객,7 ,526 ,0 ,0 ,0 ,0 ,0 ,7637 
2026년,01월,CCA,CA,중국국제항공,국제,중국,중국,CKG,도착,정기,여객,22 ,3238 ,5 ,67 ,17437 ,0 ,0 ,42088 
2026년,01월,CCA,CA,중국국제항공,국제,중국,중국,CKG,도착,부정기,여객,3 ,484 ,1 ,0 ,29 ,0 ,0 ,5688 
2026년,01월,CCA,CA,중국국제항공,국제,중국,중국,CKG,출발,정기,여객,22 ,3508 ,9 ,18 ,21536 ,0 ,0 ,48014 
2026년,01월,CCA,CA,중국국제항공,국제,중국,중국,CKG,출발,부정기,여객,3 ,477 ,0 ,1 ,3494 ,0 ,0 ,6681 
2026년,01월,CCA,CA,중국국제항공,국제,중국,중국,HGH,도착,정기,여객,31 ,7000 ,9 ,76 ,185925 ,0 ,0 ,95827 
2026년,01월,CCA,CA,중국국제항공,국제,중국,중국,HGH,출발,정기,여객,31 ,6972 ,16 ,11 ,13213 ,0 ,0 ,102479 
2026년,01월,CCA,CA,중국국제항공,국제,중국,중국,PEK,도착,정기,여객,106 ,18305 ,37 ,1822 ,294290 ,0 ,1181 ,299268 
2026년,01월,CCA,CA,중국국제항공,국제,중국,중국,PEK,출발,정기,여객,106 ,20016 ,61 ,210 ,84720 ,0 ,5655 ,340689 
2026년,01월,CCA,CA,중국국제항공,국제,중국,중국,PKX,도착,정기,여객,31 ,3483 ,6 ,958 ,5524 ,0 ,0 ,54988 
2026년,01월,CCA,CA,중국국제항공,국제,중국,중국,PKX,출발,정기,여객,31 ,4307 ,6 ,25 ,0 ,0 ,0 ,67662 
2026년,01월,CCA,CA,중국국제항공,국제,중국,중국,TFU,도착,정기,여객,31 ,4857 ,10 ,107 ,12800 ,0 ,859 ,63183 
2026년,01월,CCA,CA,중국국제항공,국제,중국,중국,TFU,도착,부정기,여객,1 ,143 ,0 ,3 ,0 ,0 ,0 ,1740 
2026년,01월,CCA,CA,중국국제항공,국제,중국,중국,TFU,출발,정기,여객,31 ,5026 ,22 ,24 ,29237 ,0 ,0 ,73996 
2026년,01월,CCA,CA,중국국제항공,국제,중국,중국,TFU,출발,부정기,여객,1 ,127 ,0 ,2 ,0 ,0 ,0 ,2447 
2026년,01월,CCA,CA,중국국제항공,국제,중국,중국,TSN,도착,정기,여객,31 ,3640 ,2 ,458 ,9177 ,0 ,0 ,44260 
2026년,01월,CCA,CA,중국국제항공,국제,중국,중국,TSN,도착,부정기,여객,4 ,434 ,3 ,93 ,0 ,0 ,0 ,5496 
2026년,01월,CCA,CA,중국국제항공,국제,중국,중국,TSN,출발,정기,여객,31 ,4416 ,2 ,35 ,3072 ,0 ,0 ,63414 
2026년,01월,CCA,CA,중국국제항공,국제,중국,중국,TSN,출발,부정기,여객,4 ,565 ,0 ,6 ,0 ,0 ,0 ,7493 
2026년,01월,CCA,CA,중국국제항공,국제,중국,중국,WNZ,도착,정기,여객,13 ,1855 ,4 ,0 ,4246 ,0 ,0 ,21901 
2026년,01월,CCA,CA,중국국제항공,국제,중국,중국,WNZ,출발,정기,여객,13 ,1911 ,1 ,11 ,110 ,0 ,0 ,28231 
2026년,01월,CCA,CA,중국국제항공,국제,중국,중국,YNJ,도착,정기,여객,31 ,4506 ,9 ,16 ,0 ,0 ,1467 ,70285 
2026년,01월,CCA,CA,중국국제항공,국제,중국,중국,YNJ,출발,정기,여객,31 ,4091 ,15 ,41 ,0 ,0 ,6984 ,53174 
2026년,01월,CDG,SC,산동항공,국제,중국,중국,SYX,도착,정기,여객,30 ,967 ,2 ,0 ,0 ,0 ,0 ,12346 
2026년,01월,CDG,SC,산동항공,국제,중국,중국,SYX,출발,정기,여객,31 ,1024 ,4 ,8 ,0 ,0 ,0 ,11866 
2026년,01월,CDG,SC,산동항공,국제,중국,중국,TAO,도착,정기,여객,181 ,26575 ,31 ,476 ,243245 ,0 ,9024 ,367790 
2026년,01월,CDG,SC,산동항공,국제,중국,중국,TAO,출발,정기,여객,181 ,27724 ,19 ,285 ,4552 ,0 ,0 ,362995 
2026년,01월,CDG,SC,산동항공,국제,중국,중국,TNA,도착,정기,여객,62 ,12592 ,10 ,280 ,141627 ,0 ,0 ,148821 
2026년,01월,CDG,SC,산동항공,국제,중국,중국,TNA,출발,정기,여객,62 ,13294 ,9 ,95 ,9239 ,0 ,0 ,189230 
2026년,01월,CDG,SC,산동항공,국제,중국,중국,YNT,도착,정기,여객,18 ,2326 ,4 ,37 ,20942 ,0 ,0 ,32001 
2026년,01월,CDG,SC,산동항공,국제,중국,중국,YNT,출발,정기,여객,18 ,2684 ,0 ,50 ,382 ,0 ,0 ,34940 
2026년,01월,CEB,5J,세부퍼시픽항공,국제,동남아,필리핀,CEB,도착,정기,여객,31 ,6189 ,25 ,13 ,2383 ,0 ,0 ,72239 
2026년,01월,CEB,5J,세부퍼시픽항공,국제,동남아,필리핀,CEB,출발,정기,여객,31 ,6467 ,26 ,2 ,51 ,0 ,0 ,88207 
2026년,01월,CEB,5J,세부퍼시픽항공,국제,동남아,필리핀,MNL,도착,정기,여객,62 ,18598 ,73 ,10 ,96546 ,0 ,0 ,254086 
2026년,01월,CEB,5J,세부퍼시픽항공,국제,동남아,필리핀,MNL,출발,정기,여객,62 ,19826 ,66 ,12 ,285273 ,0 ,0 ,338925 
2026년,01월,CES,MU,중국동방항공,국제,중국,중국,HGH,도착,정기,여객,31 ,5231 ,6 ,21 ,29912 ,0 ,0 ,57223 
2026년,01월,CES,MU,중국동방항공,국제,중국,중국,HGH,출발,정기,여객,31 ,5055 ,7 ,18 ,10203 ,0 ,0 ,75581 
2026년,01월,CES,MU,중국동방항공,국제,중국,중국,KMG,도착,정기,여객,17 ,2234 ,3 ,0 ,16346 ,0 ,0 ,31876 
2026년,01월,CES,MU,중국동방항공,국제,중국,중국,KMG,출발,정기,여객,18 ,2694 ,8 ,20 ,0 ,0 ,0 ,48819 
2026년,01월,CES,MU,중국동방항공,국제,중국,중국,NKG,도착,정기,여객,62 ,9564 ,6 ,178 ,58372 ,0 ,0 ,112079 
2026년,01월,CES,MU,중국동방항공,국제,중국,중국,NKG,출발,정기,여객,62 ,9564 ,6 ,128 ,3594 ,0 ,0 ,148758 
2026년,01월,CES,MU,중국동방항공,국제,중국,중국,PKX,도착,정기,여객,31 ,5193 ,5 ,77 ,7015 ,0 ,0 ,136342 
2026년,01월,CES,MU,중국동방항공,국제,중국,중국,PKX,출발,정기,여객,31 ,5068 ,6 ,21 ,9 ,0 ,0 ,123981 
2026년,01월,CES,MU,중국동방항공,국제,중국,중국,PVG,도착,정기,여객,137 ,30537 ,34 ,206 ,514737 ,0 ,0 ,474305 
2026년,01월,CES,MU,중국동방항공,국제,중국,중국,PVG,출발,정기,여객,137 ,31533 ,35 ,139 ,470542 ,0 ,3833 ,472682 
2026년,01월,CES,MU,중국동방항공,국제,중국,중국,TAO,도착,정기,여객,123 ,20673 ,28 ,226 ,218028 ,0 ,0 ,269816 
2026년,01월,CES,MU,중국동방항공,국제,중국,중국,TAO,출발,정기,여객,123 ,21460 ,33 ,188 ,3480 ,0 ,0 ,271428 
2026년,01월,CES,MU,중국동방항공,국제,중국,중국,WEH,도착,정기,여객,31 ,4292 ,12 ,184 ,29492 ,0 ,0 ,89515 
2026년,01월,CES,MU,중국동방항공,국제,중국,중국,WEH,출발,정기,여객,31 ,4603 ,18 ,136 ,14289 ,0 ,0 ,66541 
2026년,01월,CES,MU,중국동방항공,국제,중국,중국,WUX,도착,정기,여객,31 ,4693 ,12 ,12 ,44941 ,0 ,0 ,53279 
2026년,01월,CES,MU,중국동방항공,국제,중국,중국,WUX,출발,정기,여객,31 ,4916 ,13 ,13 ,627 ,0 ,0 ,63097 
2026년,01월,CES,MU,중국동방항공,국제,중국,중국,XIY,도착,정기,여객,31 ,747 ,1 ,12 ,29473 ,0 ,0 ,8175 
2026년,01월,CES,MU,중국동방항공,국제,중국,중국,XIY,출발,정기,여객,31 ,1657 ,2 ,8 ,11915 ,0 ,0 ,25992 
2026년,01월,CES,MU,중국동방항공,국제,중국,중국,YNT,도착,정기,여객,93 ,12169 ,10 ,398 ,150743 ,0 ,0 ,160921 
2026년,01월,CES,MU,중국동방항공,국제,중국,중국,YNT,출발,정기,여객,93 ,13490 ,18 ,121 ,115915 ,0 ,0 ,162740 
2026년,01월,CHH,HU,중국해남항공,국제,중국,중국,HAK,도착,정기,여객,18 ,2688 ,2 ,0 ,4713 ,0 ,0 ,55199 
2026년,01월,CHH,HU,중국해남항공,국제,중국,중국,HAK,출발,정기,여객,18 ,2622 ,3 ,1 ,89 ,0 ,0 ,57725 
2026년,01월,CKK,CK,중국화물항공,국제,중국,중국,PVG,도착,정기,화물,10 ,0 ,0 ,0 ,790302 ,41976 ,0 ,0 
2026년,01월,CKK,CK,중국화물항공,국제,중국,중국,PVG,출발,정기,화물,10 ,0 ,0 ,0 ,514222 ,0 ,0 ,0 
2026년,01월,CKS,K4,칼리타항공,국제,일본,일본,NGO,출발,정기,화물,0 ,0 ,0 ,0 ,1172176 ,0 ,0 ,0 
2026년,01월,CKS,K4,칼리타항공,국제,일본,일본,NRT,도착,정기,화물,0 ,0 ,0 ,0 ,236126 ,0 ,0 ,0 
2026년,01월,CKS,K4,칼리타항공,국제,중국,중국,CGO,도착,정기,화물,0 ,0 ,0 ,0 ,0 ,0 ,0 ,0 
2026년,01월,CKS,K4,칼리타항공,국제,중국,중국,PVG,출발,정기,화물,6 ,0 ,0 ,0 ,12450 ,0 ,0 ,0 
2026년,01월,CKS,K4,칼리타항공,국제,동북아,홍콩,HKG,출발,정기,화물,2 ,0 ,0 ,0 ,796211 ,0 ,0 ,0 
2026년,01월,CKS,K4,칼리타항공,국제,동북아,홍콩,HKG,출발,부정기,화물,2 ,0 ,0 ,0 ,35215 ,0 ,0 ,0 
2026년,01월,CKS,K4,칼리타항공,국제,동남아,베트남,HAN,도착,정기,화물,9 ,0 ,0 ,0 ,4404 ,0 ,0 ,0 
2026년,01월,CKS,K4,칼리타항공,국제,동남아,베트남,HAN,도착,부정기,화물,1 ,0 ,0 ,0 ,0 ,0 ,0 ,0 
2026년,01월,CKS,K4,칼리타항공,국제,동남아,베트남,HAN,출발,정기,화물,9 ,0 ,0 ,0 ,0 ,0 ,0 ,0 
2026년,01월,CKS,K4,칼리타항공,국제,동남아,베트남,HAN,출발,부정기,화물,2 ,0 ,0 ,0 ,0 ,0 ,0 ,0 
2026년,01월,CKS,K4,칼리타항공,국제,미주,미국,ANC,도착,정기,화물,0 ,0 ,0 ,0 ,0 ,0 ,0 ,0 
2026년,01월,CKS,K4,칼리타항공,국제,미주,미국,ANC,도착,부정기,화물,0 ,0 ,0 ,0 ,0 ,0 ,0 ,0 
2026년,01월,CKS,K4,칼리타항공,국제,미주,미국,ANC,출발,정기,화물,24 ,0 ,0 ,0 ,54940 ,0 ,0 ,0 
2026년,01월,CKS,K4,칼리타항공,국제,미주,미국,ANC,출발,부정기,화물,3 ,0 ,0 ,0 ,173718 ,0 ,0 ,0 
2026년,01월,CKS,K4,칼리타항공,국제,미주,미국,CVG,도착,정기,화물,34 ,0 ,0 ,0 ,470974 ,0 ,0 ,0 
2026년,01월,CKS,K4,칼리타항공,국제,미주,미국,CVG,도착,부정기,화물,2 ,0 ,0 ,0 ,38244 ,0 ,0 ,0 
2026년,01월,CKS,K4,칼리타항공,국제,미주,미국,CVG,출발,정기,화물,50 ,0 ,0 ,0 ,0 ,0 ,0 ,0 
2026년,01월,CKS,K4,칼리타항공,국제,미주,미국,LAX,도착,정기,화물,28 ,0 ,0 ,0 ,240665 ,0 ,0 ,0 
2026년,01월,CKS,K4,칼리타항공,국제,미주,미국,LAX,도착,부정기,화물,1 ,0 ,0 ,0 ,0 ,0 ,0 ,0 
2026년,01월,CKS,K4,칼리타항공,국제,미주,미국,LAX,출발,정기,화물,1 ,0 ,0 ,0 ,0 ,0 ,0 ,0 
2026년,01월,CKS,K4,칼리타항공,국제,미주,미국,ORD,도착,정기,화물,34 ,0 ,0 ,0 ,232680 ,0 ,0 ,0 
2026년,01월,CKS,K4,칼리타항공,국제,미주,미국,ORD,도착,부정기,화물,1 ,0 ,0 ,0 ,0 ,0 ,0 ,0 
2026년,01월,CKS,K4,칼리타항공,국제,미주,미국,ORD,출발,정기,화물,13 ,0 ,0 ,0 ,0 ,0 ,0 ,0 
2026년,01월,CKS,K4,칼리타항공,국제,미주,미국,OSC,도착,부정기,화물,1 ,0 ,0 ,0 ,0 ,0 ,0 ,0 
2026년,01월,CLX,CV,카고룩스항공,국제,동북아,홍콩,HKG,출발,정기,화물,0 ,0 ,0 ,0 ,35870 ,0 ,0 ,0 
2026년,01월,CLX,CV,카고룩스항공,국제,동남아,태국,BKK,도착,정기,화물,0 ,0 ,0 ,0 ,0 ,0 ,0 ,0 
2026년,01월,CLX,CV,카고룩스항공,국제,유럽,룩셈부르크,LUX,도착,정기,화물,14 ,0 ,0 ,0 ,612389 ,0 ,0 ,0 
2026년,01월,CLX,CV,카고룩스항공,국제,유럽,룩셈부르크,LUX,출발,정기,화물,14 ,0 ,0 ,0 ,1022171 ,0 ,0 ,0 
2026년,01월,CLX,CV,카고룩스항공,국제,유럽,아제르바이잔,GYD,출발,정기,화물,0 ,0 ,0 ,0 ,109000 ,0 ,0 ,0 
2026년,01월,CPA,CX,캐세이퍼시픽항공,국제,일본,일본,KIX,도착,정기,화물,0 ,0 ,0 ,0 ,0 ,0 ,0 ,0 
2026년,01월,CPA,CX,캐세이퍼시픽항공,국제,동북아,홍콩,HKG,도착,정기,화물,12 ,0 ,0 ,0 ,333417 ,6361 ,0 ,0 
2026년,01월,CPA,CX,캐세이퍼시픽항공,국제,동북아,홍콩,HKG,도착,정기,여객,124 ,30811 ,63 ,430 ,585018 ,0 ,59606 ,456380 
2026년,01월,CPA,CX,캐세이퍼시픽항공,국제,동북아,홍콩,HKG,출발,정기,화물,11 ,0 ,0 ,0 ,279334 ,0 ,0 ,0 
2026년,01월,CPA,CX,캐세이퍼시픽항공,국제,동북아,홍콩,HKG,출발,정기,여객,124 ,32543 ,89 ,323 ,265543 ,0 ,8751 ,602015 
2026년,01월,CQH,9C,춘추항공,국제,중국,중국,PVG,도착,정기,여객,18 ,3102 ,5 ,0 ,4622 ,0 ,2202 ,32226 
2026년,01월,CQH,9C,춘추항공,국제,중국,중국,PVG,출발,정기,여객,18 ,3061 ,2 ,6 ,309 ,0 ,3342 ,36222 
2026년,01월,CQH,9C,춘추항공,국제,중국,중국,SJW,도착,정기,여객,9 ,1500 ,2 ,0 ,0 ,0 ,0 ,13622 
2026년,01월,CQH,9C,춘추항공,국제,중국,중국,SJW,출발,정기,여객,9 ,1455 ,5 ,0 ,0 ,0 ,0 ,17478 
2026년,01월,CQH,9C,춘추항공,국제,중국,중국,YTY,도착,정기,여객,8 ,1379 ,1 ,0 ,0 ,0 ,0 ,13673 
2026년,01월,CQH,9C,춘추항공,국제,중국,중국,YTY,출발,정기,여객,8 ,1293 ,1 ,1 ,0 ,0 ,0 ,16919 
2026년,01월,CRK,HX,홍콩항공,국제,동북아,홍콩,HKG,도착,정기,여객,57 ,8780 ,9 ,33 ,23458 ,732 ,0 ,112169 
2026년,01월,CRK,HX,홍콩항공,국제,동북아,홍콩,HKG,출발,정기,여객,57 ,10393 ,7 ,18 ,28227 ,0 ,0 ,141597 
2026년,01월,CSC,3U,사천항공,국제,중국,중국,TFU,도착,정기,여객,14 ,2389 ,5 ,0 ,7184 ,0 ,0 ,32153 
2026년,01월,CSC,3U,사천항공,국제,중국,중국,TFU,출발,정기,여객,14 ,2407 ,9 ,7 ,10506 ,0 ,0 ,35955 
2026년,01월,CSH,FM,상하이 항공,국제,중국,중국,PVG,도착,정기,여객,31 ,5805 ,4 ,62 ,69732 ,0 ,0 ,85524 
2026년,01월,CSH,FM,상하이 항공,국제,중국,중국,PVG,출발,정기,여객,31 ,5792 ,4 ,65 ,27167 ,0 ,0 ,109835 
2026년,01월,CSN,CZ,중국남방항공,국제,중국,중국,CAN,도착,정기,여객,93 ,16284 ,39 ,96 ,127878 ,0 ,10041 ,271546 
2026년,01월,CSN,CZ,중국남방항공,국제,중국,중국,CAN,출발,정기,여객,93 ,17187 ,54 ,58 ,46328 ,0 ,6623 ,327375 
2026년,01월,CSN,CZ,중국남방항공,국제,중국,중국,CGO,도착,정기,여객,17 ,2192 ,2 ,0 ,11118 ,0 ,0 ,23349 
2026년,01월,CSN,CZ,중국남방항공,국제,중국,중국,CGO,출발,정기,여객,17 ,2327 ,3 ,10 ,3 ,0 ,0 ,35737 
2026년,01월,CSN,CZ,중국남방항공,국제,중국,중국,CGQ,도착,정기,여객,31 ,3906 ,8 ,16 ,27 ,0 ,2519 ,53898 
2026년,01월,CSN,CZ,중국남방항공,국제,중국,중국,CGQ,출발,정기,여객,31 ,4665 ,13 ,23 ,0 ,0 ,5596 ,65836 
2026년,01월,CSN,CZ,중국남방항공,국제,중국,중국,CSX,도착,정기,여객,8 ,846 ,0 ,0 ,13780 ,0 ,0 ,9017 
2026년,01월,CSN,CZ,중국남방항공,국제,중국,중국,CSX,출발,정기,여객,8 ,953 ,2 ,1 ,24 ,0 ,0 ,13991 
2026년,01월,CSN,CZ,중국남방항공,국제,중국,중국,DLC,도착,정기,여객,93 ,15498 ,28 ,36 ,95016 ,0 ,1254 ,206302 
2026년,01월,CSN,CZ,중국남방항공,국제,중국,중국,DLC,출발,정기,여객,93 ,15497 ,34 ,147 ,48240 ,0 ,7426 ,171598 
2026년,01월,CSN,CZ,중국남방항공,국제,중국,중국,HRB,도착,정기,여객,31 ,4034 ,12 ,31 ,1890 ,0 ,283 ,59052 
2026년,01월,CSN,CZ,중국남방항공,국제,중국,중국,HRB,출발,정기,여객,31 ,4180 ,12 ,67 ,0 ,0 ,4889 ,61635 
2026년,01월,CSN,CZ,중국남방항공,국제,중국,중국,PKX,도착,정기,여객,31 ,5304 ,7 ,2 ,6232 ,0 ,0 ,118750 
2026년,01월,CSN,CZ,중국남방항공,국제,중국,중국,PKX,출발,정기,여객,31 ,5183 ,6 ,45 ,13408 ,0 ,0 ,115346 
2026년,01월,CSN,CZ,중국남방항공,국제,중국,중국,PVG,도착,정기,여객,62 ,10656 ,8 ,24 ,137306 ,0 ,0 ,124119 
2026년,01월,CSN,CZ,중국남방항공,국제,중국,중국,PVG,출발,정기,여객,62 ,10776 ,6 ,77 ,4527 ,0 ,5969 ,126938 
2026년,01월,CSN,CZ,중국남방항공,국제,중국,중국,SHE,도착,정기,여객,56 ,7810 ,22 ,74 ,15693 ,0 ,3689 ,96153 
2026년,01월,CSN,CZ,중국남방항공,국제,중국,중국,SHE,도착,부정기,여객,21 ,2886 ,6 ,7 ,3864 ,0 ,992 ,37618 
2026년,01월,CSN,CZ,중국남방항공,국제,중국,중국,SHE,출발,정기,여객,56 ,8597 ,23 ,85 ,3552 ,0 ,0 ,119494 
2026년,01월,CSN,CZ,중국남방항공,국제,중국,중국,SHE,출발,부정기,여객,21 ,3034 ,8 ,56 ,945 ,0 ,0 ,40998 
2026년,01월,CSN,CZ,중국남방항공,국제,중국,중국,SZX,도착,정기,여객,31 ,4488 ,6 ,11 ,44063 ,0 ,0 ,50134 
2026년,01월,CSN,CZ,중국남방항공,국제,중국,중국,SZX,출발,정기,여객,31 ,4850 ,9 ,6 ,1554 ,0 ,0 ,71251 
2026년,01월,CSN,CZ,중국남방항공,국제,중국,중국,YNJ,도착,정기,여객,31 ,4378 ,16 ,3 ,0 ,0 ,7885 ,68121 
2026년,01월,CSN,CZ,중국남방항공,국제,중국,중국,YNJ,출발,정기,여객,31 ,4643 ,16 ,2 ,0 ,0 ,10335 ,62235 
2026년,01월,CSS,O3,슌펑(순풍) 항공,국제,중국,중국,EHU,도착,정기,화물,22 ,0 ,0 ,0 ,382833 ,0 ,0 ,0 
2026년,01월,CSS,O3,슌펑(순풍) 항공,국제,중국,중국,EHU,출발,정기,화물,22 ,0 ,0 ,0 ,166111 ,0 ,0 ,0 
2026년,01월,CSS,O3,슌펑(순풍) 항공,국제,중국,중국,YNT,도착,정기,화물,21 ,0 ,0 ,0 ,374554 ,0 ,0 ,0 
2026년,01월,CSS,O3,슌펑(순풍) 항공,국제,중국,중국,YNT,출발,정기,화물,21 ,0 ,0 ,0 ,256649 ,0 ,0 ,0 
2026년,01월,CSZ,ZH,심천항공,국제,중국,중국,SZX,도착,정기,여객,62 ,8777 ,16 ,174 ,58048 ,0 ,0 ,103354 
2026년,01월,CSZ,ZH,심천항공,국제,중국,중국,SZX,출발,정기,여객,62 ,9455 ,13 ,32 ,8462 ,0 ,0 ,132233 
2026년,01월,CSZ,ZH,심천항공,국제,중국,중국,WUX,도착,정기,여객,13 ,2008 ,13 ,0 ,11188 ,0 ,0 ,22812 
2026년,01월,CSZ,ZH,심천항공,국제,중국,중국,WUX,출발,정기,여객,13 ,2041 ,10 ,6 ,0 ,0 ,0 ,27955 
2026년,01월,CTJ,HT,천진에어카고,국제,중국,중국,TNA,도착,정기,화물,12 ,0 ,0 ,0 ,199028 ,0 ,0 ,0 
2026년,01월,CTJ,HT,천진에어카고,국제,중국,중국,TNA,출발,정기,화물,12 ,0 ,0 ,0 ,30742 ,0 ,0 ,0 
2026년,01월,CXA,MF,중국하문항공,국제,중국,중국,FOC,도착,정기,여객,31 ,4717 ,10 ,41 ,8904 ,0 ,0 ,68225 
2026년,01월,CXA,MF,중국하문항공,국제,중국,중국,FOC,출발,정기,여객,31 ,4796 ,8 ,122 ,821 ,0 ,0 ,83657 
2026년,01월,CXA,MF,중국하문항공,국제,중국,중국,XMN,도착,정기,여객,31 ,4842 ,1 ,73 ,32958 ,0 ,0 ,61032 
2026년,01월,CXA,MF,중국하문항공,국제,중국,중국,XMN,출발,정기,여객,31 ,4954 ,9 ,16 ,18291 ,0 ,0 ,71167 
2026년,01월,CYZ,CF,중국우정항공,국제,중국,중국,CGO,도착,정기,화물,14 ,0 ,0 ,0 ,204371 ,0 ,3361 ,0 
2026년,01월,CYZ,CF,중국우정항공,국제,중국,중국,CGO,출발,정기,화물,14 ,0 ,0 ,0 ,81272 ,0 ,4003 ,0 
2026년,01월,CYZ,CF,중국우정항공,국제,중국,중국,XIY,도착,정기,화물,13 ,0 ,0 ,0 ,160581 ,0 ,351 ,0 
2026년,01월,CYZ,CF,중국우정항공,국제,중국,중국,XIY,출발,정기,화물,13 ,0 ,0 ,0 ,138222 ,0 ,0 ,0 
2026년,01월,DAL,DL,델타항공,국제,미주,미국,ANC,도착,부정기,여객,1 ,143 ,1 ,45 ,2224 ,0 ,0 ,5860 
2026년,01월,DAL,DL,델타항공,국제,미주,미국,ATL,도착,정기,여객,57 ,7290 ,76 ,7272 ,52399 ,0 ,1227 ,420780 
2026년,01월,DAL,DL,델타항공,국제,미주,미국,ATL,출발,정기,여객,56 ,7899 ,49 ,6633 ,566270 ,0 ,0 ,436860 
2026년,01월,DAL,DL,델타항공,국제,미주,미국,ATL,출발,부정기,화물,1 ,0 ,0 ,0 ,0 ,0 ,0 ,0 
2026년,01월,DAL,DL,델타항공,국제,미주,미국,DTW,도착,정기,여객,30 ,3292 ,30 ,3532 ,83408 ,0 ,0 ,183000 
2026년,01월,DAL,DL,델타항공,국제,미주,미국,DTW,출발,정기,여객,30 ,3628 ,14 ,4543 ,351614 ,0 ,0 ,229080 
2026년,01월,DAL,DL,델타항공,국제,미주,미국,LAS,도착,정기,여객,3 ,722 ,0 ,38 ,0 ,0 ,0 ,15900 
2026년,01월,DAL,DL,델타항공,국제,미주,미국,LAS,출발,정기,여객,5 ,1182 ,0 ,225 ,17025 ,0 ,0 ,29520 
2026년,01월,DAL,DL,델타항공,국제,미주,미국,MSP,도착,정기,여객,29 ,2881 ,24 ,4088 ,48676 ,0 ,0 ,171680 
2026년,01월,DAL,DL,델타항공,국제,미주,미국,MSP,출발,정기,여객,28 ,2877 ,17 ,4492 ,292269 ,0 ,0 ,205840 
2026년,01월,DAL,DL,델타항공,국제,미주,미국,SEA,도착,정기,여객,30 ,3026 ,33 ,3732 ,35928 ,0 ,256 ,164620 
2026년,01월,DAL,DL,델타항공,국제,미주,미국,SEA,출발,정기,여객,30 ,4081 ,29 ,3550 ,288425 ,0 ,0 ,206140 
2026년,01월,DAL,DL,델타항공,국제,미주,미국,SEA,출발,부정기,화물,4 ,0 ,0 ,0 ,46020 ,0 ,0 ,0 
2026년,01월,DAL,DL,델타항공,국제,미주,미국,SLC,도착,정기,여객,13 ,1515 ,19 ,1824 ,38432 ,0 ,0 ,84740 
2026년,01월,DAL,DL,델타항공,국제,미주,미국,SLC,출발,정기,여객,13 ,1603 ,10 ,1814 ,152892 ,0 ,0 ,91820 
2026년,01월,DLH,LH,루프트한자항공,국제,유럽,독일,FRA,도착,정기,여객,26 ,5598 ,21 ,140 ,218217 ,0 ,9117 ,102568 
2026년,01월,DLH,LH,루프트한자항공,국제,유럽,독일,FRA,출발,정기,여객,26 ,7101 ,19 ,262 ,179081 ,0 ,4322 ,150844 
2026년,01월,DLH,LH,루프트한자항공,국제,유럽,독일,MUC,도착,정기,여객,19 ,4334 ,16 ,93 ,174240 ,0 ,129 ,81253 
2026년,01월,DLH,LH,루프트한자항공,국제,유럽,독일,MUC,출발,정기,여객,19 ,5200 ,18 ,134 ,160739 ,0 ,0 ,112042 
2026년,01월,EOK,RF,에어로케이,국제,일본,일본,IBR,도착,정기,여객,13 ,950 ,6 ,0 ,0 ,0 ,0 ,9757 
2026년,01월,EOK,RF,에어로케이,국제,일본,일본,IBR,출발,정기,여객,13 ,1125 ,7 ,0 ,0 ,0 ,0 ,12352 
2026년,01월,EOK,RF,에어로케이,국제,일본,일본,KIX,도착,정기,여객,62 ,8686 ,3 ,0 ,0 ,0 ,0 ,87174 
2026년,01월,EOK,RF,에어로케이,국제,일본,일본,KIX,출발,정기,여객,62 ,8810 ,7 ,4 ,0 ,0 ,0 ,79451 
2026년,01월,EOK,RF,에어로케이,국제,일본,일본,OBO,도착,정기,여객,9 ,1072 ,1 ,0 ,0 ,0 ,0 ,11916 
2026년,01월,EOK,RF,에어로케이,국제,일본,일본,OBO,출발,정기,여객,9 ,1029 ,1 ,0 ,0 ,0 ,0 ,9535 
2026년,01월,EOK,RF,에어로케이,국제,동북아,대만,HUN,도착,부정기,여객,9 ,1294 ,5 ,0 ,0 ,0 ,0 ,15122 
2026년,01월,EOK,RF,에어로케이,국제,동북아,대만,HUN,출발,부정기,여객,9 ,1265 ,7 ,0 ,0 ,0 ,0 ,16645 
2026년,01월,ESR,ZE,이스타 항공,국내,한국,한국,CJU,도착,부정기,여객,1 ,188 ,1 ,0 ,0 ,0 ,0 ,892 
2026년,01월,ESR,ZE,이스타 항공,국제,일본,일본,CTS,도착,정기,여객,93 ,16122 ,18 ,0 ,0 ,0 ,0 ,196453 
2026년,01월,ESR,ZE,이스타 항공,국제,일본,일본,CTS,출발,정기,여객,93 ,16492 ,17 ,3 ,0 ,0 ,0 ,166598 
2026년,01월,ESR,ZE,이스타 항공,국제,일본,일본,FUK,도착,정기,여객,93 ,16469 ,86 ,0 ,0 ,0 ,0 ,167702 
2026년,01월,ESR,ZE,이스타 항공,국제,일본,일본,FUK,출발,정기,여객,93 ,17084 ,74 ,9 ,0 ,0 ,0 ,139075 
2026년,01월,ESR,ZE,이스타 항공,국제,일본,일본,KIX,도착,정기,여객,93 ,16584 ,23 ,0 ,1277 ,0 ,0 ,169498 
2026년,01월,ESR,ZE,이스타 항공,국제,일본,일본,KIX,출발,정기,여객,93 ,17172 ,21 ,2 ,176 ,0 ,0 ,156118 
2026년,01월,ESR,ZE,이스타 항공,국제,일본,일본,KOJ,도착,정기,여객,31 ,5425 ,5 ,0 ,0 ,0 ,0 ,73106 
2026년,01월,ESR,ZE,이스타 항공,국제,일본,일본,KOJ,출발,정기,여객,31 ,5424 ,9 ,1 ,0 ,0 ,0 ,65669 
2026년,01월,ESR,ZE,이스타 항공,국제,일본,일본,NRT,도착,정기,여객,93 ,16505 ,17 ,0 ,10037 ,12995 ,0 ,171241 
2026년,01월,ESR,ZE,이스타 항공,국제,일본,일본,NRT,출발,정기,여객,93 ,17283 ,16 ,9 ,9086 ,28808 ,0 ,171000 
2026년,01월,ESR,ZE,이스타 항공,국제,일본,일본,OKA,도착,정기,여객,31 ,5294 ,78 ,3 ,0 ,0 ,0 ,55364 
2026년,01월,ESR,ZE,이스타 항공,국제,일본,일본,OKA,출발,정기,여객,31 ,5609 ,94 ,0 ,0 ,0 ,0 ,47574 
2026년,01월,ESR,ZE,이스타 항공,국제,일본,일본,TKS,도착,정기,여객,14 ,1828 ,12 ,0 ,0 ,0 ,0 ,16422 
2026년,01월,ESR,ZE,이스타 항공,국제,일본,일본,TKS,출발,정기,여객,14 ,2028 ,11 ,0 ,0 ,0 ,0 ,15356 
2026년,01월,ESR,ZE,이스타 항공,국제,중국,중국,PVG,도착,정기,여객,31 ,5551 ,0 ,13 ,34337 ,0 ,0 ,50480 
2026년,01월,ESR,ZE,이스타 항공,국제,중국,중국,PVG,출발,정기,여객,31 ,5423 ,3 ,5 ,15241 ,0 ,0 ,51041 
2026년,01월,ESR,ZE,이스타 항공,국제,동북아,대만,TPE,도착,정기,여객,17 ,3064 ,2 ,0 ,464 ,6012 ,0 ,34569 
2026년,01월,ESR,ZE,이스타 항공,국제,동북아,대만,TPE,출발,정기,여객,17 ,3011 ,1 ,0 ,11187 ,0 ,0 ,29175 
2026년,01월,ESR,ZE,이스타 항공,국제,동남아,베트남,CXR,도착,정기,여객,62 ,10699 ,40 ,0 ,0 ,0 ,0 ,121235 
2026년,01월,ESR,ZE,이스타 항공,국제,동남아,베트남,CXR,출발,정기,여객,62 ,10668 ,40 ,3 ,0 ,0 ,0 ,92861 
2026년,01월,ESR,ZE,이스타 항공,국제,동남아,베트남,DAD,도착,정기,여객,62 ,10654 ,34 ,0 ,78659 ,0 ,0 ,117291 
2026년,01월,ESR,ZE,이스타 항공,국제,동남아,베트남,DAD,출발,정기,여객,62 ,11110 ,36 ,8 ,5678 ,0 ,0 ,93737 
2026년,01월,ESR,ZE,이스타 항공,국제,동남아,베트남,PQC,도착,정기,여객,62 ,9424 ,81 ,0 ,0 ,0 ,0 ,107123 
2026년,01월,ESR,ZE,이스타 항공,국제,동남아,베트남,PQC,출발,정기,여객,62 ,10129 ,83 ,14 ,0 ,0 ,0 ,91974 
2026년,01월,ESR,ZE,이스타 항공,국제,동남아,인도네시아,MDC,도착,부정기,여객,31 ,2807 ,2 ,0 ,0 ,0 ,0 ,31501 
2026년,01월,ESR,ZE,이스타 항공,국제,동남아,인도네시아,MDC,출발,부정기,여객,31 ,2897 ,2 ,0 ,0 ,0 ,0 ,30711 
2026년,01월,ESR,ZE,이스타 항공,국제,동남아,태국,BKK,도착,정기,여객,31 ,4812 ,14 ,16 ,5249 ,0 ,0 ,57859 
2026년,01월,ESR,ZE,이스타 항공,국제,동남아,태국,BKK,도착,부정기,여객,1 ,162 ,1 ,0 ,0 ,0 ,0 ,2094 
2026년,01월,ESR,ZE,이스타 항공,국제,동남아,태국,BKK,출발,정기,여객,31 ,5312 ,15 ,19 ,12831 ,0 ,0 ,64240 
2026년,01월,ESR,ZE,이스타 항공,국제,동남아,태국,CNX,도착,정기,여객,30 ,4878 ,13 ,4 ,0 ,0 ,0 ,60358 
2026년,01월,ESR,ZE,이스타 항공,국제,동남아,태국,CNX,출발,정기,여객,31 ,5330 ,15 ,15 ,0 ,0 ,0 ,61793 
2026년,01월,ETD,EY,에티하드 항공,국제,중동,아랍에미리트,AUH,도착,정기,여객,46 ,11448 ,32 ,100 ,404780 ,0 ,12136 ,206306 
2026년,01월,ETD,EY,에티하드 항공,국제,중동,아랍에미리트,AUH,출발,정기,여객,46 ,13120 ,22 ,140 ,667705 ,0 ,0 ,262017 
2026년,01월,ETH,ET,에티오피아 항공,국제,일본,일본,NRT,도착,정기,여객,27 ,2685 ,2 ,1 ,41157 ,0 ,0 ,40201 
2026년,01월,ETH,ET,에티오피아 항공,국제,일본,일본,NRT,출발,정기,여객,27 ,1994 ,0 ,12 ,53135 ,0 ,0 ,27254 
2026년,01월,ETH,ET,에티오피아 항공,국제,동북아,홍콩,HKG,도착,정기,화물,0 ,0 ,0 ,0 ,0 ,0 ,0 ,0 
2026년,01월,ETH,ET,에티오피아 항공,국제,동북아,홍콩,HKG,출발,정기,화물,0 ,0 ,0 ,0 ,211709 ,0 ,0 ,0 
2026년,01월,ETH,ET,에티오피아 항공,국제,유럽,노르웨이,OSL,도착,정기,화물,0 ,0 ,0 ,0 ,1182866 ,0 ,0 ,0 
2026년,01월,ETH,ET,에티오피아 항공,국제,유럽,영국,EMA,도착,정기,화물,0 ,0 ,0 ,0 ,0 ,0 ,0 ,0 
2026년,01월,ETH,ET,에티오피아 항공,국제,유럽,헝가리,BUD,도착,정기,화물,0 ,0 ,0 ,0 ,0 ,0 ,0 ,0 
2026년,01월,ETH,ET,에티오피아 항공,국제,기타,나이지리아,LOS,도착,정기,화물,0 ,0 ,0 ,0 ,0 ,0 ,0 ,0 
2026년,01월,ETH,ET,에티오피아 항공,국제,기타,에티오피아,ADD,도착,정기,화물,13 ,0 ,0 ,0 ,0 ,0 ,0 ,0 
2026년,01월,ETH,ET,에티오피아 항공,국제,기타,에티오피아,ADD,도착,정기,여객,27 ,2072 ,11 ,152 ,13963 ,0 ,161 ,59661 
2026년,01월,ETH,ET,에티오피아 항공,국제,기타,에티오피아,ADD,출발,정기,화물,13 ,0 ,0 ,0 ,16074 ,0 ,0 ,0 
2026년,01월,ETH,ET,에티오피아 항공,국제,기타,에티오피아,ADD,출발,정기,여객,27 ,2793 ,9 ,146 ,84351 ,0 ,0 ,108618 
2026년,01월,EVA,BR,에바항공,국제,동북아,대만,KHH,도착,정기,여객,31 ,5315 ,23 ,37 ,1021 ,0 ,0 ,70972 
2026년,01월,EVA,BR,에바항공,국제,동북아,대만,KHH,출발,정기,여객,31 ,5258 ,22 ,36 ,368 ,0 ,0 ,98134 
2026년,01월,EVA,BR,에바항공,국제,동북아,대만,TPE,도착,정기,여객,62 ,16507 ,63 ,365 ,481715 ,0 ,6386 ,223168 
2026년,01월,EVA,BR,에바항공,국제,동북아,대만,TPE,도착,부정기,여객,18 ,3629 ,12 ,6 ,23191 ,0 ,205 ,49994 
2026년,01월,EVA,BR,에바항공,국제,동북아,대만,TPE,출발,정기,여객,62 ,16796 ,53 ,135 ,380013 ,0 ,0 ,289348 
2026년,01월,EVA,BR,에바항공,국제,동북아,대만,TPE,출발,부정기,여객,18 ,3480 ,15 ,27 ,38776 ,0 ,0 ,67286 
2026년,01월,FDX,FX,FedEX항공,국제,일본,일본,KIX,도착,정기,화물,0 ,0 ,0 ,0 ,555 ,5558 ,0 ,0 
2026년,01월,FDX,FX,FedEX항공,국제,일본,일본,KIX,출발,정기,화물,0 ,0 ,0 ,0 ,471631 ,202068 ,0 ,0 
2026년,01월,FDX,FX,FedEX항공,국제,일본,일본,NRT,도착,정기,화물,0 ,0 ,0 ,0 ,233088 ,499645 ,0 ,0 
2026년,01월,FDX,FX,FedEX항공,국제,중국,중국,CAN,도착,정기,화물,0 ,0 ,0 ,0 ,866957 ,459871 ,0 ,0 
2026년,01월,FDX,FX,FedEX항공,국제,중국,중국,CAN,출발,정기,화물,0 ,0 ,0 ,0 ,1058644 ,189798 ,0 ,0 
2026년,01월,FDX,FX,FedEX항공,국제,중국,중국,PEK,도착,정기,화물,0 ,0 ,0 ,0 ,172731 ,203856 ,0 ,0 
2026년,01월,FDX,FX,FedEX항공,국제,중국,중국,PEK,출발,정기,화물,0 ,0 ,0 ,0 ,2602 ,89001 ,0 ,0 
2026년,01월,FDX,FX,FedEX항공,국제,중국,중국,PVG,출발,정기,화물,0 ,0 ,0 ,0 ,92587 ,23865 ,0 ,0 
2026년,01월,FDX,FX,FedEX항공,국제,중국,중국,SZX,출발,정기,화물,0 ,0 ,0 ,0 ,41793 ,56238 ,0 ,0 
2026년,01월,FDX,FX,FedEX항공,국제,중국,중국,XMN,도착,정기,화물,0 ,0 ,0 ,0 ,67154 ,64339 ,0 ,0 
2026년,01월,FDX,FX,FedEX항공,국제,동북아,대만,TPE,도착,정기,화물,0 ,0 ,0 ,0 ,80422 ,119799 ,0 ,0 
2026년,01월,FDX,FX,FedEX항공,국제,동북아,대만,TPE,출발,정기,화물,0 ,0 ,0 ,0 ,789146 ,46451 ,0 ,0 
2026년,01월,FDX,FX,FedEX항공,국제,동북아,홍콩,HKG,출발,정기,화물,0 ,0 ,0 ,0 ,66331 ,271458 ,0 ,0 
2026년,01월,FDX,FX,FedEX항공,국제,동남아,베트남,HAN,출발,정기,화물,0 ,0 ,0 ,0 ,1191 ,0 ,0 ,0 
2026년,01월,FDX,FX,FedEX항공,국제,동남아,필리핀,CRK,도착,정기,화물,0 ,0 ,0 ,0 ,0 ,0 ,0 ,0 
2026년,01월,FDX,FX,FedEX항공,국제,미주,미국,ANC,도착,정기,화물,108 ,0 ,0 ,0 ,410559 ,50935 ,0 ,0 
2026년,01월,FDX,FX,FedEX항공,국제,미주,미국,ANC,출발,정기,화물,72 ,0 ,0 ,0 ,535497 ,91788 ,0 ,0 
2026년,01월,FDX,FX,FedEX항공,국제,미주,미국,IND,도착,정기,화물,21 ,0 ,0 ,0 ,0 ,0 ,0 ,0 
2026년,01월,FDX,FX,FedEX항공,국제,미주,미국,IND,출발,정기,화물,41 ,0 ,0 ,0 ,0 ,0 ,0 ,0 
2026년,01월,FDX,FX,FedEX항공,국제,미주,미국,MEM,도착,정기,화물,54 ,0 ,0 ,0 ,124981 ,791 ,0 ,0 
2026년,01월,FDX,FX,FedEX항공,국제,미주,미국,MEM,출발,정기,화물,57 ,0 ,0 ,0 ,0 ,0 ,0 ,0 
2026년,01월,FDX,FX,FedEX항공,국제,미주,미국,OAK,도착,정기,화물,5 ,0 ,0 ,0 ,0 ,0 ,0 ,0 
2026년,01월,FDX,FX,FedEX항공,국제,미주,미국,OAK,출발,정기,화물,18 ,0 ,0 ,0 ,0 ,0 ,0 ,0 
2026년,01월,FIN,AY,핀에어,국제,유럽,핀란드,HEL,도착,정기,여객,31 ,6057 ,11 ,161 ,699931 ,0 ,1126 ,109735 
2026년,01월,FIN,AY,핀에어,국제,유럽,핀란드,HEL,출발,정기,여객,31 ,7471 ,19 ,579 ,456352 ,0 ,0 ,158323 
2026년,01월,GCR,GS,톈진(천진) 에어라인,국제,중국,중국,TSN,도착,정기,여객,17 ,1765 ,1 ,3 ,0 ,0 ,0 ,18032 
2026년,01월,GCR,GS,톈진(천진) 에어라인,국제,중국,중국,TSN,출발,정기,여객,17 ,1783 ,3 ,0 ,0 ,0 ,0 ,25143 
2026년,01월,GEC,LH,루프트한자항공,국제,일본,일본,NRT,도착,정기,화물,0 ,0 ,0 ,0 ,0 ,0 ,0 ,0 
2026년,01월,GEC,LH,루프트한자항공,국제,유럽,독일,FRA,도착,정기,화물,23 ,0 ,0 ,0 ,322694 ,0 ,4683 ,0 
2026년,01월,GEC,LH,루프트한자항공,국제,유럽,독일,FRA,출발,정기,화물,22 ,0 ,0 ,0 ,659482 ,0 ,8251 ,0 
2026년,01월,GIA,GA,가루다 인도네시아항공,국제,동남아,인도네시아,CGK,도착,정기,여객,31 ,5387 ,18 ,90 ,190464 ,0 ,785 ,99962 
2026년,01월,GIA,GA,가루다 인도네시아항공,국제,동남아,인도네시아,CGK,출발,정기,여객,31 ,6930 ,41 ,55 ,271029 ,0 ,10460 ,162548 
2026년,01월,GIA,GA,가루다 인도네시아항공,국제,동남아,인도네시아,DPS,도착,정기,여객,22 ,2716 ,4 ,45 ,6637 ,0 ,1758 ,46270 
2026년,01월,GIA,GA,가루다 인도네시아항공,국제,동남아,인도네시아,DPS,출발,정기,여객,22 ,4147 ,13 ,76 ,118565 ,0 ,3800 ,81820 
2026년,01월,GTI,5Y,아틀라스항공,국제,일본,일본,NRT,출발,정기,화물,0 ,0 ,0 ,0 ,0 ,0 ,0 ,0 
2026년,01월,GTI,5Y,아틀라스항공,국제,중국,중국,CAN,출발,정기,화물,0 ,0 ,0 ,0 ,0 ,0 ,0 ,0 
2026년,01월,GTI,5Y,아틀라스항공,국제,중국,중국,CGO,출발,정기,화물,0 ,0 ,0 ,0 ,0 ,0 ,0 ,0 
2026년,01월,GTI,5Y,아틀라스항공,국제,중국,중국,CKG,출발,정기,화물,0 ,0 ,0 ,0 ,46456 ,0 ,0 ,0 
2026년,01월,GTI,5Y,아틀라스항공,국제,중국,중국,CTU,도착,정기,화물,0 ,0 ,0 ,0 ,0 ,0 ,0 ,0 
2026년,01월,GTI,5Y,아틀라스항공,국제,중국,중국,EHU,출발,정기,화물,0 ,0 ,0 ,0 ,0 ,0 ,0 ,0 
2026년,01월,GTI,5Y,아틀라스항공,국제,중국,중국,EHU,출발,부정기,화물,0 ,0 ,0 ,0 ,0 ,0 ,0 ,0 
2026년,01월,GTI,5Y,아틀라스항공,국제,중국,중국,PVG,도착,정기,화물,1 ,0 ,0 ,0 ,0 ,0 ,0 ,0 
2026년,01월,GTI,5Y,아틀라스항공,국제,중국,중국,PVG,출발,정기,화물,0 ,0 ,0 ,0 ,0 ,0 ,0 ,0 
2026년,01월,GTI,5Y,아틀라스항공,국제,중국,중국,SZX,출발,정기,화물,0 ,0 ,0 ,0 ,0 ,0 ,0 ,0 
2026년,01월,GTI,5Y,아틀라스항공,국제,중국,중국,XMN,출발,정기,화물,13 ,0 ,0 ,0 ,0 ,0 ,0 ,0 
2026년,01월,GTI,5Y,아틀라스항공,국제,동북아,대만,TPE,출발,정기,화물,0 ,0 ,0 ,0 ,387543 ,0 ,0 ,0 
2026년,01월,GTI,5Y,아틀라스항공,국제,동북아,대만,TPE,출발,부정기,화물,0 ,0 ,0 ,0 ,68907 ,0 ,0 ,0 
2026년,01월,GTI,5Y,아틀라스항공,국제,동북아,홍콩,HKG,도착,정기,화물,8 ,0 ,0 ,0 ,118124 ,0 ,0 ,0 
2026년,01월,GTI,5Y,아틀라스항공,국제,동북아,홍콩,HKG,출발,정기,화물,0 ,0 ,0 ,0 ,7153 ,0 ,0 ,0 
2026년,01월,GTI,5Y,아틀라스항공,국제,동남아,말레이시아,PEN,출발,정기,화물,0 ,0 ,0 ,0 ,0 ,0 ,0 ,0 
2026년,01월,GTI,5Y,아틀라스항공,국제,동남아,베트남,HAN,출발,정기,화물,0 ,0 ,0 ,0 ,1253334 ,44 ,0 ,0 
2026년,01월,GTI,5Y,아틀라스항공,국제,동남아,싱가포르,SIN,출발,정기,화물,0 ,0 ,0 ,0 ,5521 ,0 ,0 ,0 
2026년,01월,GTI,5Y,아틀라스항공,국제,미주,미국,ANC,도착,정기,화물,0 ,0 ,0 ,0 ,0 ,0 ,0 ,0 
2026년,01월,GTI,5Y,아틀라스항공,국제,미주,미국,ANC,출발,정기,화물,1 ,0 ,0 ,0 ,103687 ,0 ,0 ,0 
2026년,01월,GTI,5Y,아틀라스항공,국제,미주,미국,ANC,출발,부정기,화물,0 ,0 ,0 ,0 ,0 ,0 ,0 ,0 
2026년,01월,GTI,5Y,아틀라스항공,국제,미주,미국,ATL,도착,정기,화물,3 ,0 ,0 ,0 ,0 ,0 ,0 ,0 
2026년,01월,GTI,5Y,아틀라스항공,국제,미주,미국,CVG,도착,정기,화물,1 ,0 ,0 ,0 ,0 ,0 ,0 ,0 
2026년,01월,GTI,5Y,아틀라스항공,국제,미주,미국,CVG,출발,정기,화물,8 ,0 ,0 ,0 ,0 ,0 ,0 ,0 
2026년,01월,GTI,5Y,아틀라스항공,국제,미주,미국,CVG,출발,부정기,화물,3 ,0 ,0 ,0 ,0 ,0 ,0 ,0 
2026년,01월,GTI,5Y,아틀라스항공,국제,미주,미국,DFW,도착,정기,화물,4 ,0 ,0 ,0 ,0 ,0 ,0 ,0 
2026년,01월,GTI,5Y,아틀라스항공,국제,미주,미국,DFW,출발,정기,화물,23 ,0 ,0 ,0 ,0 ,0 ,0 ,0 
2026년,01월,GTI,5Y,아틀라스항공,국제,미주,미국,HSV,도착,정기,화물,0 ,0 ,0 ,0 ,0 ,0 ,0 ,0 
2026년,01월,GTI,5Y,아틀라스항공,국제,미주,미국,JFK,도착,정기,화물,0 ,0 ,0 ,0 ,0 ,0 ,0 ,0 
2026년,01월,GTI,5Y,아틀라스항공,국제,미주,미국,JFK,출발,정기,화물,1 ,0 ,0 ,0 ,0 ,0 ,0 ,0 
2026년,01월,GTI,5Y,아틀라스항공,국제,미주,미국,LAX,도착,정기,화물,19 ,0 ,0 ,0 ,0 ,0 ,0 ,0 
2026년,01월,GTI,5Y,아틀라스항공,국제,미주,미국,LAX,출발,정기,화물,18 ,0 ,0 ,0 ,379112 ,3108 ,0 ,0 
2026년,01월,GTI,5Y,아틀라스항공,국제,미주,미국,MIA,도착,정기,화물,21 ,0 ,0 ,0 ,0 ,0 ,0 ,0 
2026년,01월,GTI,5Y,아틀라스항공,국제,미주,미국,MIA,출발,정기,화물,28 ,0 ,0 ,0 ,281049 ,18213 ,0 ,0 
2026년,01월,GTI,5Y,아틀라스항공,국제,미주,미국,ORD,도착,정기,화물,88 ,0 ,0 ,0 ,737877 ,11 ,0 ,0 
2026년,01월,GTI,5Y,아틀라스항공,국제,미주,미국,ORD,도착,부정기,화물,2 ,0 ,0 ,0 ,14966 ,0 ,0 ,0 
2026년,01월,GTI,5Y,아틀라스항공,국제,미주,미국,ORD,출발,정기,화물,76 ,0 ,0 ,0 ,577334 ,14352 ,0 ,0 
2026년,01월,GTI,5Y,아틀라스항공,국제,미주,미국,ORD,출발,부정기,화물,3 ,0 ,0 ,0 ,105412 ,0 ,0 ,0 
2026년,01월,GTI,5Y,아틀라스항공,국제,미주,캐나다,YYZ,도착,정기,화물,0 ,0 ,0 ,0 ,0 ,0 ,0 ,0 
2026년,01월,GTI,5Y,아틀라스항공,국제,대양주,하와이,HNL,도착,정기,화물,0 ,0 ,0 ,0 ,0 ,0 ,0 ,0 
2026년,01월,GTI,5Y,아틀라스항공,국제,유럽,네덜란드,AMS,도착,정기,화물,0 ,0 ,0 ,0 ,834367 ,0 ,0 ,0 
2026년,01월,GTI,5Y,아틀라스항공,국제,유럽,네덜란드,AMS,출발,정기,화물,0 ,0 ,0 ,0 ,0 ,0 ,0 ,0 
2026년,01월,GTI,5Y,아틀라스항공,국제,유럽,네덜란드,MST,도착,정기,화물,0 ,0 ,0 ,0 ,0 ,0 ,0 ,0 
2026년,01월,GTI,5Y,아틀라스항공,국제,유럽,벨기에,LGG,도착,정기,화물,0 ,0 ,0 ,0 ,238966 ,0 ,0 ,0 
2026년,01월,GTI,5Y,아틀라스항공,국제,유럽,스페인,MAD,도착,정기,화물,0 ,0 ,0 ,0 ,0 ,0 ,0 ,0 
2026년,01월,GTI,5Y,아틀라스항공,국제,유럽,스페인,ZAZ,도착,정기,화물,0 ,0 ,0 ,0 ,0 ,0 ,0 ,0 
2026년,01월,GTI,5Y,아틀라스항공,국제,유럽,카자흐스탄,ALA,도착,정기,화물,0 ,0 ,0 ,0 ,0 ,0 ,0 ,0 
2026년,01월,GTI,5Y,아틀라스항공,국제,유럽,카자흐스탄,ALA,출발,정기,화물,0 ,0 ,0 ,0 ,0 ,0 ,0 ,0 
2026년,01월,HKE,UO,홍콩익스프레스,국제,동북아,홍콩,HKG,도착,정기,여객,138 ,28499 ,23 ,0 ,51798 ,0 ,39 ,248393 
2026년,01월,HKE,UO,홍콩익스프레스,국제,동북아,홍콩,HKG,출발,정기,여객,138 ,31466 ,23 ,10 ,12463 ,0 ,0 ,324321 
2026년,01월,HLF,I9,중국센트럴항공,국제,중국,중국,SZX,출발,정기,화물,3 ,0 ,0 ,0 ,17655 ,0 ,0 ,0 
2026년,01월,HLF,I9,중국센트럴항공,국제,중국,중국,YNT,도착,정기,화물,18 ,0 ,0 ,0 ,247986 ,0 ,0 ,0 
2026년,01월,HLF,I9,중국센트럴항공,국제,중국,중국,YNT,출발,정기,화물,18 ,0 ,0 ,0 ,154834 ,0 ,0 ,0 
2026년,01월,HLF,I9,중국센트럴항공,국제,유럽,독일,LEJ,도착,정기,화물,3 ,0 ,0 ,0 ,130190 ,0 ,0 ,0 
2026년,01월,HVN,VN,베트남항공,국제,동남아,베트남,CXR,도착,정기,여객,31 ,5213 ,37 ,0 ,50732 ,0 ,0 ,77497 
2026년,01월,HVN,VN,베트남항공,국제,동남아,베트남,CXR,출발,정기,여객,31 ,5202 ,39 ,28 ,0 ,0 ,0 ,65575 
2026년,01월,HVN,VN,베트남항공,국제,동남아,베트남,DAD,도착,정기,여객,31 ,4801 ,27 ,97 ,39674 ,0 ,0 ,73354 
2026년,01월,HVN,VN,베트남항공,국제,동남아,베트남,DAD,출발,정기,여객,31 ,5118 ,29 ,168 ,4798 ,0 ,0 ,77041 
2026년,01월,HVN,VN,베트남항공,국제,동남아,베트남,HAN,도착,정기,여객,62 ,15649 ,84 ,612 ,526394 ,0 ,1680 ,348749 
2026년,01월,HVN,VN,베트남항공,국제,동남아,베트남,HAN,도착,부정기,여객,5 ,432 ,1 ,2 ,1519 ,0 ,160 ,10655 
2026년,01월,HVN,VN,베트남항공,국제,동남아,베트남,HAN,출발,정기,여객,62 ,19049 ,231 ,395 ,622880 ,0 ,0 ,457160 
2026년,01월,HVN,VN,베트남항공,국제,동남아,베트남,HAN,출발,부정기,여객,5 ,873 ,11 ,5 ,0 ,0 ,0 ,18697 
2026년,01월,HVN,VN,베트남항공,국제,동남아,베트남,SGN,도착,정기,여객,62 ,12860 ,110 ,713 ,289510 ,0 ,420 ,319909 
2026년,01월,HVN,VN,베트남항공,국제,동남아,베트남,SGN,도착,부정기,여객,1 ,124 ,2 ,0 ,0 ,0 ,0 ,2384 
2026년,01월,HVN,VN,베트남항공,국제,동남아,베트남,SGN,출발,정기,여객,62 ,15647 ,174 ,405 ,388048 ,0 ,0 ,345416 
2026년,01월,HVN,VN,베트남항공,국제,동남아,베트남,SGN,출발,부정기,여객,1 ,160 ,2 ,2 ,0 ,0 ,0 ,4091 
2026년,01월,HYT,YG,원통화물항공,국제,중국,중국,WNZ,도착,정기,화물,22 ,0 ,0 ,0 ,528850 ,0 ,0 ,0 
2026년,01월,HYT,YG,원통화물항공,국제,중국,중국,WNZ,출발,정기,화물,22 ,0 ,0 ,0 ,198939 ,0 ,0 ,0 
2026년,01월,ICV,C8,카고룩스 이탈리아,국제,중국,중국,CGO,출발,정기,화물,0 ,0 ,0 ,0 ,41552 ,0 ,0 ,0 
2026년,01월,ICV,C8,카고룩스 이탈리아,국제,동북아,대만,TPE,출발,정기,화물,0 ,0 ,0 ,0 ,245588 ,0 ,0 ,0 
2026년,01월,ICV,C8,카고룩스 이탈리아,국제,미주,미국,ANC,출발,정기,화물,0 ,0 ,0 ,0 ,0 ,0 ,0 ,0 
2026년,01월,ICV,C8,카고룩스 이탈리아,국제,미주,미국,DFW,출발,정기,화물,0 ,0 ,0 ,0 ,57635 ,0 ,0 ,0 
2026년,01월,ICV,C8,카고룩스 이탈리아,국제,미주,미국,IAH,출발,정기,화물,0 ,0 ,0 ,0 ,38373 ,0 ,0 ,0 
2026년,01월,ICV,C8,카고룩스 이탈리아,국제,유럽,이탈리아,MXP,도착,정기,화물,17 ,0 ,0 ,0 ,599873 ,0 ,0 ,0 
2026년,01월,ICV,C8,카고룩스 이탈리아,국제,유럽,이탈리아,MXP,출발,정기,화물,17 ,0 ,0 ,0 ,362743 ,0 ,0 ,0 
2026년,01월,ICV,C8,카고룩스 이탈리아,국제,유럽,투르크메니스탄,ASB,출발,정기,화물,0 ,0 ,0 ,0 ,0 ,0 ,0 ,0 
2026년,01월,JAL,JL,일본항공,국제,일본,일본,NGO,도착,정기,화물,22 ,0 ,0 ,0 ,386233 ,5782 ,0 ,0 
2026년,01월,JAL,JL,일본항공,국제,일본,일본,NRT,도착,정기,화물,3 ,0 ,0 ,0 ,76577 ,0 ,0 ,0 
2026년,01월,JAL,JL,일본항공,국제,일본,일본,NRT,출발,정기,화물,25 ,0 ,0 ,0 ,871673 ,0 ,0 ,0 
2026년,01월,JDL,JG,장쑤징동화물항공사,국제,중국,중국,NKG,도착,정기,화물,14 ,0 ,0 ,0 ,171225 ,0 ,0 ,0 
2026년,01월,JDL,JG,장쑤징동화물항공사,국제,중국,중국,NKG,출발,정기,화물,14 ,0 ,0 ,0 ,32404 ,0 ,0 ,0 
2026년,01월,JDL,JG,장쑤징동화물항공사,국제,중국,중국,NTG,도착,정기,화물,11 ,0 ,0 ,0 ,76989 ,0 ,0 ,0 
2026년,01월,JDL,JG,장쑤징동화물항공사,국제,중국,중국,NTG,도착,부정기,화물,2 ,0 ,0 ,0 ,28009 ,0 ,0 ,0 
2026년,01월,JDL,JG,장쑤징동화물항공사,국제,중국,중국,NTG,출발,정기,화물,11 ,0 ,0 ,0 ,3857 ,0 ,0 ,0 
2026년,01월,JDL,JG,장쑤징동화물항공사,국제,중국,중국,NTG,출발,부정기,화물,2 ,0 ,0 ,0 ,0 ,0 ,0 ,0 
2026년,01월,JDL,JG,장쑤징동화물항공사,국제,중국,중국,WUX,도착,정기,화물,31 ,0 ,0 ,0 ,376969 ,0 ,0 ,0 
2026년,01월,JDL,JG,장쑤징동화물항공사,국제,중국,중국,WUX,출발,정기,화물,31 ,0 ,0 ,0 ,186481 ,0 ,0 ,0 
2026년,01월,JJA,7C,제주항공,국내,한국,한국,CJU,도착,부정기,여객,5 ,866 ,4 ,0 ,0 ,0 ,0 ,3717 
2026년,01월,JJA,7C,제주항공,국제,일본,일본,CTS,도착,정기,여객,62 ,10058 ,13 ,64 ,0 ,0 ,0 ,125760 
2026년,01월,JJA,7C,제주항공,국제,일본,일본,CTS,출발,정기,여객,62 ,10448 ,11 ,47 ,0 ,0 ,0 ,107372 
2026년,01월,JJA,7C,제주항공,국제,일본,일본,FSZ,도착,정기,여객,62 ,9815 ,37 ,18 ,0 ,0 ,0 ,98893 
2026년,01월,JJA,7C,제주항공,국제,일본,일본,FSZ,출발,정기,여객,62 ,10743 ,31 ,34 ,0 ,0 ,0 ,98660 
2026년,01월,JJA,7C,제주항공,국제,일본,일본,FUK,도착,정기,여객,124 ,22578 ,147 ,171 ,0 ,0 ,0 ,232895 
2026년,01월,JJA,7C,제주항공,국제,일본,일본,FUK,출발,정기,여객,124 ,22812 ,120 ,239 ,0 ,0 ,0 ,182158 
2026년,01월,JJA,7C,제주항공,국제,일본,일본,HIJ,도착,정기,여객,62 ,9538 ,36 ,105 ,0 ,0 ,0 ,97611 
2026년,01월,JJA,7C,제주항공,국제,일본,일본,HIJ,출발,정기,여객,62 ,10021 ,30 ,254 ,0 ,0 ,0 ,93001 
2026년,01월,JJA,7C,제주항공,국제,일본,일본,HKD,도착,정기,여객,18 ,2830 ,8 ,6 ,0 ,0 ,0 ,33495 
2026년,01월,JJA,7C,제주항공,국제,일본,일본,HKD,출발,정기,여객,18 ,2883 ,8 ,20 ,0 ,0 ,0 ,27813 
2026년,01월,JJA,7C,제주항공,국제,일본,일본,KIX,도착,정기,여객,217 ,36491 ,74 ,259 ,8042 ,0 ,0 ,359852 
2026년,01월,JJA,7C,제주항공,국제,일본,일본,KIX,출발,정기,여객,217 ,36883 ,65 ,382 ,1116 ,23822 ,5853 ,311471 
2026년,01월,JJA,7C,제주항공,국제,일본,일본,KOJ,도착,정기,여객,31 ,4733 ,23 ,15 ,0 ,0 ,0 ,55731 
2026년,01월,JJA,7C,제주항공,국제,일본,일본,KOJ,출발,정기,여객,31 ,4954 ,28 ,22 ,0 ,0 ,0 ,51720 
2026년,01월,JJA,7C,제주항공,국제,일본,일본,MYJ,도착,정기,여객,62 ,10377 ,34 ,56 ,0 ,0 ,0 ,103475 
2026년,01월,JJA,7C,제주항공,국제,일본,일본,MYJ,출발,정기,여객,62 ,11088 ,31 ,71 ,0 ,0 ,0 ,86240 
2026년,01월,JJA,7C,제주항공,국제,일본,일본,NGO,도착,정기,여객,62 ,10216 ,23 ,81 ,5264 ,0 ,0 ,118210 
2026년,01월,JJA,7C,제주항공,국제,일본,일본,NGO,출발,정기,여객,62 ,10251 ,25 ,127 ,479 ,0 ,3281 ,104861 
2026년,01월,JJA,7C,제주항공,국제,일본,일본,NRT,도착,정기,여객,163 ,28109 ,51 ,199 ,37649 ,0 ,0 ,309377 
2026년,01월,JJA,7C,제주항공,국제,일본,일본,NRT,도착,부정기,여객,13 ,2267 ,4 ,28 ,0 ,0 ,0 ,23581 
2026년,01월,JJA,7C,제주항공,국제,일본,일본,NRT,출발,정기,여객,163 ,27711 ,51 ,665 ,29276 ,10077 ,19586 ,269794 
2026년,01월,JJA,7C,제주항공,국제,일본,일본,NRT,출발,부정기,여객,13 ,2295 ,5 ,78 ,0 ,0 ,0 ,22113 
2026년,01월,JJA,7C,제주항공,국제,일본,일본,OIT,도착,정기,여객,31 ,5264 ,40 ,9 ,0 ,0 ,0 ,56737 
2026년,01월,JJA,7C,제주항공,국제,일본,일본,OIT,출발,정기,여객,31 ,5373 ,40 ,16 ,0 ,0 ,0 ,47196 
2026년,01월,JJA,7C,제주항공,국제,일본,일본,OKA,도착,정기,여객,31 ,5327 ,71 ,14 ,0 ,0 ,0 ,58074 
2026년,01월,JJA,7C,제주항공,국제,일본,일본,OKA,출발,정기,여객,31 ,5342 ,61 ,45 ,0 ,0 ,0 ,48735 
2026년,01월,JJA,7C,제주항공,국제,중국,중국,HRB,도착,정기,여객,13 ,2051 ,3 ,51 ,0 ,0 ,0 ,24658 
2026년,01월,JJA,7C,제주항공,국제,중국,중국,HRB,출발,정기,여객,13 ,2237 ,3 ,23 ,0 ,0 ,0 ,24783 
2026년,01월,JJA,7C,제주항공,국제,중국,중국,JMU,도착,정기,여객,4 ,545 ,0 ,0 ,0 ,0 ,0 ,6955 
2026년,01월,JJA,7C,제주항공,국제,중국,중국,JMU,출발,정기,여객,4 ,613 ,1 ,0 ,0 ,0 ,0 ,7162 
2026년,01월,JJA,7C,제주항공,국제,중국,중국,TAO,도착,정기,여객,31 ,5264 ,9 ,259 ,29060 ,0 ,20920 ,52307 
2026년,01월,JJA,7C,제주항공,국제,중국,중국,TAO,출발,정기,여객,31 ,5347 ,7 ,90 ,26893 ,643 ,0 ,44483 
2026년,01월,JJA,7C,제주항공,국제,중국,중국,WEH,도착,정기,여객,31 ,4869 ,16 ,243 ,34977 ,0 ,0 ,58046 
2026년,01월,JJA,7C,제주항공,국제,중국,중국,WEH,출발,정기,여객,31 ,4993 ,7 ,60 ,11189 ,30225 ,0 ,48428 
2026년,01월,JJA,7C,제주항공,국제,중국,중국,YNJ,도착,정기,여객,20 ,2298 ,3 ,23 ,0 ,0 ,14124 ,26392 
2026년,01월,JJA,7C,제주항공,국제,중국,중국,YNJ,출발,정기,여객,20 ,3214 ,8 ,51 ,0 ,0 ,0 ,34008 
2026년,01월,JJA,7C,제주항공,국제,동북아,대만,TPE,도착,정기,여객,31 ,5558 ,6 ,17 ,8976 ,0 ,1670 ,59725 
2026년,01월,JJA,7C,제주항공,국제,동북아,대만,TPE,출발,정기,여객,31 ,5552 ,4 ,9 ,34853 ,0 ,0 ,48272 
2026년,01월,JJA,7C,제주항공,국제,동북아,마카오,MFM,도착,정기,여객,31 ,5309 ,39 ,7 ,13141 ,0 ,0 ,49085 
2026년,01월,JJA,7C,제주항공,국제,동북아,마카오,MFM,출발,정기,여객,31 ,5678 ,37 ,4 ,704 ,0 ,941 ,47018 
2026년,01월,JJA,7C,제주항공,국제,동북아,홍콩,HKG,도착,정기,여객,31 ,5194 ,9 ,69 ,8922 ,0 ,748 ,51564 
2026년,01월,JJA,7C,제주항공,국제,동북아,홍콩,HKG,출발,정기,여객,31 ,5694 ,8 ,18 ,47 ,0 ,0 ,57131 
2026년,01월,JJA,7C,제주항공,국제,동북아,몽골,UBN,도착,정기,여객,13 ,1951 ,17 ,267 ,0 ,0 ,0 ,30916 
2026년,01월,JJA,7C,제주항공,국제,동북아,몽골,UBN,출발,정기,여객,13 ,1736 ,28 ,602 ,383 ,68 ,241 ,36424 
2026년,01월,JJA,7C,제주항공,국제,동남아,라오스,VTE,도착,정기,여객,31 ,4971 ,20 ,190 ,37247 ,0 ,0 ,59314 
2026년,01월,JJA,7C,제주항공,국제,동남아,라오스,VTE,출발,정기,여객,31 ,5115 ,10 ,209 ,254 ,0 ,758 ,68396 
2026년,01월,JJA,7C,제주항공,국제,동남아,말레이시아,BKI,도착,정기,여객,31 ,4799 ,15 ,78 ,0 ,0 ,0 ,61954 
2026년,01월,JJA,7C,제주항공,국제,동남아,말레이시아,BKI,출발,정기,여객,31 ,5272 ,19 ,87 ,0 ,0 ,0 ,61473 
2026년,01월,JJA,7C,제주항공,국제,동남아,베트남,CXR,도착,정기,여객,51 ,8765 ,71 ,424 ,0 ,0 ,0 ,109615 
2026년,01월,JJA,7C,제주항공,국제,동남아,베트남,CXR,출발,정기,여객,50 ,8871 ,54 ,233 ,0 ,0 ,0 ,83917 
2026년,01월,JJA,7C,제주항공,국제,동남아,베트남,DAD,도착,정기,여객,62 ,10561 ,70 ,239 ,55651 ,0 ,0 ,120625 
2026년,01월,JJA,7C,제주항공,국제,동남아,베트남,DAD,출발,정기,여객,62 ,11154 ,51 ,284 ,7203 ,251 ,0 ,99479 
2026년,01월,JJA,7C,제주항공,국제,동남아,베트남,HAN,도착,정기,여객,31 ,5062 ,4 ,142 ,31732 ,0 ,0 ,59026 
2026년,01월,JJA,7C,제주항공,국제,동남아,베트남,HAN,출발,정기,여객,31 ,5531 ,16 ,205 ,17644 ,0 ,1922 ,61911 
2026년,01월,JJA,7C,제주항공,국제,동남아,베트남,PQC,도착,정기,여객,31 ,5106 ,33 ,256 ,0 ,0 ,0 ,61851 
2026년,01월,JJA,7C,제주항공,국제,동남아,베트남,PQC,출발,정기,여객,31 ,5372 ,30 ,118 ,0 ,0 ,0 ,51516 
2026년,01월,JJA,7C,제주항공,국제,동남아,싱가포르,SIN,도착,정기,여객,31 ,4075 ,12 ,110 ,0 ,0 ,0 ,46604 
2026년,01월,JJA,7C,제주항공,국제,동남아,싱가포르,SIN,출발,정기,여객,31 ,4700 ,8 ,58 ,17609 ,0 ,0 ,55646 
2026년,01월,JJA,7C,제주항공,국제,동남아,인도네시아,BTH,도착,정기,여객,9 ,982 ,1 ,5 ,0 ,0 ,0 ,17115 
2026년,01월,JJA,7C,제주항공,국제,동남아,인도네시아,BTH,출발,정기,여객,9 ,1197 ,1 ,2 ,128 ,0 ,0 ,21769 
2026년,01월,JJA,7C,제주항공,국제,동남아,인도네시아,DPS,도착,정기,여객,31 ,3813 ,11 ,449 ,0 ,0 ,0 ,54797 
2026년,01월,JJA,7C,제주항공,국제,동남아,인도네시아,DPS,출발,정기,여객,31 ,4305 ,11 ,205 ,5093 ,0 ,0 ,52389 
2026년,01월,JJA,7C,제주항공,국제,동남아,태국,BKK,도착,정기,여객,31 ,5011 ,14 ,77 ,21843 ,0 ,0 ,61312 
2026년,01월,JJA,7C,제주항공,국제,동남아,태국,BKK,출발,정기,여객,31 ,5537 ,18 ,98 ,3235 ,0 ,0 ,67538 
2026년,01월,JJA,7C,제주항공,국제,동남아,태국,CNX,도착,정기,여객,30 ,4758 ,11 ,95 ,0 ,0 ,0 ,61000 
2026년,01월,JJA,7C,제주항공,국제,동남아,태국,CNX,출발,정기,여객,31 ,5285 ,13 ,120 ,0 ,0 ,0 ,63342 
2026년,01월,JJA,7C,제주항공,국제,동남아,필리핀,CEB,도착,정기,여객,31 ,4812 ,37 ,505 ,0 ,0 ,0 ,63749 
2026년,01월,JJA,7C,제주항공,국제,동남아,필리핀,CEB,출발,정기,여객,31 ,5026 ,25 ,540 ,8441 ,4886 ,0 ,72068 
2026년,01월,JJA,7C,제주항공,국제,동남아,필리핀,CRK,도착,정기,여객,31 ,4498 ,17 ,253 ,0 ,0 ,0 ,62498 
2026년,01월,JJA,7C,제주항공,국제,동남아,필리핀,CRK,출발,정기,여객,31 ,5059 ,25 ,199 ,7101 ,17271 ,0 ,84852 
2026년,01월,JJA,7C,제주항공,국제,동남아,필리핀,MNL,도착,정기,여객,31 ,4193 ,24 ,717 ,0 ,0 ,0 ,67151 
2026년,01월,JJA,7C,제주항공,국제,동남아,필리핀,MNL,출발,정기,여객,31 ,4794 ,24 ,447 ,20427 ,0 ,1664 ,84987 
2026년,01월,JJA,7C,제주항공,국제,동남아,필리핀,TAG,도착,정기,여객,62 ,9919 ,49 ,44 ,0 ,0 ,0 ,112901 
2026년,01월,JJA,7C,제주항공,국제,동남아,필리핀,TAG,출발,정기,여객,62 ,10235 ,50 ,74 ,0 ,0 ,0 ,108670 
2026년,01월,JJA,7C,제주항공,국제,대양주,사이판,SPN,도착,정기,여객,31 ,4542 ,38 ,64 ,0 ,0 ,0 ,62576 
2026년,01월,JJA,7C,제주항공,국제,대양주,사이판,SPN,출발,정기,여객,31 ,4566 ,30 ,114 ,12051 ,70 ,0 ,64432 
2026년,01월,JNA,LJ,진 에어,국제,일본,일본,CTS,도착,정기,여객,63 ,16691 ,42 ,159 ,0 ,0 ,0 ,205435 
2026년,01월,JNA,LJ,진 에어,국제,일본,일본,CTS,출발,정기,여객,62 ,17045 ,35 ,164 ,104915 ,0 ,0 ,175646 
2026년,01월,JNA,LJ,진 에어,국제,일본,일본,FUK,도착,정기,여객,153 ,31194 ,204 ,30 ,0 ,0 ,0 ,319969 
2026년,01월,JNA,LJ,진 에어,국제,일본,일본,FUK,도착,부정기,여객,31 ,5404 ,44 ,4 ,0 ,0 ,0 ,57010 
2026년,01월,JNA,LJ,진 에어,국제,일본,일본,FUK,출발,정기,여객,153 ,31927 ,200 ,150 ,0 ,0 ,0 ,252954 
2026년,01월,JNA,LJ,진 에어,국제,일본,일본,FUK,출발,부정기,여객,31 ,5747 ,45 ,13 ,0 ,0 ,0 ,43099 
2026년,01월,JNA,LJ,진 에어,국제,일본,일본,ISG,도착,정기,여객,22 ,3007 ,36 ,4 ,0 ,0 ,0 ,32628 
2026년,01월,JNA,LJ,진 에어,국제,일본,일본,ISG,출발,정기,여객,22 ,3067 ,33 ,7 ,0 ,0 ,0 ,27661 
2026년,01월,JNA,LJ,진 에어,국제,일본,일본,KIX,도착,정기,여객,122 ,27380 ,64 ,124 ,67451 ,0 ,0 ,290665 
2026년,01월,JNA,LJ,진 에어,국제,일본,일본,KIX,출발,정기,여객,122 ,28903 ,61 ,199 ,123751 ,0 ,13027 ,245320 
2026년,01월,JNA,LJ,진 에어,국제,일본,일본,KKJ,도착,정기,여객,31 ,5391 ,20 ,0 ,0 ,0 ,0 ,59737 
2026년,01월,JNA,LJ,진 에어,국제,일본,일본,KKJ,출발,정기,여객,31 ,5198 ,23 ,13 ,0 ,0 ,0 ,46103 
2026년,01월,JNA,LJ,진 에어,국제,일본,일본,NGO,도착,정기,여객,60 ,10339 ,20 ,29 ,177 ,0 ,0 ,110377 
2026년,01월,JNA,LJ,진 에어,국제,일본,일본,NGO,출발,정기,여객,60 ,10711 ,19 ,145 ,22901 ,0 ,7179 ,111692 
2026년,01월,JNA,LJ,진 에어,국제,일본,일본,NRT,도착,정기,여객,122 ,27784 ,64 ,246 ,252803 ,0 ,0 ,297909 
2026년,01월,JNA,LJ,진 에어,국제,일본,일본,NRT,도착,부정기,여객,1 ,181 ,5 ,2 ,0 ,0 ,0 ,1439 
2026년,01월,JNA,LJ,진 에어,국제,일본,일본,NRT,출발,정기,여객,122 ,27870 ,68 ,487 ,243221 ,0 ,30412 ,267754 
2026년,01월,JNA,LJ,진 에어,국제,일본,일본,OKA,도착,정기,여객,31 ,8871 ,265 ,52 ,0 ,0 ,0 ,98373 
2026년,01월,JNA,LJ,진 에어,국제,일본,일본,OKA,출발,정기,여객,31 ,9206 ,250 ,25 ,0 ,0 ,0 ,81370 
2026년,01월,JNA,LJ,진 에어,국제,일본,일본,SHI,도착,정기,여객,22 ,3091 ,30 ,5 ,0 ,0 ,0 ,41678 
2026년,01월,JNA,LJ,진 에어,국제,일본,일본,SHI,출발,정기,여객,22 ,3179 ,28 ,7 ,0 ,0 ,0 ,38104 
2026년,01월,JNA,LJ,진 에어,국제,일본,일본,TAK,도착,정기,여객,31 ,5270 ,8 ,3 ,0 ,0 ,0 ,54324 
2026년,01월,JNA,LJ,진 에어,국제,일본,일본,TAK,출발,정기,여객,31 ,5419 ,13 ,26 ,0 ,0 ,0 ,48179 
2026년,01월,JNA,LJ,진 에어,국제,동북아,대만,RMQ,도착,정기,여객,62 ,10580 ,25 ,23 ,0 ,0 ,0 ,113977 
2026년,01월,JNA,LJ,진 에어,국제,동북아,대만,RMQ,출발,정기,여객,62 ,10522 ,25 ,18 ,0 ,0 ,0 ,115345 
2026년,01월,JNA,LJ,진 에어,국제,동북아,대만,TPE,도착,정기,여객,31 ,11433 ,15 ,15 ,140375 ,0 ,0 ,124528 
2026년,01월,JNA,LJ,진 에어,국제,동북아,대만,TPE,출발,정기,여객,31 ,11448 ,13 ,15 ,201260 ,0 ,11871 ,97528 
2026년,01월,JNA,LJ,진 에어,국제,동남아,말레이시아,BKI,도착,정기,여객,31 ,4946 ,10 ,83 ,6 ,0 ,0 ,60797 
2026년,01월,JNA,LJ,진 에어,국제,동남아,말레이시아,BKI,출발,정기,여객,31 ,5255 ,10 ,56 ,2936 ,0 ,0 ,59905 
2026년,01월,JNA,LJ,진 에어,국제,동남아,베트남,CXR,도착,정기,여객,59 ,9459 ,67 ,46 ,0 ,0 ,0 ,114706 
2026년,01월,JNA,LJ,진 에어,국제,동남아,베트남,CXR,출발,정기,여객,59 ,9800 ,70 ,46 ,0 ,0 ,0 ,93396 
2026년,01월,JNA,LJ,진 에어,국제,동남아,베트남,DAD,도착,정기,여객,31 ,5016 ,24 ,29 ,52207 ,0 ,0 ,56845 
2026년,01월,JNA,LJ,진 에어,국제,동남아,베트남,DAD,도착,부정기,여객,1 ,146 ,3 ,12 ,2451 ,0 ,0 ,1730 
2026년,01월,JNA,LJ,진 에어,국제,동남아,베트남,DAD,출발,정기,여객,31 ,5351 ,31 ,34 ,359 ,0 ,0 ,47575 
2026년,01월,JNA,LJ,진 에어,국제,동남아,베트남,PQC,도착,정기,여객,29 ,8720 ,64 ,166 ,0 ,0 ,0 ,107887 
2026년,01월,JNA,LJ,진 에어,국제,동남아,베트남,PQC,출발,정기,여객,29 ,9818 ,70 ,22 ,0 ,0 ,0 ,98268 
2026년,01월,JNA,LJ,진 에어,국제,동남아,태국,BKK,도착,정기,여객,29 ,4814 ,9 ,81 ,23080 ,0 ,0 ,66241 
2026년,01월,JNA,LJ,진 에어,국제,동남아,태국,BKK,출발,정기,여객,29 ,5025 ,9 ,94 ,1540 ,0 ,3671 ,62784 
2026년,01월,JNA,LJ,진 에어,국제,동남아,태국,CNX,도착,정기,여객,30 ,4940 ,16 ,83 ,0 ,0 ,0 ,67302 
2026년,01월,JNA,LJ,진 에어,국제,동남아,태국,CNX,출발,정기,여객,31 ,5318 ,9 ,69 ,0 ,0 ,0 ,65175 
2026년,01월,JNA,LJ,진 에어,국제,동남아,태국,HKT,도착,정기,여객,30 ,4072 ,19 ,190 ,0 ,0 ,0 ,51356 
2026년,01월,JNA,LJ,진 에어,국제,동남아,태국,HKT,출발,정기,여객,31 ,4556 ,25 ,236 ,4796 ,0 ,0 ,49978 
2026년,01월,JNA,LJ,진 에어,국제,동남아,필리핀,CEB,도착,정기,여객,31 ,4638 ,26 ,126 ,0 ,0 ,0 ,54320 
2026년,01월,JNA,LJ,진 에어,국제,동남아,필리핀,CEB,출발,정기,여객,31 ,5197 ,30 ,151 ,0 ,0 ,0 ,60051 
2026년,01월,JNA,LJ,진 에어,국제,동남아,필리핀,CRK,도착,정기,여객,31 ,4966 ,11 ,72 ,399 ,0 ,0 ,63644 
2026년,01월,JNA,LJ,진 에어,국제,동남아,필리핀,CRK,출발,정기,여객,31 ,5531 ,10 ,179 ,3604 ,0 ,0 ,82510 
2026년,01월,JNA,LJ,진 에어,국제,동남아,필리핀,TAG,도착,정기,여객,61 ,7832 ,23 ,60 ,0 ,0 ,0 ,86038 
2026년,01월,JNA,LJ,진 에어,국제,동남아,필리핀,TAG,출발,정기,여객,62 ,8114 ,20 ,33 ,0 ,0 ,0 ,81290 
2026년,01월,JNA,LJ,진 에어,국제,대양주,괌,GUM,도착,정기,여객,32 ,8135 ,84 ,297 ,0 ,0 ,0 ,103593 
2026년,01월,JNA,LJ,진 에어,국제,대양주,괌,GUM,출발,정기,여객,31 ,8707 ,89 ,194 ,0 ,0 ,0 ,121967 
2026년,01월,JST,JQ,젯스타,국제,대양주,호주,BNE,도착,정기,여객,14 ,3957 ,12 ,0 ,34578 ,0 ,2003 ,64501 
2026년,01월,JST,JQ,젯스타,국제,대양주,호주,BNE,출발,정기,여객,14 ,4416 ,20 ,37 ,84251 ,0 ,7779 ,87000 
2026년,01월,JST,JQ,젯스타,국제,대양주,호주,SYD,도착,정기,여객,31 ,8739 ,15 ,14 ,60950 ,0 ,6015 ,142117 
2026년,01월,JST,JQ,젯스타,국제,대양주,호주,SYD,출발,정기,여객,31 ,9895 ,18 ,72 ,203041 ,0 ,12988 ,170425 
2026년,01월,KAL,KE,대한항공,국내,한국,한국,PUS,도착,정기,여객,155 ,18817 ,60 ,0 ,0 ,0 ,0 ,400027 
2026년,01월,KAL,KE,대한항공,국내,한국,한국,PUS,도착,부정기,여객,1 ,85 ,0 ,0 ,0 ,0 ,0 ,204 
2026년,01월,KAL,KE,대한항공,국내,한국,한국,PUS,출발,정기,여객,155 ,17720 ,46 ,0 ,0 ,0 ,0 ,368419 
2026년,01월,KAL,KE,대한항공,국내,한국,한국,TAE,도착,정기,여객,31 ,2610 ,18 ,0 ,0 ,0 ,0 ,57309 
2026년,01월,KAL,KE,대한항공,국내,한국,한국,TAE,출발,정기,여객,31 ,2289 ,13 ,0 ,0 ,0 ,0 ,48514 
2026년,01월,KAL,KE,대한항공,국제,일본,일본,AOJ,도착,정기,여객,13 ,1571 ,3 ,142 ,0 ,0 ,0 ,24757 
2026년,01월,KAL,KE,대한항공,국제,일본,일본,AOJ,출발,정기,여객,13 ,1700 ,3 ,118 ,0 ,0 ,0 ,23504 
2026년,01월,KAL,KE,대한항공,국제,일본,일본,CTS,도착,정기,여객,61 ,12205 ,37 ,1910 ,7625 ,44796 ,0 ,224967 
2026년,01월,KAL,KE,대한항공,국제,일본,일본,CTS,도착,부정기,여객,6 ,963 ,4 ,15 ,0 ,0 ,0 ,13986 
2026년,01월,KAL,KE,대한항공,국제,일본,일본,CTS,출발,정기,여객,61 ,13427 ,44 ,944 ,3650 ,14282 ,0 ,185552 
2026년,01월,KAL,KE,대한항공,국제,일본,일본,CTS,출발,부정기,여객,6 ,634 ,3 ,8 ,0 ,0 ,0 ,7669 
2026년,01월,KAL,KE,대한항공,국제,일본,일본,FUK,도착,정기,여객,93 ,20220 ,191 ,1419 ,81656 ,336456 ,8786 ,269859 
2026년,01월,KAL,KE,대한항공,국제,일본,일본,FUK,출발,정기,여객,93 ,21703 ,194 ,1591 ,128054 ,245311 ,18088 ,228773 
2026년,01월,KAL,KE,대한항공,국제,일본,일본,HND,도착,정기,여객,31 ,5454 ,7 ,900 ,9331 ,0 ,0 ,78310 
2026년,01월,KAL,KE,대한항공,국제,일본,일본,HND,출발,정기,여객,31 ,5705 ,19 ,906 ,37476 ,1894 ,63757 ,88947 
2026년,01월,KAL,KE,대한항공,국제,일본,일본,KIJ,도착,정기,여객,14 ,1536 ,5 ,298 ,53 ,0 ,0 ,25454 
2026년,01월,KAL,KE,대한항공,국제,일본,일본,KIJ,출발,정기,여객,14 ,1977 ,5 ,120 ,39 ,75 ,0 ,27080 
2026년,01월,KAL,KE,대한항공,국제,일본,일본,KIX,도착,정기,화물,20 ,0 ,0 ,0 ,435206 ,1023444 ,0 ,0 
2026년,01월,KAL,KE,대한항공,국제,일본,일본,KIX,도착,정기,여객,124 ,23146 ,117 ,3033 ,175747 ,210018 ,18360 ,333258 
2026년,01월,KAL,KE,대한항공,국제,일본,일본,KIX,출발,정기,화물,20 ,0 ,0 ,0 ,236511 ,605032 ,83833 ,0 
2026년,01월,KAL,KE,대한항공,국제,일본,일본,KIX,출발,정기,여객,124 ,25015 ,90 ,2795 ,256069 ,318934 ,39757 ,298014 
2026년,01월,KAL,KE,대한항공,국제,일본,일본,KKJ,도착,정기,화물,3 ,0 ,0 ,0 ,62571 ,248115 ,0 ,0 
2026년,01월,KAL,KE,대한항공,국제,일본,일본,KKJ,출발,정기,화물,4 ,0 ,0 ,0 ,681 ,12000 ,0 ,0 
2026년,01월,KAL,KE,대한항공,국제,일본,일본,KMJ,도착,정기,여객,31 ,4129 ,10 ,62 ,50 ,0 ,0 ,60877 
2026년,01월,KAL,KE,대한항공,국제,일본,일본,KMJ,출발,정기,여객,31 ,4085 ,9 ,51 ,0 ,0 ,0 ,52491 
2026년,01월,KAL,KE,대한항공,국제,일본,일본,KMQ,도착,정기,여객,14 ,1892 ,14 ,363 ,300 ,0 ,0 ,25197 
2026년,01월,KAL,KE,대한항공,국제,일본,일본,KMQ,출발,정기,여객,14 ,2213 ,11 ,101 ,59 ,0 ,0 ,23906 
2026년,01월,KAL,KE,대한항공,국제,일본,일본,KOJ,도착,정기,화물,0 ,0 ,0 ,0 ,0 ,0 ,0 ,0 
2026년,01월,KAL,KE,대한항공,국제,일본,일본,KOJ,도착,정기,여객,31 ,6195 ,21 ,185 ,1010 ,0 ,0 ,112895 
2026년,01월,KAL,KE,대한항공,국제,일본,일본,KOJ,출발,정기,여객,31 ,7034 ,16 ,133 ,364 ,0 ,0 ,121700 
2026년,01월,KAL,KE,대한항공,국제,일본,일본,NGO,도착,정기,여객,61 ,6774 ,45 ,1931 ,829 ,3162 ,11440 ,106449 
2026년,01월,KAL,KE,대한항공,국제,일본,일본,NGO,출발,정기,여객,61 ,8222 ,35 ,1548 ,11134 ,7188 ,12305 ,125314 
2026년,01월,KAL,KE,대한항공,국제,일본,일본,NGS,도착,정기,여객,18 ,2120 ,13 ,129 ,55 ,0 ,0 ,29882 
2026년,01월,KAL,KE,대한항공,국제,일본,일본,NGS,출발,정기,여객,18 ,2611 ,7 ,44 ,0 ,0 ,0 ,29759 
2026년,01월,KAL,KE,대한항공,국제,일본,일본,NRT,도착,정기,화물,24 ,0 ,0 ,0 ,1015113 ,919498 ,5790 ,0 
2026년,01월,KAL,KE,대한항공,국제,일본,일본,NRT,도착,정기,여객,124 ,19917 ,66 ,3901 ,70161 ,124448 ,16090 ,334369 
2026년,01월,KAL,KE,대한항공,국제,일본,일본,NRT,도착,부정기,화물,11 ,0 ,0 ,0 ,128120 ,456749 ,2871 ,0 
2026년,01월,KAL,KE,대한항공,국제,일본,일본,NRT,출발,정기,화물,24 ,0 ,0 ,0 ,640609 ,694277 ,77800 ,0 
2026년,01월,KAL,KE,대한항공,국제,일본,일본,NRT,출발,정기,여객,124 ,20854 ,70 ,4359 ,126152 ,240886 ,66837 ,318185 
2026년,01월,KAL,KE,대한항공,국제,일본,일본,NRT,출발,부정기,화물,11 ,0 ,0 ,0 ,101194 ,299128 ,24888 ,0 
2026년,01월,KAL,KE,대한항공,국제,일본,일본,OKA,도착,정기,여객,31 ,5348 ,89 ,91 ,350 ,0 ,0 ,76775 
2026년,01월,KAL,KE,대한항공,국제,일본,일본,OKA,출발,정기,여객,31 ,5239 ,85 ,170 ,722 ,1897 ,0 ,68957 
2026년,01월,KAL,KE,대한항공,국제,일본,일본,OKJ,도착,정기,여객,13 ,1336 ,5 ,358 ,300 ,0 ,0 ,20436 
2026년,01월,KAL,KE,대한항공,국제,일본,일본,OKJ,출발,정기,여객,13 ,1632 ,8 ,93 ,0 ,0 ,0 ,19246 
2026년,01월,KAL,KE,대한항공,국제,일본,일본,UKB,도착,정기,여객,62 ,9316 ,41 ,527 ,1860 ,0 ,0 ,115875 
2026년,01월,KAL,KE,대한항공,국제,일본,일본,UKB,출발,정기,여객,62 ,10171 ,31 ,515 ,126 ,0 ,0 ,107242 
2026년,01월,KAL,KE,대한항공,국제,중국,중국,CAN,도착,정기,화물,35 ,0 ,0 ,0 ,273262 ,3102717 ,11377 ,0 
2026년,01월,KAL,KE,대한항공,국제,중국,중국,CAN,도착,정기,여객,31 ,4184 ,5 ,779 ,0 ,1510 ,0 ,83393 
2026년,01월,KAL,KE,대한항공,국제,중국,중국,CAN,출발,정기,화물,35 ,0 ,0 ,0 ,384255 ,465650 ,43117 ,0 
2026년,01월,KAL,KE,대한항공,국제,중국,중국,CAN,출발,정기,여객,31 ,4446 ,10 ,671 ,35 ,412 ,0 ,75027 
2026년,01월,KAL,KE,대한항공,국제,중국,중국,CGO,도착,정기,화물,10 ,0 ,0 ,0 ,36869 ,841909 ,15608 ,0 
2026년,01월,KAL,KE,대한항공,국제,중국,중국,CGO,도착,정기,여객,18 ,1772 ,3 ,597 ,400 ,0 ,0 ,34543 
2026년,01월,KAL,KE,대한항공,국제,중국,중국,CGO,출발,정기,화물,10 ,0 ,0 ,0 ,48857 ,74307 ,0 ,0 
2026년,01월,KAL,KE,대한항공,국제,중국,중국,CGO,출발,정기,여객,18 ,1982 ,5 ,292 ,1762 ,268 ,0 ,31339 
2026년,01월,KAL,KE,대한항공,국제,중국,중국,CSX,도착,정기,여객,22 ,3076 ,4 ,317 ,6301 ,0 ,0 ,45875 
2026년,01월,KAL,KE,대한항공,국제,중국,중국,CSX,출발,정기,여객,22 ,2690 ,1 ,157 ,1442 ,0 ,0 ,32786 
2026년,01월,KAL,KE,대한항공,국제,중국,중국,DLC,도착,정기,여객,31 ,3927 ,18 ,1233 ,29333 ,106117 ,17066 ,72367 
2026년,01월,KAL,KE,대한항공,국제,중국,중국,DLC,출발,정기,여객,31 ,4173 ,22 ,680 ,16637 ,15781 ,8631 ,59721 
2026년,01월,KAL,KE,대한항공,국제,중국,중국,DYG,도착,정기,여객,8 ,1062 ,1 ,8 ,0 ,0 ,0 ,14333 
2026년,01월,KAL,KE,대한항공,국제,중국,중국,DYG,출발,정기,여객,9 ,1081 ,2 ,6 ,0 ,0 ,0 ,11777 
2026년,01월,KAL,KE,대한항공,국제,중국,중국,FOC,도착,정기,여객,18 ,2043 ,1 ,510 ,0 ,0 ,0 ,45008 
2026년,01월,KAL,KE,대한항공,국제,중국,중국,FOC,출발,정기,여객,18 ,2210 ,4 ,304 ,0 ,0 ,0 ,38500 
2026년,01월,KAL,KE,대한항공,국제,중국,중국,HFE,도착,정기,여객,14 ,2035 ,5 ,175 ,300 ,0 ,0 ,24464 
2026년,01월,KAL,KE,대한항공,국제,중국,중국,HFE,출발,정기,여객,14 ,2152 ,7 ,63 ,167 ,518 ,0 ,27893 
2026년,01월,KAL,KE,대한항공,국제,중국,중국,HGH,도착,정기,여객,13 ,1543 ,3 ,304 ,75 ,0 ,251 ,27438 
2026년,01월,KAL,KE,대한항공,국제,중국,중국,HGH,출발,정기,여객,13 ,1684 ,0 ,110 ,0 ,0 ,0 ,22092 
2026년,01월,KAL,KE,대한항공,국제,중국,중국,KMG,도착,정기,여객,18 ,2374 ,3 ,334 ,0 ,0 ,0 ,38849 
2026년,01월,KAL,KE,대한항공,국제,중국,중국,KMG,출발,정기,여객,17 ,2271 ,7 ,148 ,0 ,0 ,0 ,31452 
2026년,01월,KAL,KE,대한항공,국제,중국,중국,NKG,도착,정기,여객,17 ,2080 ,5 ,683 ,0 ,0 ,0 ,39882 
2026년,01월,KAL,KE,대한항공,국제,중국,중국,NKG,출발,정기,여객,17 ,2516 ,8 ,300 ,9 ,642 ,0 ,37455 
2026년,01월,KAL,KE,대한항공,국제,중국,중국,PEK,도착,정기,여객,79 ,5092 ,9 ,6396 ,3816 ,46819 ,4937 ,204631 
2026년,01월,KAL,KE,대한항공,국제,중국,중국,PEK,출발,정기,여객,79 ,7098 ,21 ,3791 ,19681 ,1159 ,3161 ,166555 
2026년,01월,KAL,KE,대한항공,국제,중국,중국,PVG,도착,정기,화물,36 ,0 ,0 ,0 ,364469 ,2820356 ,0 ,0 
2026년,01월,KAL,KE,대한항공,국제,중국,중국,PVG,도착,정기,여객,93 ,16967 ,32 ,5454 ,63692 ,627349 ,0 ,331335 
2026년,01월,KAL,KE,대한항공,국제,중국,중국,PVG,도착,부정기,화물,12 ,0 ,0 ,0 ,66676 ,929186 ,0 ,0 
2026년,01월,KAL,KE,대한항공,국제,중국,중국,PVG,출발,정기,화물,35 ,0 ,0 ,0 ,1323833 ,948774 ,7862 ,0 
2026년,01월,KAL,KE,대한항공,국제,중국,중국,PVG,출발,정기,여객,93 ,18472 ,29 ,3820 ,123993 ,320568 ,0 ,279328 
2026년,01월,KAL,KE,대한항공,국제,중국,중국,PVG,출발,부정기,화물,12 ,0 ,0 ,0 ,202541 ,235687 ,0 ,0 
2026년,01월,KAL,KE,대한항공,국제,중국,중국,SHE,도착,정기,여객,62 ,5770 ,30 ,3266 ,401 ,10531 ,20434 ,160870 
2026년,01월,KAL,KE,대한항공,국제,중국,중국,SHE,출발,정기,여객,62 ,7108 ,41 ,2177 ,3210 ,1392 ,0 ,151910 
2026년,01월,KAL,KE,대한항공,국제,중국,중국,SZX,도착,정기,여객,31 ,7145 ,11 ,928 ,18883 ,440360 ,0 ,119782 
2026년,01월,KAL,KE,대한항공,국제,중국,중국,SZX,출발,정기,여객,31 ,7658 ,8 ,617 ,235469 ,6240 ,0 ,109067 
2026년,01월,KAL,KE,대한항공,국제,중국,중국,TAO,도착,정기,여객,62 ,7925 ,28 ,2596 ,25868 ,148906 ,952 ,155962 
2026년,01월,KAL,KE,대한항공,국제,중국,중국,TAO,출발,정기,여객,62 ,8649 ,38 ,1575 ,3187 ,13807 ,0 ,124706 
2026년,01월,KAL,KE,대한항공,국제,중국,중국,TSN,도착,정기,화물,20 ,0 ,0 ,0 ,58420 ,1065252 ,82039 ,0 
2026년,01월,KAL,KE,대한항공,국제,중국,중국,TSN,도착,정기,여객,31 ,3818 ,12 ,1143 ,23 ,7262 ,0 ,71003 
2026년,01월,KAL,KE,대한항공,국제,중국,중국,TSN,출발,정기,화물,20 ,0 ,0 ,0 ,318220 ,515969 ,0 ,0 
2026년,01월,KAL,KE,대한항공,국제,중국,중국,TSN,출발,정기,여객,31 ,4293 ,11 ,674 ,9062 ,7040 ,0 ,67242 
2026년,01월,KAL,KE,대한항공,국제,중국,중국,WUH,도착,정기,여객,17 ,3062 ,6 ,880 ,1842 ,376434 ,2073 ,53741 
2026년,01월,KAL,KE,대한항공,국제,중국,중국,WUH,출발,정기,여객,17 ,3458 ,14 ,337 ,24088 ,12146 ,0 ,53070 
2026년,01월,KAL,KE,대한항공,국제,중국,중국,XIY,도착,정기,여객,31 ,5511 ,12 ,1318 ,53868 ,127049 ,0 ,94078 
2026년,01월,KAL,KE,대한항공,국제,중국,중국,XIY,출발,정기,화물,0 ,0 ,0 ,0 ,122597 ,41029 ,0 ,0 
2026년,01월,KAL,KE,대한항공,국제,중국,중국,XIY,출발,정기,여객,31 ,5292 ,11 ,462 ,31261 ,65150 ,0 ,70081 
2026년,01월,KAL,KE,대한항공,국제,중국,중국,XMN,도착,정기,여객,31 ,4958 ,3 ,196 ,2785 ,31742 ,1047 ,71802 
2026년,01월,KAL,KE,대한항공,국제,중국,중국,XMN,출발,정기,여객,31 ,5069 ,3 ,141 ,3223 ,223 ,0 ,62347 
2026년,01월,KAL,KE,대한항공,국제,중국,중국,YNJ,도착,정기,여객,31 ,4207 ,20 ,886 ,0 ,0 ,0 ,83121 
2026년,01월,KAL,KE,대한항공,국제,중국,중국,YNJ,출발,정기,여객,31 ,4219 ,16 ,404 ,0 ,0 ,0 ,59229 
2026년,01월,KAL,KE,대한항공,국제,동북아,대만,RMQ,도착,정기,여객,31 ,4070 ,10 ,65 ,0 ,0 ,0 ,53906 
2026년,01월,KAL,KE,대한항공,국제,동북아,대만,RMQ,출발,정기,여객,31 ,3858 ,8 ,30 ,0 ,0 ,0 ,59963 
2026년,01월,KAL,KE,대한항공,국제,동북아,대만,TPE,도착,정기,여객,62 ,17116 ,39 ,565 ,270857 ,171059 ,0 ,232636 
2026년,01월,KAL,KE,대한항공,국제,동북아,대만,TPE,출발,정기,여객,62 ,17238 ,47 ,333 ,511236 ,83229 ,15746 ,226862 
2026년,01월,KAL,KE,대한항공,국제,동북아,마카오,MFM,도착,정기,여객,31 ,5323 ,41 ,15 ,0 ,0 ,0 ,60318 
2026년,01월,KAL,KE,대한항공,국제,동북아,마카오,MFM,출발,정기,여객,31 ,5182 ,38 ,35 ,90 ,0 ,0 ,50440 
2026년,01월,KAL,KE,대한항공,국제,동북아,홍콩,HKG,도착,정기,화물,35 ,0 ,0 ,0 ,312417 ,2379202 ,0 ,0 
2026년,01월,KAL,KE,대한항공,국제,동북아,홍콩,HKG,도착,정기,여객,93 ,17339 ,35 ,3143 ,21019 ,624146 ,0 ,290593 
2026년,01월,KAL,KE,대한항공,국제,동북아,홍콩,HKG,도착,부정기,화물,30 ,0 ,0 ,0 ,94497 ,2399837 ,0 ,0 
2026년,01월,KAL,KE,대한항공,국제,동북아,홍콩,HKG,출발,정기,화물,34 ,0 ,0 ,0 ,1020597 ,150371 ,0 ,0 
2026년,01월,KAL,KE,대한항공,국제,동북아,홍콩,HKG,출발,정기,여객,93 ,18497 ,49 ,2997 ,91966 ,197146 ,154965 ,303394 
2026년,01월,KAL,KE,대한항공,국제,동북아,홍콩,HKG,출발,부정기,화물,31 ,0 ,0 ,0 ,124367 ,115128 ,0 ,0 
2026년,01월,KAL,KE,대한항공,국제,동북아,몽골,UBN,도착,정기,여객,27 ,3233 ,23 ,2478 ,22965 ,14168 ,119 ,92270 
2026년,01월,KAL,KE,대한항공,국제,동북아,몽골,UBN,출발,정기,여객,27 ,3616 ,66 ,3106 ,84478 ,91555 ,5691 ,152119 
2026년,01월,KAL,KE,대한항공,국제,동남아,말레이시아,KUL,도착,정기,화물,4 ,0 ,0 ,0 ,109161 ,151447 ,0 ,0 
2026년,01월,KAL,KE,대한항공,국제,동남아,말레이시아,KUL,도착,정기,여객,31 ,5967 ,24 ,705 ,69454 ,293455 ,0 ,116543 
2026년,01월,KAL,KE,대한항공,국제,동남아,말레이시아,KUL,출발,정기,화물,4 ,0 ,0 ,0 ,134138 ,167363 ,0 ,0 
2026년,01월,KAL,KE,대한항공,국제,동남아,말레이시아,KUL,출발,정기,여객,31 ,7686 ,21 ,365 ,110001 ,122983 ,6421 ,152470 
2026년,01월,KAL,KE,대한항공,국제,동남아,말레이시아,PEN,도착,정기,화물,22 ,0 ,0 ,0 ,402317 ,1191755 ,0 ,0 
2026년,01월,KAL,KE,대한항공,국제,동남아,말레이시아,PEN,출발,정기,화물,22 ,0 ,0 ,0 ,139179 ,464347 ,0 ,0 
2026년,01월,KAL,KE,대한항공,국제,동남아,미얀마,RGN,도착,정기,여객,4 ,778 ,1 ,112 ,9248 ,12849 ,0 ,21196 
2026년,01월,KAL,KE,대한항공,국제,동남아,미얀마,RGN,출발,정기,여객,4 ,951 ,0 ,77 ,347 ,12496 ,1317 ,47860 
2026년,01월,KAL,KE,대한항공,국제,동남아,베트남,CXR,도착,정기,여객,31 ,7624 ,63 ,430 ,0 ,0 ,0 ,126429 
2026년,01월,KAL,KE,대한항공,국제,동남아,베트남,CXR,도착,부정기,여객,30 ,4069 ,34 ,199 ,361 ,0 ,0 ,64533 
2026년,01월,KAL,KE,대한항공,국제,동남아,베트남,CXR,출발,정기,여객,31 ,7533 ,60 ,563 ,4 ,0 ,0 ,118673 
2026년,01월,KAL,KE,대한항공,국제,동남아,베트남,CXR,출발,부정기,여객,31 ,4222 ,27 ,695 ,0 ,0 ,0 ,73778 
2026년,01월,KAL,KE,대한항공,국제,동남아,베트남,DAD,도착,정기,여객,62 ,15051 ,78 ,1113 ,117769 ,189793 ,0 ,254898 
2026년,01월,KAL,KE,대한항공,국제,동남아,베트남,DAD,출발,정기,여객,62 ,14306 ,76 ,2317 ,8246 ,40307 ,0 ,261700 
2026년,01월,KAL,KE,대한항공,국제,동남아,베트남,HAN,도착,정기,화물,31 ,0 ,0 ,0 ,1148969 ,1122715 ,0 ,0 
2026년,01월,KAL,KE,대한항공,국제,동남아,베트남,HAN,도착,정기,여객,62 ,11070 ,24 ,1982 ,84331 ,198417 ,0 ,222043 
2026년,01월,KAL,KE,대한항공,국제,동남아,베트남,HAN,출발,정기,화물,32 ,0 ,0 ,0 ,2211562 ,358092 ,0 ,0 
2026년,01월,KAL,KE,대한항공,국제,동남아,베트남,HAN,출발,정기,여객,62 ,11966 ,51 ,2772 ,97750 ,155086 ,5588 ,248396 
2026년,01월,KAL,KE,대한항공,국제,동남아,베트남,HAN,출발,부정기,화물,0 ,0 ,0 ,0 ,233920 ,80672 ,0 ,0 
2026년,01월,KAL,KE,대한항공,국제,동남아,베트남,PQC,도착,정기,여객,62 ,14229 ,174 ,835 ,783 ,0 ,0 ,208206 
2026년,01월,KAL,KE,대한항공,국제,동남아,베트남,PQC,출발,정기,여객,62 ,14400 ,167 ,376 ,0 ,0 ,0 ,171220 
2026년,01월,KAL,KE,대한항공,국제,동남아,베트남,SGN,도착,정기,화물,9 ,0 ,0 ,0 ,103081 ,492428 ,0 ,0 
2026년,01월,KAL,KE,대한항공,국제,동남아,베트남,SGN,도착,정기,여객,93 ,13950 ,71 ,8234 ,247042 ,558197 ,0 ,499632 
2026년,01월,KAL,KE,대한항공,국제,동남아,베트남,SGN,출발,정기,화물,9 ,0 ,0 ,0 ,145559 ,101166 ,0 ,0 
2026년,01월,KAL,KE,대한항공,국제,동남아,베트남,SGN,출발,정기,여객,93 ,14633 ,160 ,10641 ,475766 ,233366 ,10166 ,624283 
2026년,01월,KAL,KE,대한항공,국제,동남아,싱가포르,SIN,도착,정기,화물,4 ,0 ,0 ,0 ,139864 ,108805 ,0 ,0 
2026년,01월,KAL,KE,대한항공,국제,동남아,싱가포르,SIN,도착,정기,여객,74 ,14001 ,60 ,2266 ,589775 ,209933 ,0 ,249723 
2026년,01월,KAL,KE,대한항공,국제,동남아,싱가포르,SIN,출발,정기,화물,5 ,0 ,0 ,0 ,337637 ,569924 ,0 ,0 
2026년,01월,KAL,KE,대한항공,국제,동남아,싱가포르,SIN,출발,정기,여객,73 ,18759 ,92 ,1932 ,525108 ,416132 ,31938 ,366646 
2026년,01월,KAL,KE,대한항공,국제,동남아,싱가포르,SIN,출발,부정기,화물,0 ,0 ,0 ,0 ,65494 ,5743 ,0 ,0 
2026년,01월,KAL,KE,대한항공,국제,동남아,인도네시아,CGK,도착,정기,여객,31 ,6633 ,27 ,831 ,214428 ,177968 ,0 ,134264 
2026년,01월,KAL,KE,대한항공,국제,동남아,인도네시아,CGK,출발,정기,화물,0 ,0 ,0 ,0 ,29940 ,108764 ,0 ,0 
2026년,01월,KAL,KE,대한항공,국제,동남아,인도네시아,CGK,출발,정기,여객,31 ,7789 ,37 ,880 ,121132 ,123607 ,27309 ,197613 
2026년,01월,KAL,KE,대한항공,국제,동남아,인도네시아,DPS,도착,정기,여객,62 ,11866 ,56 ,4002 ,4448 ,56632 ,0 ,250215 
2026년,01월,KAL,KE,대한항공,국제,동남아,인도네시아,DPS,출발,정기,여객,62 ,12517 ,81 ,3608 ,140068 ,9479 ,0 ,237352 
2026년,01월,KAL,KE,대한항공,국제,동남아,캄보디아,KTI,도착,정기,여객,31 ,2762 ,19 ,3247 ,55906 ,218453 ,7798 ,138539 
2026년,01월,KAL,KE,대한항공,국제,동남아,캄보디아,KTI,도착,부정기,여객,1 ,272 ,0 ,0 ,1800 ,0 ,0 ,50 
2026년,01월,KAL,KE,대한항공,국제,동남아,캄보디아,KTI,출발,정기,여객,31 ,3043 ,43 ,3449 ,55572 ,104689 ,932 ,163222 
2026년,01월,KAL,KE,대한항공,국제,동남아,캄보디아,KTI,출발,부정기,여객,1 ,194 ,0 ,0 ,0 ,0 ,0 ,0 
2026년,01월,KAL,KE,대한항공,국제,동남아,태국,BKK,도착,정기,화물,7 ,0 ,0 ,0 ,106861 ,394283 ,0 ,0 
2026년,01월,KAL,KE,대한항공,국제,동남아,태국,BKK,도착,정기,여객,155 ,25417 ,62 ,9974 ,310790 ,871388 ,0 ,694877 
2026년,01월,KAL,KE,대한항공,국제,동남아,태국,BKK,도착,부정기,화물,1 ,0 ,0 ,0 ,59883 ,26052 ,0 ,0 
2026년,01월,KAL,KE,대한항공,국제,동남아,태국,BKK,출발,정기,화물,7 ,0 ,0 ,0 ,36537 ,100976 ,0 ,0 
2026년,01월,KAL,KE,대한항공,국제,동남아,태국,BKK,출발,정기,여객,155 ,27300 ,103 ,11709 ,733909 ,365613 ,43371 ,765535 
2026년,01월,KAL,KE,대한항공,국제,동남아,태국,BKK,출발,부정기,화물,1 ,0 ,0 ,0 ,46 ,832 ,0 ,0 
2026년,01월,KAL,KE,대한항공,국제,동남아,태국,CNX,도착,정기,여객,30 ,6202 ,23 ,1247 ,45600 ,0 ,0 ,148577 
2026년,01월,KAL,KE,대한항공,국제,동남아,태국,CNX,출발,정기,여객,31 ,6683 ,29 ,1574 ,2457 ,0 ,0 ,164368 
2026년,01월,KAL,KE,대한항공,국제,동남아,태국,HKT,도착,정기,여객,31 ,5662 ,25 ,1983 ,4279 ,0 ,0 ,122695 
2026년,01월,KAL,KE,대한항공,국제,동남아,태국,HKT,출발,정기,여객,31 ,5993 ,16 ,1123 ,105576 ,464 ,0 ,100624 
2026년,01월,KAL,KE,대한항공,국제,동남아,필리핀,CEB,도착,정기,여객,31 ,4801 ,63 ,3206 ,114440 ,24042 ,0 ,147233 
2026년,01월,KAL,KE,대한항공,국제,동남아,필리핀,CEB,출발,정기,여객,31 ,5944 ,67 ,3017 ,31189 ,339247 ,0 ,182379 
2026년,01월,KAL,KE,대한항공,국제,동남아,필리핀,MNL,도착,정기,여객,124 ,7475 ,28 ,17865 ,293525 ,324535 ,0 ,673505 
2026년,01월,KAL,KE,대한항공,국제,동남아,필리핀,MNL,출발,정기,화물,0 ,0 ,0 ,0 ,45052 ,124557 ,0 ,0 
2026년,01월,KAL,KE,대한항공,국제,동남아,필리핀,MNL,출발,정기,여객,124 ,9011 ,120 ,18940 ,256975 ,296008 ,6399 ,826489 
2026년,01월,KAL,KE,대한항공,국제,미주,멕시코,GDL,도착,정기,화물,13 ,0 ,0 ,0 ,153317 ,401507 ,0 ,0 
2026년,01월,KAL,KE,대한항공,국제,미주,멕시코,GDL,출발,정기,화물,13 ,0 ,0 ,0 ,2188 ,270531 ,0 ,0 
2026년,01월,KAL,KE,대한항공,국제,미주,미국,ANC,도착,정기,화물,0 ,0 ,0 ,0 ,43 ,0 ,0 ,0 
2026년,01월,KAL,KE,대한항공,국제,미주,미국,ANC,출발,정기,화물,0 ,0 ,0 ,0 ,11418 ,56161 ,0 ,0 
2026년,01월,KAL,KE,대한항공,국제,미주,미국,ATL,도착,정기,화물,9 ,0 ,0 ,0 ,172314 ,262173 ,0 ,0 
2026년,01월,KAL,KE,대한항공,국제,미주,미국,ATL,도착,정기,여객,30 ,4334 ,28 ,2862 ,5 ,12532 ,0 ,218648 
2026년,01월,KAL,KE,대한항공,국제,미주,미국,ATL,출발,정기,화물,9 ,0 ,0 ,0 ,355149 ,243405 ,0 ,0 
2026년,01월,KAL,KE,대한항공,국제,미주,미국,ATL,출발,정기,여객,30 ,5201 ,27 ,2646 ,25112 ,315675 ,0 ,238246 
2026년,01월,KAL,KE,대한항공,국제,미주,미국,BOS,도착,정기,여객,29 ,1927 ,15 ,4678 ,54282 ,10278 ,0 ,188024 
2026년,01월,KAL,KE,대한항공,국제,미주,미국,BOS,출발,정기,여객,29 ,4118 ,33 ,3291 ,37996 ,230575 ,0 ,221258 
2026년,01월,KAL,KE,대한항공,국제,미주,미국,DFW,도착,정기,여객,29 ,3314 ,23 ,3622 ,6925 ,14873 ,0 ,193665 
2026년,01월,KAL,KE,대한항공,국제,미주,미국,DFW,출발,정기,화물,0 ,0 ,0 ,0 ,396952 ,996873 ,0 ,0 
2026년,01월,KAL,KE,대한항공,국제,미주,미국,DFW,출발,정기,여객,29 ,4468 ,35 ,3262 ,13502 ,212484 ,0 ,222956 
2026년,01월,KAL,KE,대한항공,국제,미주,미국,IAD,도착,정기,여객,30 ,2969 ,21 ,4113 ,35662 ,67768 ,0 ,211042 
2026년,01월,KAL,KE,대한항공,국제,미주,미국,IAD,출발,정기,여객,30 ,4256 ,29 ,3383 ,31653 ,276926 ,0 ,234095 
2026년,01월,KAL,KE,대한항공,국제,미주,미국,JFK,도착,정기,화물,36 ,0 ,0 ,0 ,819076 ,350405 ,0 ,0 
2026년,01월,KAL,KE,대한항공,국제,미주,미국,JFK,도착,정기,여객,60 ,10382 ,48 ,7635 ,94193 ,70738 ,145 ,476816 
2026년,01월,KAL,KE,대한항공,국제,미주,미국,JFK,출발,정기,화물,37 ,0 ,0 ,0 ,336756 ,952449 ,0 ,0 
2026년,01월,KAL,KE,대한항공,국제,미주,미국,JFK,출발,정기,여객,60 ,12337 ,84 ,6973 ,127910 ,346282 ,58837 ,555142 
2026년,01월,KAL,KE,대한항공,국제,미주,미국,LAS,도착,정기,여객,31 ,3903 ,11 ,3761 ,0 ,0 ,0 ,198690 
2026년,01월,KAL,KE,대한항공,국제,미주,미국,LAS,도착,부정기,여객,2 ,546 ,0 ,0 ,0 ,0 ,0 ,8026 
2026년,01월,KAL,KE,대한항공,국제,미주,미국,LAS,출발,정기,여객,31 ,4465 ,13 ,3718 ,3604 ,383658 ,0 ,180969 
2026년,01월,KAL,KE,대한항공,국제,미주,미국,LAS,출발,부정기,여객,2 ,548 ,0 ,0 ,0 ,0 ,0 ,5965 
2026년,01월,KAL,KE,대한항공,국제,미주,미국,LAX,도착,정기,화물,56 ,0 ,0 ,0 ,987196 ,446637 ,0 ,0 
2026년,01월,KAL,KE,대한항공,국제,미주,미국,LAX,도착,정기,여객,62 ,12908 ,60 ,7786 ,200025 ,72552 ,839 ,516015 
2026년,01월,KAL,KE,대한항공,국제,미주,미국,LAX,도착,부정기,화물,3 ,0 ,0 ,0 ,64582 ,7721 ,0 ,0 
2026년,01월,KAL,KE,대한항공,국제,미주,미국,LAX,출발,정기,화물,56 ,0 ,0 ,0 ,2098811 ,3636947 ,0 ,0 
2026년,01월,KAL,KE,대한항공,국제,미주,미국,LAX,출발,정기,여객,62 ,14320 ,82 ,7173 ,46810 ,423172 ,30791 ,532197 
2026년,01월,KAL,KE,대한항공,국제,미주,미국,LAX,출발,부정기,화물,3 ,0 ,0 ,0 ,134366 ,172186 ,0 ,0 
2026년,01월,KAL,KE,대한항공,국제,미주,미국,LCK,도착,정기,화물,0 ,0 ,0 ,0 ,148000 ,0 ,0 ,0 
2026년,01월,KAL,KE,대한항공,국제,미주,미국,MIA,출발,정기,화물,0 ,0 ,0 ,0 ,15448 ,726118 ,0 ,0 
2026년,01월,KAL,KE,대한항공,국제,미주,미국,ORD,도착,정기,화물,37 ,0 ,0 ,0 ,186877 ,126951 ,0 ,0 
2026년,01월,KAL,KE,대한항공,국제,미주,미국,ORD,도착,정기,여객,31 ,2783 ,23 ,4525 ,37264 ,81188 ,1072 ,209259 
2026년,01월,KAL,KE,대한항공,국제,미주,미국,ORD,출발,정기,화물,37 ,0 ,0 ,0 ,1168191 ,3305220 ,0 ,0 
2026년,01월,KAL,KE,대한항공,국제,미주,미국,ORD,출발,정기,여객,31 ,4816 ,36 ,3445 ,97770 ,390701 ,15759 ,236636 
2026년,01월,KAL,KE,대한항공,국제,미주,미국,SEA,도착,정기,화물,18 ,0 ,0 ,0 ,515287 ,348640 ,0 ,0 
2026년,01월,KAL,KE,대한항공,국제,미주,미국,SEA,도착,정기,여객,31 ,3624 ,30 ,4382 ,6897 ,70958 ,0 ,186632 
2026년,01월,KAL,KE,대한항공,국제,미주,미국,SEA,출발,정기,화물,18 ,0 ,0 ,0 ,35926 ,64888 ,0 ,0 
2026년,01월,KAL,KE,대한항공,국제,미주,미국,SEA,출발,정기,여객,31 ,4477 ,41 ,4314 ,8670 ,237779 ,0 ,214776 
2026년,01월,KAL,KE,대한항공,국제,미주,미국,SFO,도착,정기,화물,0 ,0 ,0 ,0 ,183746 ,180292 ,0 ,0 
2026년,01월,KAL,KE,대한항공,국제,미주,미국,SFO,도착,정기,여객,31 ,4617 ,16 ,2739 ,22849 ,5884 ,0 ,169687 
2026년,01월,KAL,KE,대한항공,국제,미주,미국,SFO,출발,정기,여객,31 ,5732 ,32 ,2898 ,65274 ,233131 ,0 ,207549 
2026년,01월,KAL,KE,대한항공,국제,미주,브라질,VCP,도착,정기,화물,8 ,0 ,0 ,0 ,2778 ,12321 ,0 ,0 
2026년,01월,KAL,KE,대한항공,국제,미주,브라질,VCP,출발,정기,화물,9 ,0 ,0 ,0 ,18850 ,232287 ,0 ,0 
2026년,01월,KAL,KE,대한항공,국제,미주,칠레,SCL,도착,정기,화물,0 ,0 ,0 ,0 ,27261 ,126332 ,0 ,0 
2026년,01월,KAL,KE,대한항공,국제,미주,캐나다,YEG,도착,정기,화물,0 ,0 ,0 ,0 ,0 ,0 ,0 ,0 
2026년,01월,KAL,KE,대한항공,국제,미주,캐나다,YHZ,도착,정기,화물,0 ,0 ,0 ,0 ,119947 ,325494 ,0 ,0 
2026년,01월,KAL,KE,대한항공,국제,미주,캐나다,YVR,도착,정기,화물,0 ,0 ,0 ,0 ,20949 ,8086 ,0 ,0 
2026년,01월,KAL,KE,대한항공,국제,미주,캐나다,YVR,도착,정기,여객,48 ,4476 ,37 ,8559 ,30786 ,54078 ,0 ,376852 
2026년,01월,KAL,KE,대한항공,국제,미주,캐나다,YVR,출발,정기,여객,49 ,6109 ,91 ,7344 ,9336 ,436755 ,29577 ,421790 
2026년,01월,KAL,KE,대한항공,국제,미주,캐나다,YYZ,도착,정기,화물,12 ,0 ,0 ,0 ,200152 ,139715 ,0 ,0 
2026년,01월,KAL,KE,대한항공,국제,미주,캐나다,YYZ,도착,정기,여객,31 ,3310 ,28 ,5025 ,36920 ,12727 ,0 ,250948 
2026년,01월,KAL,KE,대한항공,국제,미주,캐나다,YYZ,출발,정기,화물,13 ,0 ,0 ,0 ,14860 ,988987 ,0 ,0 
2026년,01월,KAL,KE,대한항공,국제,미주,캐나다,YYZ,출발,정기,여객,31 ,4168 ,52 ,4335 ,32935 ,399087 ,28427 ,273650 
2026년,01월,KAL,KE,대한항공,국제,미주,페루,LIM,도착,정기,화물,0 ,0 ,0 ,0 ,132831 ,200665 ,0 ,0 
2026년,01월,KAL,KE,대한항공,국제,대양주,뉴질랜드,AKL,도착,정기,여객,31 ,6452 ,31 ,812 ,52759 ,355633 ,0 ,141259 
2026년,01월,KAL,KE,대한항공,국제,대양주,뉴질랜드,AKL,출발,정기,여객,31 ,7566 ,33 ,670 ,15758 ,103901 ,15663 ,183928 
2026년,01월,KAL,KE,대한항공,국제,대양주,호주,BNE,도착,정기,여객,18 ,3584 ,26 ,429 ,40057 ,3082 ,0 ,76141 
2026년,01월,KAL,KE,대한항공,국제,대양주,호주,BNE,출발,정기,여객,18 ,3984 ,27 ,495 ,31098 ,69054 ,11867 ,93442 
2026년,01월,KAL,KE,대한항공,국제,대양주,호주,SYD,도착,정기,여객,31 ,7822 ,30 ,744 ,76438 ,2076 ,0 ,160542 
2026년,01월,KAL,KE,대한항공,국제,대양주,호주,SYD,출발,정기,여객,31 ,8937 ,51 ,561 ,104009 ,121446 ,25668 ,178993 
2026년,01월,KAL,KE,대한항공,국제,대양주,괌,GUM,도착,정기,여객,62 ,16508 ,287 ,1703 ,20168 ,1611 ,0 ,248040 
2026년,01월,KAL,KE,대한항공,국제,대양주,괌,GUM,도착,부정기,여객,2 ,352 ,9 ,95 ,0 ,0 ,0 ,5930 
2026년,01월,KAL,KE,대한항공,국제,대양주,괌,GUM,출발,정기,여객,62 ,17094 ,270 ,1447 ,92700 ,58728 ,0 ,240196 
2026년,01월,KAL,KE,대한항공,국제,대양주,하와이,HNL,도착,정기,여객,31 ,7562 ,44 ,1549 ,32164 ,27186 ,0 ,191072 
2026년,01월,KAL,KE,대한항공,국제,대양주,하와이,HNL,도착,부정기,여객,1 ,293 ,3 ,68 ,0 ,0 ,0 ,6664 
2026년,01월,KAL,KE,대한항공,국제,대양주,하와이,HNL,출발,정기,여객,31 ,8118 ,36 ,1207 ,5951 ,357204 ,1216 ,176333 
2026년,01월,KAL,KE,대한항공,국제,유럽,네덜란드,AMS,도착,정기,화물,14 ,0 ,0 ,0 ,561234 ,201191 ,3770 ,0 
2026년,01월,KAL,KE,대한항공,국제,유럽,네덜란드,AMS,도착,정기,여객,17 ,2943 ,14 ,481 ,56003 ,65677 ,11235 ,69669 
2026년,01월,KAL,KE,대한항공,국제,유럽,네덜란드,AMS,출발,정기,화물,13 ,0 ,0 ,0 ,316971 ,715757 ,0 ,0 
2026년,01월,KAL,KE,대한항공,국제,유럽,네덜란드,AMS,출발,정기,여객,18 ,4357 ,29 ,622 ,7182 ,64013 ,0 ,106952 
2026년,01월,KAL,KE,대한항공,국제,유럽,노르웨이,OSL,도착,정기,화물,7 ,0 ,0 ,0 ,465391 ,103862 ,0 ,0 
2026년,01월,KAL,KE,대한항공,국제,유럽,노르웨이,OSL,출발,정기,화물,7 ,0 ,0 ,0 ,22358 ,21076 ,0 ,0 
2026년,01월,KAL,KE,대한항공,국제,유럽,독일,FRA,도착,정기,화물,14 ,0 ,0 ,0 ,692188 ,208509 ,0 ,0 
2026년,01월,KAL,KE,대한항공,국제,유럽,독일,FRA,도착,정기,여객,14 ,3083 ,13 ,188 ,96302 ,29362 ,0 ,70782 
2026년,01월,KAL,KE,대한항공,국제,유럽,독일,FRA,출발,정기,화물,14 ,0 ,0 ,0 ,418241 ,771229 ,6582 ,0 
2026년,01월,KAL,KE,대한항공,국제,유럽,독일,FRA,출발,정기,여객,13 ,2918 ,16 ,320 ,67202 ,107369 ,10436 ,77645 
2026년,01월,KAL,KE,대한항공,국제,유럽,스위스,ZRH,도착,정기,화물,3 ,0 ,0 ,0 ,133844 ,41677 ,0 ,0 
2026년,01월,KAL,KE,대한항공,국제,유럽,스위스,ZRH,출발,정기,화물,3 ,0 ,0 ,0 ,16323 ,38923 ,0 ,0 
2026년,01월,KAL,KE,대한항공,국제,유럽,스페인,MAD,도착,정기,화물,9 ,0 ,0 ,0 ,305219 ,483947 ,0 ,0 
2026년,01월,KAL,KE,대한항공,국제,유럽,스페인,MAD,도착,정기,여객,18 ,4711 ,7 ,80 ,113303 ,53349 ,0 ,93146 
2026년,01월,KAL,KE,대한항공,국제,유럽,스페인,MAD,출발,정기,화물,9 ,0 ,0 ,0 ,1674 ,690987 ,540 ,0 
2026년,01월,KAL,KE,대한항공,국제,유럽,스페인,MAD,출발,정기,여객,18 ,4878 ,4 ,329 ,4257 ,38774 ,3651 ,91869 
2026년,01월,KAL,KE,대한항공,국제,유럽,영국,LHR,도착,정기,화물,12 ,0 ,0 ,0 ,219901 ,50899 ,0 ,0 
2026년,01월,KAL,KE,대한항공,국제,유럽,영국,LHR,도착,정기,여객,31 ,5608 ,18 ,362 ,132851 ,37573 ,13387 ,124813 
2026년,01월,KAL,KE,대한항공,국제,유럽,영국,LHR,출발,정기,화물,13 ,0 ,0 ,0 ,244607 ,411998 ,4664 ,0 
2026년,01월,KAL,KE,대한항공,국제,유럽,영국,LHR,출발,정기,여객,31 ,7057 ,19 ,968 ,137680 ,176365 ,38067 ,179386 
2026년,01월,KAL,KE,대한항공,국제,유럽,오스트리아,VIE,도착,정기,여객,14 ,2910 ,7 ,260 ,82235 ,21231 ,0 ,65242 
2026년,01월,KAL,KE,대한항공,국제,유럽,오스트리아,VIE,출발,정기,화물,0 ,0 ,0 ,0 ,570234 ,562291 ,495 ,0 
2026년,01월,KAL,KE,대한항공,국제,유럽,오스트리아,VIE,출발,정기,여객,13 ,2793 ,5 ,482 ,44007 ,73392 ,2476 ,73149 
2026년,01월,KAL,KE,대한항공,국제,유럽,오스트리아,VIE,출발,부정기,화물,0 ,0 ,0 ,0 ,45661 ,4427 ,0 ,0 
2026년,01월,KAL,KE,대한항공,국제,유럽,이탈리아,FCO,도착,정기,여객,13 ,3612 ,5 ,126 ,34716 ,28035 ,0 ,74438 
2026년,01월,KAL,KE,대한항공,국제,유럽,이탈리아,FCO,출발,정기,여객,13 ,3511 ,3 ,294 ,61467 ,15619 ,0 ,66263 
2026년,01월,KAL,KE,대한항공,국제,유럽,이탈리아,MXP,도착,정기,화물,4 ,0 ,0 ,0 ,269351 ,25527 ,0 ,0 
2026년,01월,KAL,KE,대한항공,국제,유럽,이탈리아,MXP,도착,정기,여객,18 ,3980 ,7 ,177 ,129415 ,32750 ,0 ,85073 
2026년,01월,KAL,KE,대한항공,국제,유럽,이탈리아,MXP,도착,부정기,화물,9 ,0 ,0 ,0 ,358829 ,113037 ,0 ,0 
2026년,01월,KAL,KE,대한항공,국제,유럽,이탈리아,MXP,출발,정기,화물,4 ,0 ,0 ,0 ,17128 ,114618 ,0 ,0 
2026년,01월,KAL,KE,대한항공,국제,유럽,이탈리아,MXP,출발,정기,여객,17 ,3943 ,7 ,612 ,12042 ,239561 ,1607 ,94489 
2026년,01월,KAL,KE,대한항공,국제,유럽,이탈리아,MXP,출발,부정기,화물,9 ,0 ,0 ,0 ,0 ,2536 ,0 ,0 
2026년,01월,KAL,KE,대한항공,국제,유럽,체코,PRG,도착,정기,여객,14 ,3027 ,8 ,273 ,65658 ,80045 ,0 ,66021 
2026년,01월,KAL,KE,대한항공,국제,유럽,체코,PRG,출발,정기,여객,13 ,2738 ,8 ,643 ,52838 ,32662 ,0 ,68257 
2026년,01월,KAL,KE,대한항공,국제,유럽,포르투갈,LIS,도착,정기,여객,14 ,3434 ,4 ,41 ,63497 ,23566 ,0 ,68870 
2026년,01월,KAL,KE,대한항공,국제,유럽,포르투갈,LIS,출발,정기,여객,13 ,3390 ,2 ,48 ,1365 ,360 ,0 ,60312 
2026년,01월,KAL,KE,대한항공,국제,유럽,프랑스,CDG,도착,정기,화물,0 ,0 ,0 ,0 ,287510 ,95785 ,0 ,0 
2026년,01월,KAL,KE,대한항공,국제,유럽,프랑스,CDG,도착,정기,여객,27 ,5817 ,19 ,484 ,364160 ,32528 ,0 ,140152 
2026년,01월,KAL,KE,대한항공,국제,유럽,프랑스,CDG,출발,정기,여객,27 ,6635 ,12 ,325 ,53006 ,317504 ,14411 ,149584 
2026년,01월,KAL,KE,대한항공,국제,유럽,헝가리,BUD,도착,정기,여객,13 ,2927 ,4 ,118 ,61508 ,726 ,0 ,62241 
2026년,01월,KAL,KE,대한항공,국제,유럽,헝가리,BUD,출발,정기,여객,14 ,3229 ,2 ,413 ,16832 ,115199 ,2133 ,88376 
2026년,01월,KAL,KE,대한항공,국제,유럽,튀르키예,IST,도착,정기,여객,14 ,3970 ,3 ,230 ,165051 ,10809 ,0 ,76365 
2026년,01월,KAL,KE,대한항공,국제,유럽,튀르키예,IST,출발,정기,여객,13 ,3696 ,1 ,233 ,64706 ,38967 ,1302 ,69149 
2026년,01월,KAL,KE,대한항공,국제,중동,아랍에미리트,DXB,도착,정기,여객,31 ,8080 ,10 ,346 ,30032 ,14879 ,0 ,147596 
2026년,01월,KAL,KE,대한항공,국제,중동,아랍에미리트,DXB,출발,정기,여객,31 ,8649 ,11 ,211 ,162201 ,47006 ,10961 ,148930 
2026년,01월,KAL,KE,대한항공,국제,기타,네팔,KTM,도착,정기,여객,8 ,940 ,16 ,821 ,5930 ,7737 ,0 ,46668 
2026년,01월,KAL,KE,대한항공,국제,기타,네팔,KTM,출발,정기,여객,9 ,1591 ,30 ,516 ,1696 ,85950 ,0 ,60613 
2026년,01월,KAL,KE,대한항공,국제,기타,이집트,CAI,도착,부정기,여객,2 ,571 ,0 ,0 ,0 ,0 ,0 ,9764 
2026년,01월,KAL,KE,대한항공,국제,기타,이집트,CAI,출발,부정기,여객,3 ,854 ,0 ,0 ,0 ,0 ,0 ,14715 
2026년,01월,KAL,KE,대한항공,국제,기타,인도,DEL,도착,정기,여객,23 ,3472 ,10 ,1136 ,71865 ,35968 ,0 ,92786 
2026년,01월,KAL,KE,대한항공,국제,기타,인도,DEL,출발,정기,여객,22 ,4397 ,20 ,924 ,16085 ,145458 ,0 ,121009 
2026년,01월,KAL,KE,대한항공,국제,기타,인도,DEL,출발,부정기,화물,0 ,0 ,0 ,0 ,107880 ,56101 ,0 ,0 
2026년,01월,KLM,KL,KLM네덜란드항공,국제,유럽,네덜란드,AMS,도착,정기,여객,22 ,4139 ,26 ,505 ,230414 ,0 ,0 ,86939 
2026년,01월,KLM,KL,KLM네덜란드항공,국제,유럽,네덜란드,AMS,출발,정기,여객,22 ,5320 ,20 ,481 ,262492 ,0 ,9410 ,125265 
2026년,01월,KZR,KC,아스타나항공,국제,유럽,카자흐스탄,ALA,도착,정기,여객,31 ,3743 ,33 ,330 ,5867 ,0 ,991 ,73139 
2026년,01월,KZR,KC,아스타나항공,국제,유럽,카자흐스탄,ALA,출발,정기,여객,31 ,4173 ,36 ,361 ,90222 ,0 ,3611 ,101623 
2026년,01월,KZR,KC,아스타나항공,국제,유럽,카자흐스탄,NQZ,도착,정기,여객,8 ,678 ,3 ,152 ,34 ,0 ,82 ,12532 
2026년,01월,KZR,KC,아스타나항공,국제,유럽,카자흐스탄,NQZ,출발,정기,여객,8 ,760 ,3 ,161 ,192 ,0 ,0 ,20501 
2026년,01월,LAO,QV,라오 항공,국제,동남아,라오스,VTE,도착,정기,여객,31 ,2806 ,3 ,132 ,39570 ,0 ,81 ,45062 
2026년,01월,LAO,QV,라오 항공,국제,동남아,라오스,VTE,출발,정기,여객,31 ,2887 ,3 ,55 ,20238 ,0 ,2585 ,48803 
2026년,01월,LHA,GI,롱하오 항공,국제,중국,중국,WEH,도착,정기,화물,30 ,0 ,0 ,0 ,453189 ,0 ,0 ,0 
2026년,01월,LHA,GI,롱하오 항공,국제,중국,중국,WEH,출발,정기,화물,30 ,0 ,0 ,0 ,351337 ,0 ,0 ,0 
2026년,01월,LOT,LO,LOT 폴란드항공,국제,유럽,폴란드,WAW,도착,정기,여객,16 ,2356 ,5 ,55 ,111992 ,0 ,3885 ,44070 
2026년,01월,LOT,LO,LOT 폴란드항공,국제,유럽,폴란드,WAW,출발,정기,여객,17 ,3815 ,4 ,115 ,121074 ,0 ,16216 ,80012 
2026년,01월,LOT,LO,LOT 폴란드항공,국제,유럽,폴란드,WRO,도착,정기,여객,5 ,960 ,1 ,23 ,9786 ,0 ,0 ,19545 
2026년,01월,LOT,LO,LOT 폴란드항공,국제,유럽,폴란드,WRO,출발,정기,여객,5 ,1011 ,8 ,7 ,31103 ,0 ,0 ,25796 
2026년,01월,MAA,M7,MAS AIR,국제,중국,중국,HGH,도착,정기,화물,0 ,0 ,0 ,0 ,0 ,0 ,0 ,0 
2026년,01월,MAA,M7,MAS AIR,국제,중국,중국,WUX,도착,정기,화물,0 ,0 ,0 ,0 ,0 ,0 ,0 ,0 
2026년,01월,MAA,M7,MAS AIR,국제,미주,멕시코,NLU,도착,정기,화물,20 ,0 ,0 ,0 ,0 ,0 ,0 ,0 
2026년,01월,MAA,M7,MAS AIR,국제,미주,멕시코,NLU,출발,정기,화물,20 ,0 ,0 ,0 ,0 ,0 ,0 ,0 
2026년,01월,MAA,M7,MAS AIR,국제,미주,미국,ANC,출발,정기,화물,0 ,0 ,0 ,0 ,0 ,0 ,0 ,0 
2026년,01월,MAA,M7,MAS AIR,국제,미주,미국,LAX,도착,정기,화물,0 ,0 ,0 ,0 ,0 ,0 ,0 ,0 
2026년,01월,MAS,MH,말레이시아항공,국제,동남아,말레이시아,KUL,도착,정기,여객,53 ,10809 ,60 ,30 ,442726 ,0 ,1573 ,178016 
2026년,01월,MAS,MH,말레이시아항공,국제,동남아,말레이시아,KUL,출발,정기,여객,54 ,14669 ,73 ,134 ,629304 ,0 ,11899 ,279982 
2026년,01월,MFX,C6,센트럼 항공 / MY FREIGHTER,국제,유럽,우즈베키스탄,TAS,도착,정기,여객,9 ,1222 ,16 ,8 ,239 ,0 ,132 ,20775 
2026년,01월,MFX,C6,센트럼 항공 / MY FREIGHTER,국제,유럽,우즈베키스탄,TAS,출발,정기,여객,9 ,1258 ,23 ,15 ,446 ,0 ,881 ,23722 
2026년,01월,MGL,OM,몽골항공,국제,동북아,몽골,UBN,도착,정기,여객,60 ,7410 ,76 ,689 ,13976 ,0 ,1223 ,130485 
2026년,01월,MGL,OM,몽골항공,국제,동북아,몽골,UBN,도착,부정기,화물,4 ,0 ,0 ,0 ,9400 ,62 ,0 ,0 
2026년,01월,MGL,OM,몽골항공,국제,동북아,몽골,UBN,도착,부정기,여객,5 ,373 ,3 ,4 ,0 ,0 ,0 ,5890 
2026년,01월,MGL,OM,몽골항공,국제,동북아,몽골,UBN,출발,정기,여객,60 ,8042 ,80 ,2144 ,62467 ,0 ,839 ,203408 
2026년,01월,MGL,OM,몽골항공,국제,동북아,몽골,UBN,출발,부정기,화물,4 ,0 ,0 ,0 ,75758 ,0 ,0 ,0 
2026년,01월,MGL,OM,몽골항공,국제,동북아,몽골,UBN,출발,부정기,여객,5 ,790 ,10 ,29 ,812 ,0 ,0 ,16445 
2026년,01월,MMA,8M,미얀마 국제항공,국제,동남아,미얀마,RGN,도착,정기,여객,18 ,1787 ,7 ,3 ,3749 ,0 ,0 ,38221 
2026년,01월,MMA,8M,미얀마 국제항공,국제,동남아,미얀마,RGN,도착,부정기,여객,2 ,89 ,0 ,0 ,340 ,0 ,0 ,1798 
2026년,01월,MMA,8M,미얀마 국제항공,국제,동남아,미얀마,RGN,출발,정기,여객,18 ,1820 ,7 ,16 ,3099 ,0 ,0 ,51654 
2026년,01월,MMA,8M,미얀마 국제항공,국제,동남아,미얀마,RGN,출발,부정기,여객,2 ,219 ,1 ,5 ,242 ,0 ,0 ,7418 
2026년,01월,MMA,8M,미얀마 국제항공,국제,동남아,베트남,HAN,출발,정기,여객,0 ,0 ,0 ,0 ,0 ,0 ,0 ,0 
2026년,01월,MMA,8M,미얀마 국제항공,국제,동남아,베트남,HAN,출발,부정기,여객,0 ,0 ,0 ,0 ,0 ,0 ,0 ,0 
2026년,01월,MNG,M0,에어로몽골리아,국제,동북아,몽골,UBN,도착,정기,여객,23 ,2251 ,13 ,4 ,0 ,0 ,0 ,38324 
2026년,01월,MNG,M0,에어로몽골리아,국제,동북아,몽골,UBN,출발,정기,여객,23 ,2976 ,36 ,22 ,3 ,0 ,0 ,65313 
2026년,01월,MXD,OD,바틱에어,국제,동남아,말레이시아,BKI,도착,정기,여객,14 ,1937 ,9 ,0 ,0 ,0 ,0 ,22013 
2026년,01월,MXD,OD,바틱에어,국제,동남아,말레이시아,BKI,출발,정기,여객,14 ,1981 ,9 ,6 ,0 ,0 ,0 ,22644 
2026년,01월,MXD,OD,바틱에어,국제,동남아,말레이시아,KUL,도착,정기,여객,31 ,4157 ,25 ,1 ,1307 ,0 ,0 ,50858 
2026년,01월,MXD,OD,바틱에어,국제,동남아,말레이시아,KUL,출발,정기,여객,31 ,5089 ,16 ,7 ,26189 ,0 ,0 ,71484 
2026년,01월,PAC,PO,폴라에어카고,국제,중국,중국,PVG,출발,정기,화물,0 ,0 ,0 ,0 ,319487 ,124476 ,0 ,0 
2026년,01월,PAC,PO,폴라에어카고,국제,미주,미국,ANC,도착,정기,화물,0 ,0 ,0 ,0 ,311267 ,745 ,0 ,0 
2026년,01월,PAC,PO,폴라에어카고,국제,미주,미국,ANC,출발,정기,화물,0 ,0 ,0 ,0 ,0 ,0 ,0 ,0 
2026년,01월,PAC,PO,폴라에어카고,국제,미주,미국,CVG,도착,정기,화물,22 ,0 ,0 ,0 ,118433 ,0 ,0 ,0 
2026년,01월,PAC,PO,폴라에어카고,국제,미주,미국,CVG,출발,정기,화물,22 ,0 ,0 ,0 ,0 ,0 ,0 ,0 
2026년,01월,PAL,PR,필리핀항공,국제,동남아,필리핀,CEB,도착,정기,여객,30 ,3559 ,27 ,58 ,5021 ,0 ,0 ,47208 
2026년,01월,PAL,PR,필리핀항공,국제,동남아,필리핀,CEB,출발,정기,여객,30 ,4050 ,24 ,85 ,9912 ,0 ,0 ,58049 
2026년,01월,PAL,PR,필리핀항공,국제,동남아,필리핀,KLO,도착,정기,여객,28 ,4158 ,9 ,4 ,0 ,0 ,0 ,48284 
2026년,01월,PAL,PR,필리핀항공,국제,동남아,필리핀,KLO,출발,정기,여객,28 ,4816 ,10 ,4 ,0 ,0 ,0 ,52903 
2026년,01월,PAL,PR,필리핀항공,국제,동남아,필리핀,MNL,도착,정기,여객,62 ,12370 ,62 ,1247 ,39797 ,0 ,633 ,222216 
2026년,01월,PAL,PR,필리핀항공,국제,동남아,필리핀,MNL,도착,부정기,여객,1 ,88 ,1 ,0 ,0 ,0 ,0 ,1447 
2026년,01월,PAL,PR,필리핀항공,국제,동남아,필리핀,MNL,출발,정기,여객,62 ,12380 ,61 ,2286 ,134822 ,0 ,0 ,301421 
2026년,01월,PAL,PR,필리핀항공,국제,동남아,필리핀,TAG,도착,정기,여객,28 ,4337 ,11 ,4 ,0 ,0 ,0 ,51247 
2026년,01월,PAL,PR,필리핀항공,국제,동남아,필리핀,TAG,출발,정기,여객,29 ,4839 ,10 ,13 ,0 ,0 ,0 ,54984 
2026년,01월,PTA,WE,파라타항공,국제,일본,일본,KIX,도착,정기,여객,31 ,4537 ,15 ,0 ,0 ,0 ,0 ,49057 
2026년,01월,PTA,WE,파라타항공,국제,일본,일본,KIX,출발,정기,여객,31 ,4954 ,12 ,0 ,423 ,0 ,0 ,40856 
2026년,01월,PTA,WE,파라타항공,국제,일본,일본,NRT,도착,정기,여객,53 ,12842 ,19 ,1 ,55470 ,0 ,0 ,144420 
2026년,01월,PTA,WE,파라타항공,국제,일본,일본,NRT,출발,정기,여객,53 ,14296 ,19 ,0 ,131664 ,268739 ,0 ,128761 
2026년,01월,PTA,WE,파라타항공,국제,동남아,베트남,CXR,도착,정기,여객,18 ,2417 ,10 ,0 ,0 ,0 ,0 ,28602 
2026년,01월,PTA,WE,파라타항공,국제,동남아,베트남,CXR,출발,정기,여객,18 ,2463 ,9 ,2 ,0 ,0 ,0 ,23454 
2026년,01월,PTA,WE,파라타항공,국제,동남아,베트남,DAD,도착,정기,여객,31 ,6780 ,28 ,0 ,189433 ,1509 ,0 ,77064 
2026년,01월,PTA,WE,파라타항공,국제,동남아,베트남,DAD,출발,정기,여객,31 ,7826 ,39 ,1 ,11077 ,0 ,0 ,67419 
2026년,01월,PTA,WE,파라타항공,국제,동남아,베트남,PQC,도착,정기,여객,18 ,3071 ,24 ,0 ,0 ,0 ,0 ,36907 
2026년,01월,PTA,WE,파라타항공,국제,동남아,베트남,PQC,출발,정기,여객,18 ,3366 ,29 ,5 ,0 ,0 ,0 ,32712 
2026년,01월,QDA,QW,청도항공,국제,중국,중국,TAO,도착,정기,여객,29 ,4264 ,6 ,0 ,21091 ,0 ,0 ,51535 
2026년,01월,QDA,QW,청도항공,국제,중국,중국,TAO,출발,정기,여객,29 ,4682 ,4 ,19 ,2879 ,0 ,0 ,60796 
2026년,01월,QNT,HH,카놋샤크항공,국제,유럽,우즈베키스탄,TAS,도착,정기,여객,13 ,1879 ,38 ,3 ,0 ,0 ,0 ,62652 
2026년,01월,QNT,HH,카놋샤크항공,국제,유럽,우즈베키스탄,TAS,출발,정기,여객,13 ,2571 ,39 ,19 ,81956 ,0 ,0 ,92188 
2026년,01월,QTR,QR,카타르항공,국제,중동,카타르,DOH,도착,정기,화물,17 ,0 ,0 ,0 ,994345 ,0 ,846 ,0 
2026년,01월,QTR,QR,카타르항공,국제,중동,카타르,DOH,도착,정기,여객,34 ,10520 ,38 ,215 ,387572 ,0 ,10399 ,224069 
2026년,01월,QTR,QR,카타르항공,국제,중동,카타르,DOH,출발,정기,화물,17 ,0 ,0 ,0 ,1376205 ,0 ,3412 ,0 
2026년,01월,QTR,QR,카타르항공,국제,중동,카타르,DOH,출발,정기,여객,33 ,12267 ,37 ,191 ,304412 ,0 ,11486 ,304226 
2026년,01월,RBA,BI,로얄 브루나이 에어라인,국제,동남아,브루나이,BWN,도착,정기,여객,13 ,1353 ,20 ,8 ,8 ,0 ,83 ,19918 
2026년,01월,RBA,BI,로얄 브루나이 에어라인,국제,동남아,브루나이,BWN,출발,정기,여객,13 ,1778 ,20 ,6 ,11507 ,0 ,426 ,36944 
2026년,01월,RGM,MI,RGA-블랙스톤 항공,국제,동남아,베트남,SGN,도착,부정기,화물,0 ,0 ,0 ,0 ,914 ,0 ,0 ,0 
2026년,01월,RGM,MI,RGA-블랙스톤 항공,국제,동남아,인도네시아,BPN,도착,부정기,화물,1 ,0 ,0 ,0 ,0 ,0 ,0 ,0 
2026년,01월,RGM,MI,RGA-블랙스톤 항공,국제,동남아,필리핀,CRK,도착,부정기,화물,0 ,0 ,0 ,0 ,0 ,0 ,0 ,0 
2026년,01월,SAS,SK,스칸디나비안 항공,국제,유럽,덴마크,CPH,도착,정기,여객,13 ,2162 ,12 ,29 ,120842 ,0 ,0 ,37075 
2026년,01월,SAS,SK,스칸디나비안 항공,국제,유럽,덴마크,CPH,출발,정기,여객,13 ,2981 ,13 ,122 ,156664 ,0 ,0 ,61927 
2026년,01월,SIA,SQ,싱가폴항공,국제,동남아,싱가포르,SIN,도착,정기,화물,25 ,0 ,0 ,0 ,192979 ,0 ,0 ,0 
2026년,01월,SIA,SQ,싱가폴항공,국제,동남아,싱가포르,SIN,도착,정기,여객,104 ,26994 ,161 ,269 ,986887 ,0 ,24543 ,416864 
2026년,01월,SIA,SQ,싱가폴항공,국제,동남아,싱가포르,SIN,출발,정기,여객,104 ,33158 ,194 ,152 ,918780 ,0 ,18193 ,665287 
2026년,01월,SIA,SQ,싱가폴항공,국제,동남아,태국,BKK,도착,정기,화물,0 ,0 ,0 ,0 ,306125 ,0 ,0 ,0 
2026년,01월,SIA,SQ,싱가폴항공,국제,미주,미국,CVG,출발,정기,화물,25 ,0 ,0 ,0 ,775299 ,0 ,0 ,0 
2026년,01월,SWM,ZA,스카이앙코르항공,국제,동남아,캄보디아,KTI,도착,정기,여객,19 ,2584 ,12 ,0 ,510 ,0 ,0 ,32083 
2026년,01월,SWM,ZA,스카이앙코르항공,국제,동남아,캄보디아,KTI,출발,정기,여객,19 ,3107 ,35 ,0 ,4545 ,0 ,127 ,49484 
2026년,01월,TAX,XJ,타이에어아시아엑스,국제,동남아,태국,DMK,도착,정기,여객,31 ,7117 ,15 ,0 ,222097 ,0 ,0 ,77390 
2026년,01월,TAX,XJ,타이에어아시아엑스,국제,동남아,태국,DMK,출발,정기,여객,31 ,8490 ,22 ,16 ,216610 ,0 ,0 ,84150 
2026년,01월,TGW,TR,스쿠트항공,국제,동북아,대만,TPE,도착,정기,여객,0 ,10802 ,19 ,0 ,56387 ,0 ,20263 ,105941 
2026년,01월,TGW,TR,스쿠트항공,국제,동북아,대만,TPE,출발,정기,여객,0 ,11035 ,26 ,0 ,240698 ,0 ,0 ,156573 
2026년,01월,TGW,TR,스쿠트항공,국제,동남아,싱가포르,SIN,도착,정기,여객,44 ,3645 ,9 ,0 ,53536 ,0 ,4135 ,39249 
2026년,01월,TGW,TR,스쿠트항공,국제,동남아,싱가포르,SIN,출발,정기,여객,44 ,3987 ,8 ,0 ,78616 ,0 ,0 ,57153 
2026년,01월,THA,TG,타이항공,국제,동남아,태국,BKK,도착,정기,여객,82 ,22170 ,64 ,215 ,742696 ,0 ,167 ,405341 
2026년,01월,THA,TG,타이항공,국제,동남아,태국,BKK,출발,정기,여객,82 ,25009 ,76 ,89 ,754155 ,0 ,17140 ,505189 
2026년,01월,THY,TK,터키항공,국제,유럽,튀르키예,IST,도착,정기,화물,9 ,0 ,0 ,0 ,702836 ,0 ,0 ,0 
2026년,01월,THY,TK,터키항공,국제,유럽,튀르키예,IST,도착,정기,여객,49 ,13913 ,25 ,92 ,806980 ,0 ,4832 ,263269 
2026년,01월,THY,TK,터키항공,국제,유럽,튀르키예,IST,출발,정기,화물,9 ,0 ,0 ,0 ,702903 ,4110 ,0 ,0 
2026년,01월,THY,TK,터키항공,국제,유럽,튀르키예,IST,출발,정기,여객,49 ,14871 ,38 ,273 ,745857 ,0 ,0 ,329806 
2026년,01월,TLM,SL,타이라이언항공,국제,동북아,대만,TPE,출발,정기,여객,0 ,0 ,0 ,0 ,0 ,0 ,0 ,0 
2026년,01월,TLM,SL,타이라이언항공,국제,동남아,태국,DMK,도착,정기,여객,18 ,2175 ,3 ,0 ,0 ,0 ,0 ,27094 
2026년,01월,TLM,SL,타이라이언항공,국제,동남아,태국,DMK,출발,정기,여객,18 ,2270 ,2 ,8 ,11255 ,0 ,0 ,26788 
2026년,01월,TTW,IT,타이거에어타이완,국제,동북아,대만,TPE,도착,정기,여객,31 ,5311 ,3 ,0 ,4863 ,0 ,1513 ,49311 
2026년,01월,TTW,IT,타이거에어타이완,국제,동북아,대만,TPE,출발,정기,여객,31 ,5253 ,3 ,0 ,24142 ,0 ,0 ,64777 
2026년,01월,TUA,T5,투르크메니스탄 항공,국제,유럽,투르크메니스탄,ASB,도착,정기,화물,3 ,0 ,0 ,0 ,25728 ,0 ,0 ,0 
2026년,01월,TUA,T5,투르크메니스탄 항공,국제,유럽,투르크메니스탄,ASB,도착,정기,여객,4 ,432 ,0 ,5 ,68178 ,0 ,1 ,8997 
2026년,01월,TUA,T5,투르크메니스탄 항공,국제,유럽,투르크메니스탄,ASB,출발,정기,화물,3 ,0 ,0 ,0 ,97022 ,0 ,0 ,0 
2026년,01월,TUA,T5,투르크메니스탄 항공,국제,유럽,투르크메니스탄,ASB,출발,정기,여객,4 ,351 ,3 ,2 ,76012 ,0 ,0 ,8659 
2026년,01월,TVJ,VZ,타이비엣젯항공,국제,동남아,태국,BKK,도착,정기,여객,31 ,4187 ,10 ,0 ,37831 ,0 ,0 ,49975 
2026년,01월,TVJ,VZ,타이비엣젯항공,국제,동남아,태국,BKK,출발,정기,여객,31 ,4642 ,11 ,28 ,0 ,0 ,0 ,59109 
2026년,01월,TWB,TW,티웨이항공,국내,한국,한국,CJU,도착,부정기,여객,1 ,178 ,0 ,0 ,0 ,0 ,0 ,921 
2026년,01월,TWB,TW,티웨이항공,국제,일본,일본,CTS,도착,정기,여객,31 ,8008 ,10 ,502 ,0 ,0 ,0 ,103861 
2026년,01월,TWB,TW,티웨이항공,국제,일본,일본,CTS,도착,부정기,여객,1 ,145 ,0 ,0 ,0 ,0 ,0 ,1720 
2026년,01월,TWB,TW,티웨이항공,국제,일본,일본,CTS,출발,정기,여객,31 ,8199 ,7 ,182 ,0 ,0 ,0 ,86318 
2026년,01월,TWB,TW,티웨이항공,국제,일본,일본,CTS,출발,부정기,여객,1 ,134 ,0 ,4 ,0 ,0 ,0 ,0 
2026년,01월,TWB,TW,티웨이항공,국제,일본,일본,FUK,도착,정기,여객,93 ,25897 ,143 ,395 ,0 ,0 ,0 ,275157 
2026년,01월,TWB,TW,티웨이항공,국제,일본,일본,FUK,도착,부정기,여객,15 ,2545 ,19 ,3 ,0 ,0 ,0 ,26353 
2026년,01월,TWB,TW,티웨이항공,국제,일본,일본,FUK,출발,정기,여객,93 ,26347 ,152 ,382 ,0 ,0 ,0 ,219394 
2026년,01월,TWB,TW,티웨이항공,국제,일본,일본,FUK,출발,부정기,여객,15 ,2620 ,18 ,0 ,0 ,0 ,0 ,20405 
2026년,01월,TWB,TW,티웨이항공,국제,일본,일본,HSG,도착,정기,여객,29 ,4849 ,10 ,29 ,0 ,0 ,0 ,44237 
2026년,01월,TWB,TW,티웨이항공,국제,일본,일본,HSG,출발,정기,여객,29 ,5207 ,13 ,30 ,0 ,0 ,0 ,34138 
2026년,01월,TWB,TW,티웨이항공,국제,일본,일본,KIX,도착,정기,여객,93 ,24075 ,33 ,827 ,129647 ,0 ,0 ,263545 
2026년,01월,TWB,TW,티웨이항공,국제,일본,일본,KIX,도착,부정기,여객,12 ,2141 ,4 ,29 ,0 ,0 ,0 ,22886 
2026년,01월,TWB,TW,티웨이항공,국제,일본,일본,KIX,출발,정기,여객,93 ,24824 ,33 ,482 ,171450 ,0 ,7244 ,229759 
2026년,01월,TWB,TW,티웨이항공,국제,일본,일본,KIX,출발,부정기,여객,11 ,1962 ,6 ,8 ,0 ,0 ,0 ,16761 
2026년,01월,TWB,TW,티웨이항공,국제,일본,일본,KMJ,도착,정기,여객,31 ,4595 ,21 ,63 ,0 ,0 ,0 ,54216 
2026년,01월,TWB,TW,티웨이항공,국제,일본,일본,KMJ,출발,정기,여객,31 ,5249 ,15 ,35 ,0 ,0 ,0 ,55644 
2026년,01월,TWB,TW,티웨이항공,국제,일본,일본,NRT,도착,정기,여객,118 ,23346 ,22 ,1888 ,52636 ,0 ,0 ,288405 
2026년,01월,TWB,TW,티웨이항공,국제,일본,일본,NRT,도착,부정기,여객,3 ,426 ,1 ,39 ,0 ,0 ,0 ,4844 
2026년,01월,TWB,TW,티웨이항공,국제,일본,일본,NRT,출발,정기,여객,118 ,25965 ,35 ,753 ,175331 ,0 ,6355 ,255963 
2026년,01월,TWB,TW,티웨이항공,국제,일본,일본,OKA,도착,정기,여객,48 ,8280 ,162 ,146 ,0 ,0 ,0 ,89761 
2026년,01월,TWB,TW,티웨이항공,국제,일본,일본,OKA,출발,정기,여객,48 ,8632 ,153 ,47 ,0 ,0 ,0 ,77006 
2026년,01월,TWB,TW,티웨이항공,국제,중국,중국,HAK,도착,정기,여객,9 ,1029 ,0 ,0 ,0 ,0 ,0 ,19986 
2026년,01월,TWB,TW,티웨이항공,국제,중국,중국,HAK,출발,정기,여객,9 ,1117 ,0 ,0 ,0 ,0 ,0 ,20577 
2026년,01월,TWB,TW,티웨이항공,국제,중국,중국,SHE,도착,정기,여객,9 ,1168 ,0 ,132 ,0 ,0 ,0 ,15151 
2026년,01월,TWB,TW,티웨이항공,국제,중국,중국,SHE,출발,정기,여객,9 ,1027 ,2 ,96 ,0 ,0 ,0 ,11606 
2026년,01월,TWB,TW,티웨이항공,국제,중국,중국,SYX,도착,정기,여객,9 ,1125 ,3 ,0 ,0 ,0 ,0 ,18245 
2026년,01월,TWB,TW,티웨이항공,국제,중국,중국,SYX,출발,정기,여객,9 ,953 ,1 ,0 ,0 ,0 ,0 ,14117 
2026년,01월,TWB,TW,티웨이항공,국제,중국,중국,TAO,도착,정기,여객,31 ,4604 ,6 ,132 ,0 ,0 ,0 ,47052 
2026년,01월,TWB,TW,티웨이항공,국제,중국,중국,TAO,출발,정기,여객,31 ,4898 ,5 ,103 ,0 ,0 ,0 ,41980 
2026년,01월,TWB,TW,티웨이항공,국제,동북아,대만,KHH,도착,정기,여객,31 ,5490 ,13 ,8 ,0 ,0 ,0 ,65812 
2026년,01월,TWB,TW,티웨이항공,국제,동북아,대만,KHH,출발,정기,여객,31 ,5229 ,14 ,4 ,0 ,0 ,0 ,65387 
2026년,01월,TWB,TW,티웨이항공,국제,동북아,대만,RMQ,도착,정기,여객,31 ,5221 ,19 ,97 ,0 ,0 ,0 ,61939 
2026년,01월,TWB,TW,티웨이항공,국제,동북아,대만,RMQ,출발,정기,여객,31 ,5108 ,19 ,16 ,0 ,0 ,0 ,72006 
2026년,01월,TWB,TW,티웨이항공,국제,동북아,홍콩,HKG,도착,정기,여객,31 ,9280 ,9 ,319 ,253688 ,0 ,0 ,101573 
2026년,01월,TWB,TW,티웨이항공,국제,동북아,홍콩,HKG,출발,정기,여객,31 ,10216 ,15 ,122 ,159754 ,0 ,0 ,128685 
2026년,01월,TWB,TW,티웨이항공,국제,동남아,라오스,VTE,도착,정기,여객,31 ,5162 ,6 ,276 ,1001 ,0 ,0 ,65956 
2026년,01월,TWB,TW,티웨이항공,국제,동남아,라오스,VTE,출발,정기,여객,31 ,5395 ,5 ,150 ,0 ,0 ,0 ,67112 
2026년,01월,TWB,TW,티웨이항공,국제,동남아,말레이시아,BKI,도착,정기,여객,31 ,5137 ,11 ,59 ,0 ,0 ,0 ,61401 
2026년,01월,TWB,TW,티웨이항공,국제,동남아,말레이시아,BKI,출발,정기,여객,31 ,5183 ,9 ,125 ,0 ,0 ,0 ,58998 
2026년,01월,TWB,TW,티웨이항공,국제,동남아,베트남,CXR,도착,정기,여객,31 ,9508 ,64 ,105 ,0 ,0 ,0 ,118347 
2026년,01월,TWB,TW,티웨이항공,국제,동남아,베트남,CXR,출발,정기,여객,31 ,9860 ,56 ,56 ,0 ,0 ,0 ,97524 
2026년,01월,TWB,TW,티웨이항공,국제,동남아,베트남,DAD,도착,정기,여객,93 ,15529 ,47 ,463 ,146392 ,0 ,0 ,179991 
2026년,01월,TWB,TW,티웨이항공,국제,동남아,베트남,DAD,출발,정기,여객,93 ,16411 ,46 ,241 ,3996 ,0 ,0 ,142588 
2026년,01월,TWB,TW,티웨이항공,국제,동남아,베트남,HAN,도착,부정기,여객,31 ,4946 ,7 ,20 ,20335 ,0 ,0 ,54869 
2026년,01월,TWB,TW,티웨이항공,국제,동남아,베트남,HAN,출발,부정기,여객,31 ,5715 ,11 ,64 ,0 ,0 ,0 ,60070 
2026년,01월,TWB,TW,티웨이항공,국제,동남아,베트남,PQC,도착,부정기,여객,24 ,3161 ,11 ,4 ,0 ,0 ,0 ,36381 
2026년,01월,TWB,TW,티웨이항공,국제,동남아,베트남,PQC,출발,부정기,여객,25 ,3824 ,17 ,2 ,0 ,0 ,0 ,35832 
2026년,01월,TWB,TW,티웨이항공,국제,동남아,싱가포르,SIN,도착,정기,여객,31 ,6675 ,17 ,64 ,147105 ,0 ,6179 ,81655 
2026년,01월,TWB,TW,티웨이항공,국제,동남아,싱가포르,SIN,출발,정기,여객,31 ,7377 ,27 ,35 ,225192 ,0 ,0 ,109178 
2026년,01월,TWB,TW,티웨이항공,국제,동남아,태국,BKK,도착,정기,여객,31 ,5544 ,16 ,144 ,26122 ,0 ,11424 ,69333 
2026년,01월,TWB,TW,티웨이항공,국제,동남아,태국,BKK,출발,정기,여객,31 ,6905 ,22 ,345 ,108254 ,0 ,0 ,91457 
2026년,01월,TWB,TW,티웨이항공,국제,동남아,태국,CNX,도착,정기,여객,30 ,4540 ,11 ,118 ,0 ,0 ,0 ,57969 
2026년,01월,TWB,TW,티웨이항공,국제,동남아,태국,CNX,출발,정기,여객,31 ,5177 ,9 ,238 ,0 ,0 ,0 ,62685 
2026년,01월,TWB,TW,티웨이항공,국제,동남아,필리핀,CEB,도착,정기,여객,31 ,6536 ,73 ,203 ,0 ,0 ,0 ,74973 
2026년,01월,TWB,TW,티웨이항공,국제,동남아,필리핀,CEB,출발,정기,여객,31 ,6760 ,72 ,50 ,0 ,0 ,0 ,70195 
2026년,01월,TWB,TW,티웨이항공,국제,동남아,필리핀,KLO,도착,정기,여객,31 ,5126 ,14 ,16 ,0 ,0 ,0 ,60212 
2026년,01월,TWB,TW,티웨이항공,국제,동남아,필리핀,KLO,출발,정기,여객,31 ,5215 ,11 ,8 ,0 ,0 ,0 ,54934 
2026년,01월,TWB,TW,티웨이항공,국제,미주,캐나다,YVR,도착,정기,여객,17 ,1844 ,7 ,38 ,3378 ,0 ,0 ,34363 
2026년,01월,TWB,TW,티웨이항공,국제,미주,캐나다,YVR,출발,정기,여객,18 ,2857 ,9 ,916 ,98935 ,0 ,0 ,72783 
2026년,01월,TWB,TW,티웨이항공,국제,대양주,호주,SYD,도착,정기,여객,22 ,5115 ,19 ,336 ,40798 ,0 ,0 ,97387 
2026년,01월,TWB,TW,티웨이항공,국제,대양주,호주,SYD,출발,정기,여객,22 ,6393 ,19 ,641 ,107713 ,0 ,0 ,122127 
2026년,01월,TWB,TW,티웨이항공,국제,대양주,사이판,SPN,도착,정기,여객,31 ,4058 ,22 ,223 ,0 ,0 ,0 ,54281 
2026년,01월,TWB,TW,티웨이항공,국제,대양주,사이판,SPN,도착,부정기,여객,9 ,1400 ,7 ,13 ,0 ,0 ,0 ,16989 
2026년,01월,TWB,TW,티웨이항공,국제,대양주,사이판,SPN,출발,정기,여객,31 ,4320 ,25 ,180 ,0 ,0 ,0 ,61282 
2026년,01월,TWB,TW,티웨이항공,국제,대양주,사이판,SPN,출발,부정기,여객,9 ,1532 ,11 ,7 ,0 ,0 ,0 ,16175 
2026년,01월,TWB,TW,티웨이항공,국제,유럽,독일,FRA,도착,정기,여객,21 ,3064 ,4 ,88 ,221333 ,0 ,0 ,48558 
2026년,01월,TWB,TW,티웨이항공,국제,유럽,독일,FRA,출발,정기,여객,20 ,3942 ,9 ,391 ,29497 ,0 ,0 ,73972 
2026년,01월,TWB,TW,티웨이항공,국제,유럽,스페인,BCN,도착,정기,여객,18 ,4080 ,2 ,96 ,188635 ,0 ,0 ,76833 
2026년,01월,TWB,TW,티웨이항공,국제,유럽,스페인,BCN,출발,정기,여객,18 ,4131 ,1 ,97 ,110772 ,0 ,0 ,66959 
2026년,01월,TWB,TW,티웨이항공,국제,유럽,이탈리아,FCO,도착,정기,여객,18 ,4467 ,6 ,73 ,78752 ,0 ,0 ,79599 
2026년,01월,TWB,TW,티웨이항공,국제,유럽,이탈리아,FCO,출발,정기,여객,17 ,4724 ,3 ,78 ,133299 ,0 ,0 ,75836 
2026년,01월,TWB,TW,티웨이항공,국제,유럽,프랑스,CDG,도착,정기,여객,22 ,3289 ,3 ,185 ,141680 ,0 ,0 ,59206 
2026년,01월,TWB,TW,티웨이항공,국제,유럽,프랑스,CDG,출발,정기,여객,22 ,4185 ,3 ,262 ,31308 ,0 ,0 ,74802 
2026년,01월,TWB,TW,티웨이항공,국제,유럽,우즈베키스탄,TAS,도착,정기,여객,9 ,1263 ,13 ,395 ,0 ,0 ,0 ,70121 
2026년,01월,TWB,TW,티웨이항공,국제,유럽,우즈베키스탄,TAS,출발,정기,여객,9 ,1445 ,7 ,371 ,1303 ,0 ,0 ,91253 
2026년,01월,TWB,TW,티웨이항공,국제,유럽,키르기즈스탄,BSZ,도착,정기,여객,8 ,693 ,6 ,85 ,904 ,0 ,0 ,12644 
2026년,01월,TWB,TW,티웨이항공,국제,유럽,키르기즈스탄,BSZ,출발,정기,여객,9 ,966 ,10 ,173 ,8583 ,0 ,118 ,20091 
2026년,01월,TWB,TW,티웨이항공,국제,기타,방글라데시,DAC,도착,부정기,여객,4 ,472 ,5 ,0 ,0 ,0 ,0 ,14359 
2026년,01월,TWB,TW,티웨이항공,국제,기타,방글라데시,DAC,출발,부정기,여객,4 ,403 ,13 ,0 ,0 ,0 ,0 ,19179 
2026년,01월,TZP,ZG,집에어 도쿄,국제,일본,일본,NRT,도착,정기,여객,31 ,7477 ,15 ,4 ,246561 ,0 ,1935 ,49998 
2026년,01월,TZP,ZG,집에어 도쿄,국제,일본,일본,NRT,도착,부정기,여객,10 ,2554 ,2 ,0 ,8728 ,0 ,0 ,17325 
2026년,01월,TZP,ZG,집에어 도쿄,국제,일본,일본,NRT,출발,정기,여객,31 ,7537 ,28 ,4 ,138346 ,0 ,19976 ,71228 
2026년,01월,TZP,ZG,집에어 도쿄,국제,일본,일본,NRT,출발,부정기,여객,10 ,2754 ,2 ,0 ,0 ,0 ,0 ,23903 
2026년,01월,UAE,EK,에미리트항공,국제,중동,아랍에미리트,DXB,도착,정기,여객,44 ,15921 ,26 ,113 ,436793 ,0 ,838 ,312435 
2026년,01월,UAE,EK,에미리트항공,국제,중동,아랍에미리트,DXB,출발,정기,여객,43 ,17440 ,38 ,236 ,499844 ,0 ,0 ,369249 
2026년,01월,UAL,UA,유나이티드항공,국제,미주,미국,SFO,도착,정기,여객,60 ,10067 ,44 ,1375 ,257140 ,0 ,33837 ,269343 
2026년,01월,UAL,UA,유나이티드항공,국제,미주,미국,SFO,출발,정기,여객,60 ,12739 ,44 ,1811 ,936968 ,0 ,12848 ,392963 
2026년,01월,UBA,UB,미얀마 항공,국제,동남아,미얀마,RGN,도착,부정기,여객,2 ,215 ,0 ,0 ,2160 ,0 ,0 ,5929 
2026년,01월,UBA,UB,미얀마 항공,국제,동남아,미얀마,RGN,출발,부정기,여객,2 ,24 ,0 ,0 ,2395 ,0 ,1993 ,783 
2026년,01월,UPS,5X,유피에스항공,국제,일본,일본,KIX,출발,정기,화물,0 ,0 ,0 ,0 ,0 ,0 ,0 ,0 
2026년,01월,UPS,5X,유피에스항공,국제,일본,일본,NRT,도착,정기,화물,0 ,0 ,0 ,0 ,0 ,0 ,0 ,0 
2026년,01월,UPS,5X,유피에스항공,국제,중국,중국,CGO,도착,정기,화물,0 ,0 ,0 ,0 ,40436 ,0 ,0 ,0 
2026년,01월,UPS,5X,유피에스항공,국제,중국,중국,CGO,출발,정기,화물,0 ,0 ,0 ,0 ,149910 ,0 ,0 ,0 
2026년,01월,UPS,5X,유피에스항공,국제,중국,중국,PVG,도착,정기,화물,0 ,0 ,0 ,0 ,118839 ,0 ,0 ,0 
2026년,01월,UPS,5X,유피에스항공,국제,중국,중국,SZX,도착,정기,화물,0 ,0 ,0 ,0 ,564407 ,0 ,0 ,0 
2026년,01월,UPS,5X,유피에스항공,국제,중국,중국,SZX,출발,정기,화물,0 ,0 ,0 ,0 ,285128 ,0 ,0 ,0 
2026년,01월,UPS,5X,유피에스항공,국제,동북아,대만,TPE,도착,부정기,화물,1 ,0 ,0 ,0 ,0 ,0 ,0 ,0 
2026년,01월,UPS,5X,유피에스항공,국제,동북아,대만,TPE,출발,정기,화물,0 ,0 ,0 ,0 ,119300 ,0 ,0 ,0 
2026년,01월,UPS,5X,유피에스항공,국제,동북아,대만,TPE,출발,부정기,화물,1 ,0 ,0 ,0 ,0 ,0 ,0 ,0 
2026년,01월,UPS,5X,유피에스항공,국제,동북아,홍콩,HKG,도착,부정기,화물,0 ,0 ,0 ,0 ,0 ,0 ,0 ,0 
2026년,01월,UPS,5X,유피에스항공,국제,동북아,홍콩,HKG,출발,정기,화물,0 ,0 ,0 ,0 ,108180 ,0 ,0 ,0 
2026년,01월,UPS,5X,유피에스항공,국제,동남아,베트남,HAN,도착,정기,화물,0 ,0 ,0 ,0 ,24681 ,0 ,0 ,0 
2026년,01월,UPS,5X,유피에스항공,국제,동남아,베트남,SGN,도착,부정기,화물,0 ,0 ,0 ,0 ,0 ,0 ,0 ,0 
2026년,01월,UPS,5X,유피에스항공,국제,동남아,싱가포르,SIN,도착,정기,화물,0 ,0 ,0 ,0 ,0 ,0 ,0 ,0 
2026년,01월,UPS,5X,유피에스항공,국제,미주,미국,ANC,도착,정기,화물,61 ,0 ,0 ,0 ,217263 ,0 ,0 ,0 
2026년,01월,UPS,5X,유피에스항공,국제,미주,미국,ANC,출발,정기,화물,82 ,0 ,0 ,0 ,1016016 ,0 ,0 ,0 
2026년,01월,UPS,5X,유피에스항공,국제,미주,미국,ANC,출발,부정기,화물,0 ,0 ,0 ,0 ,0 ,0 ,0 ,0 
2026년,01월,UPS,5X,유피에스항공,국제,미주,미국,EWR,출발,정기,화물,0 ,0 ,0 ,0 ,0 ,0 ,0 ,0 
2026년,01월,UPS,5X,유피에스항공,국제,미주,미국,ONT,도착,정기,화물,0 ,0 ,0 ,0 ,0 ,0 ,0 ,0 
2026년,01월,UPS,5X,유피에스항공,국제,미주,미국,SDF,도착,정기,화물,62 ,0 ,0 ,0 ,0 ,0 ,0 ,0 
2026년,01월,UPS,5X,유피에스항공,국제,미주,미국,SDF,도착,부정기,화물,8 ,0 ,0 ,0 ,0 ,0 ,0 ,0 
2026년,01월,UPS,5X,유피에스항공,국제,미주,미국,SDF,출발,정기,화물,39 ,0 ,0 ,0 ,0 ,0 ,0 ,0 
2026년,01월,UPS,5X,유피에스항공,국제,미주,미국,SDF,출발,부정기,화물,8 ,0 ,0 ,0 ,0 ,0 ,0 ,0 
2026년,01월,UPS,5X,유피에스항공,국제,대양주,호주,SYD,도착,정기,화물,0 ,0 ,0 ,0 ,45355 ,0 ,0 ,0 
2026년,01월,UPS,5X,유피에스항공,국제,대양주,하와이,HNL,도착,정기,화물,0 ,0 ,0 ,0 ,427 ,0 ,0 ,0 
2026년,01월,UPS,5X,유피에스항공,국제,대양주,하와이,HNL,도착,부정기,화물,0 ,0 ,0 ,0 ,0 ,0 ,0 ,0 
2026년,01월,UPS,5X,유피에스항공,국제,유럽,독일,CGN,도착,정기,화물,0 ,0 ,0 ,0 ,4593 ,0 ,0 ,0 
2026년,01월,UPS,5X,유피에스항공,국제,유럽,독일,CGN,출발,정기,화물,0 ,0 ,0 ,0 ,0 ,0 ,0 ,0 
2026년,01월,UPS,5X,유피에스항공,국제,중동,아랍에미리트,DWC,출발,정기,화물,0 ,0 ,0 ,0 ,336083 ,0 ,0 ,0 
2026년,01월,UPS,5X,유피에스항공,국제,중동,아랍에미리트,DXB,출발,정기,화물,0 ,0 ,0 ,0 ,0 ,0 ,0 ,0 
2026년,01월,UPS,5X,유피에스항공,국제,기타,인도,DEL,출발,정기,화물,0 ,0 ,0 ,0 ,0 ,0 ,0 ,0 
2026년,01월,UZB,HY,우즈베키스탄항공,국제,유럽,우즈베키스탄,TAS,도착,정기,여객,30 ,5853 ,84 ,238 ,33665 ,0 ,1490 ,152960 
2026년,01월,UZB,HY,우즈베키스탄항공,국제,유럽,우즈베키스탄,TAS,출발,정기,여객,30 ,6200 ,83 ,230 ,109945 ,0 ,36580 ,192386 
2026년,01월,VJC,VJ,비엣제트항공,국제,동남아,베트남,CXR,도착,정기,여객,74 ,15176 ,102 ,21 ,47122 ,0 ,0 ,165245 
2026년,01월,VJC,VJ,비엣제트항공,국제,동남아,베트남,CXR,출발,정기,여객,74 ,14898 ,76 ,13 ,0 ,0 ,0 ,118553 
2026년,01월,VJC,VJ,비엣제트항공,국제,동남아,베트남,DAD,도착,정기,여객,65 ,13455 ,52 ,3 ,163184 ,0 ,0 ,131937 
2026년,01월,VJC,VJ,비엣제트항공,국제,동남아,베트남,DAD,출발,정기,여객,65 ,13673 ,54 ,26 ,2663 ,0 ,0 ,119895 
2026년,01월,VJC,VJ,비엣제트항공,국제,동남아,베트남,HAN,도착,정기,여객,62 ,10606 ,41 ,1 ,66683 ,0 ,0 ,141609 
2026년,01월,VJC,VJ,비엣제트항공,국제,동남아,베트남,HAN,출발,정기,여객,61 ,12341 ,93 ,18 ,42312 ,0 ,0 ,173312 
2026년,01월,VJC,VJ,비엣제트항공,국제,동남아,베트남,HPH,도착,정기,여객,31 ,5920 ,65 ,0 ,20794 ,0 ,0 ,128765 
2026년,01월,VJC,VJ,비엣제트항공,국제,동남아,베트남,HPH,출발,정기,여객,31 ,5981 ,79 ,2 ,0 ,0 ,0 ,122901 
2026년,01월,VJC,VJ,비엣제트항공,국제,동남아,베트남,PQC,도착,정기,여객,93 ,15149 ,110 ,59 ,0 ,0 ,0 ,168541 
2026년,01월,VJC,VJ,비엣제트항공,국제,동남아,베트남,PQC,출발,정기,여객,93 ,15411 ,111 ,40 ,0 ,0 ,0 ,138659 
2026년,01월,VJC,VJ,비엣제트항공,국제,동남아,베트남,SGN,도착,정기,여객,93 ,16179 ,76 ,0 ,63065 ,0 ,0 ,212287 
2026년,01월,VJC,VJ,비엣제트항공,국제,동남아,베트남,SGN,출발,정기,여객,93 ,17261 ,124 ,10 ,82410 ,0 ,6492 ,224074 
2026년,01월,VSV,DV,스캇항공,국제,유럽,카자흐스탄,CIT,도착,정기,여객,9 ,646 ,4 ,2 ,0 ,0 ,0 ,13827 
2026년,01월,VSV,DV,스캇항공,국제,유럽,카자흐스탄,CIT,출발,정기,여객,9 ,719 ,11 ,11 ,231 ,0 ,0 ,21930 
2026년,01월,XAX,D7,에어아시아엑스,국제,동남아,말레이시아,KUL,도착,정기,여객,62 ,16946 ,130 ,0 ,283298 ,0 ,13370 ,211051 
2026년,01월,XAX,D7,에어아시아엑스,국제,동남아,말레이시아,KUL,출발,정기,여객,62 ,19877 ,127 ,27 ,430775 ,0 ,0 ,278501 
2026년,02월,AAL,AA,아메리칸항공,국제,미주,미국,DFW,도착,정기,여객,27 ,6135 ,34 ,801 ,18629 ,0 ,815 ,163400 
2026년,02월,AAL,AA,아메리칸항공,국제,미주,미국,DFW,출발,정기,여객,27 ,5135 ,30 ,1110 ,260888 ,0 ,20664 ,127961 
2026년,02월,AAR,OZ,아시아나항공,국내,한국,한국,CJU,도착,부정기,여객,1 ,78 ,0 ,0 ,0 ,0 ,0 ,79 
2026년,02월,AAR,OZ,아시아나항공,국제,일본,일본,CTS,도착,정기,여객,28 ,7058 ,19 ,579 ,0 ,0 ,0 ,112421 
2026년,02월,AAR,OZ,아시아나항공,국제,일본,일본,CTS,도착,부정기,여객,3 ,498 ,0 ,26 ,0 ,0 ,0 ,6959 
2026년,02월,AAR,OZ,아시아나항공,국제,일본,일본,CTS,출발,정기,여객,28 ,6018 ,18 ,355 ,0 ,0 ,0 ,77387 
2026년,02월,AAR,OZ,아시아나항공,국제,일본,일본,CTS,출발,부정기,여객,3 ,418 ,0 ,3 ,0 ,0 ,0 ,4309 
2026년,02월,AAR,OZ,아시아나항공,국제,일본,일본,FUK,도착,정기,여객,28 ,7782 ,98 ,345 ,43174 ,18978 ,0 ,111245 
2026년,02월,AAR,OZ,아시아나항공,국제,일본,일본,FUK,출발,정기,여객,28 ,7770 ,113 ,121 ,10022 ,103710 ,3707 ,71618 
2026년,02월,AAR,OZ,아시아나항공,국제,일본,일본,HND,도착,정기,여객,28 ,5605 ,12 ,2396 ,22957 ,0 ,0 ,101432 
2026년,02월,AAR,OZ,아시아나항공,국제,일본,일본,HND,도착,부정기,여객,2 ,546 ,4 ,0 ,0 ,0 ,0 ,6417 
2026년,02월,AAR,OZ,아시아나항공,국제,일본,일본,HND,출발,정기,여객,28 ,6591 ,25 ,854 ,6284 ,14294 ,11699 ,91265 
2026년,02월,AAR,OZ,아시아나항공,국제,일본,일본,KIX,도착,정기,여객,84 ,12394 ,46 ,2702 ,3361 ,6499 ,0 ,193026 
2026년,02월,AAR,OZ,아시아나항공,국제,일본,일본,KIX,출발,정기,여객,84 ,13229 ,52 ,1280 ,11397 ,3704 ,25423 ,162663 
2026년,02월,AAR,OZ,아시아나항공,국제,일본,일본,KMI,도착,정기,여객,28 ,4487 ,8 ,87 ,0 ,0 ,0 ,86426 
2026년,02월,AAR,OZ,아시아나항공,국제,일본,일본,KMI,출발,정기,여객,28 ,4092 ,10 ,128 ,0 ,0 ,0 ,75812 
2026년,02월,AAR,OZ,아시아나항공,국제,일본,일본,NGO,도착,정기,여객,56 ,8909 ,42 ,1020 ,29 ,0 ,0 ,127083 
2026년,02월,AAR,OZ,아시아나항공,국제,일본,일본,NGO,출발,정기,여객,56 ,9130 ,44 ,488 ,3656 ,9168 ,9866 ,108592 
2026년,02월,AAR,OZ,아시아나항공,국제,일본,일본,NRT,도착,정기,여객,84 ,22138 ,102 ,4442 ,275935 ,69055 ,0 ,355837 
2026년,02월,AAR,OZ,아시아나항공,국제,일본,일본,NRT,출발,정기,여객,84 ,23052 ,103 ,2304 ,131802 ,292376 ,42885 ,296918 
2026년,02월,AAR,OZ,아시아나항공,국제,일본,일본,OKA,도착,정기,여객,28 ,7305 ,208 ,566 ,40 ,0 ,0 ,109375 
2026년,02월,AAR,OZ,아시아나항공,국제,일본,일본,OKA,출발,정기,여객,28 ,7477 ,189 ,227 ,449 ,34292 ,0 ,95192 
2026년,02월,AAR,OZ,아시아나항공,국제,일본,일본,SDJ,도착,정기,여객,20 ,2876 ,13 ,443 ,18 ,0 ,0 ,47548 
2026년,02월,AAR,OZ,아시아나항공,국제,일본,일본,SDJ,출발,정기,여객,20 ,2741 ,15 ,257 ,28 ,0 ,0 ,41419 
2026년,02월,AAR,OZ,아시아나항공,국제,일본,일본,UBJ,도착,부정기,여객,8 ,1458 ,1 ,0 ,0 ,0 ,0 ,13659 
2026년,02월,AAR,OZ,아시아나항공,국제,일본,일본,UBJ,출발,부정기,여객,8 ,1329 ,1 ,0 ,0 ,0 ,0 ,10275 
2026년,02월,AAR,OZ,아시아나항공,국제,중국,중국,CAN,도착,정기,여객,56 ,10447 ,33 ,1976 ,203580 ,85688 ,6893 ,214463 
2026년,02월,AAR,OZ,아시아나항공,국제,중국,중국,CAN,출발,정기,여객,56 ,9615 ,37 ,2111 ,42824 ,5544 ,0 ,200264 
2026년,02월,AAR,OZ,아시아나항공,국제,중국,중국,CGQ,도착,정기,여객,28 ,3660 ,13 ,634 ,0 ,11776 ,453 ,65291 
2026년,02월,AAR,OZ,아시아나항공,국제,중국,중국,CGQ,출발,정기,여객,28 ,4550 ,17 ,556 ,33 ,0 ,0 ,78497 
2026년,02월,AAR,OZ,아시아나항공,국제,중국,중국,CSX,도착,정기,여객,16 ,2407 ,1 ,245 ,0 ,0 ,9642 ,35058 
2026년,02월,AAR,OZ,아시아나항공,국제,중국,중국,CSX,출발,정기,여객,16 ,2398 ,1 ,360 ,7 ,0 ,0 ,34136 
2026년,02월,AAR,OZ,아시아나항공,국제,중국,중국,DLC,도착,정기,여객,28 ,6632 ,23 ,951 ,53684 ,30620 ,48198 ,101670 
2026년,02월,AAR,OZ,아시아나항공,국제,중국,중국,DLC,출발,정기,여객,28 ,6372 ,22 ,1033 ,62628 ,20274 ,0 ,96817 
2026년,02월,AAR,OZ,아시아나항공,국제,중국,중국,HGH,도착,정기,여객,28 ,6903 ,30 ,823 ,62467 ,122805 ,932 ,105199 
2026년,02월,AAR,OZ,아시아나항공,국제,중국,중국,HGH,출발,정기,여객,28 ,6314 ,31 ,752 ,473 ,0 ,0 ,99567 
2026년,02월,AAR,OZ,아시아나항공,국제,중국,중국,HRB,도착,정기,여객,28 ,4090 ,16 ,475 ,0 ,5581 ,0 ,73474 
2026년,02월,AAR,OZ,아시아나항공,국제,중국,중국,HRB,출발,정기,여객,28 ,4544 ,18 ,489 ,0 ,0 ,0 ,85674 
2026년,02월,AAR,OZ,아시아나항공,국제,중국,중국,NKG,도착,정기,여객,24 ,3186 ,8 ,739 ,902 ,848 ,0 ,56108 
2026년,02월,AAR,OZ,아시아나항공,국제,중국,중국,NKG,출발,정기,여객,24 ,3439 ,11 ,616 ,319 ,0 ,0 ,60210 
2026년,02월,AAR,OZ,아시아나항공,국제,중국,중국,PEK,도착,정기,여객,67 ,8715 ,11 ,2391 ,5697 ,3237 ,4986 ,155403 
2026년,02월,AAR,OZ,아시아나항공,국제,중국,중국,PEK,출발,정기,여객,68 ,8941 ,24 ,2627 ,2625 ,317 ,1023 ,181538 
2026년,02월,AAR,OZ,아시아나항공,국제,중국,중국,PVG,도착,정기,여객,112 ,21680 ,34 ,3281 ,322478 ,291692 ,0 ,324449 
2026년,02월,AAR,OZ,아시아나항공,국제,중국,중국,PVG,출발,정기,여객,112 ,19402 ,49 ,3468 ,158148 ,160307 ,0 ,298706 
2026년,02월,AAR,OZ,아시아나항공,국제,중국,중국,SZX,도착,정기,여객,28 ,7183 ,30 ,418 ,128909 ,190337 ,9305 ,102611 
2026년,02월,AAR,OZ,아시아나항공,국제,중국,중국,SZX,출발,정기,여객,28 ,6702 ,19 ,384 ,84559 ,24274 ,0 ,93458 
2026년,02월,AAR,OZ,아시아나항공,국제,중국,중국,TSN,도착,정기,여객,12 ,1701 ,4 ,327 ,508 ,520 ,0 ,29308 
2026년,02월,AAR,OZ,아시아나항공,국제,중국,중국,TSN,출발,정기,여객,12 ,1460 ,4 ,449 ,172 ,4074 ,0 ,30204 
2026년,02월,AAR,OZ,아시아나항공,국제,중국,중국,XIY,도착,정기,여객,8 ,1073 ,0 ,265 ,491 ,279 ,0 ,18497 
2026년,02월,AAR,OZ,아시아나항공,국제,중국,중국,XIY,출발,정기,여객,8 ,885 ,4 ,242 ,1474 ,415 ,0 ,15997 
2026년,02월,AAR,OZ,아시아나항공,국제,중국,중국,YNJ,도착,정기,여객,28 ,4554 ,18 ,183 ,0 ,0 ,10644 ,81066 
2026년,02월,AAR,OZ,아시아나항공,국제,중국,중국,YNJ,출발,정기,여객,28 ,4561 ,20 ,228 ,597 ,0 ,0 ,70159 
2026년,02월,AAR,OZ,아시아나항공,국제,중국,중국,YNZ,도착,정기,여객,10 ,1203 ,3 ,65 ,0 ,0 ,0 ,18404 
2026년,02월,AAR,OZ,아시아나항공,국제,중국,중국,YNZ,출발,정기,여객,10 ,1001 ,3 ,41 ,0 ,0 ,0 ,16195 
2026년,02월,AAR,OZ,아시아나항공,국제,동북아,대만,TPE,도착,정기,여객,56 ,20412 ,62 ,624 ,317866 ,39318 ,0 ,261911 
2026년,02월,AAR,OZ,아시아나항공,국제,동북아,대만,TPE,출발,정기,여객,56 ,20758 ,64 ,533 ,132398 ,67474 ,0 ,251427 
2026년,02월,AAR,OZ,아시아나항공,국제,동북아,홍콩,HKG,도착,정기,여객,56 ,11361 ,26 ,779 ,156967 ,83847 ,0 ,153527 
2026년,02월,AAR,OZ,아시아나항공,국제,동북아,홍콩,HKG,출발,정기,여객,56 ,10656 ,31 ,1053 ,102201 ,16595 ,0 ,147935 
2026년,02월,AAR,OZ,아시아나항공,국제,동북아,몽골,UBN,도착,정기,여객,12 ,1483 ,13 ,278 ,210 ,0 ,0 ,40468 
2026년,02월,AAR,OZ,아시아나항공,국제,동북아,몽골,UBN,출발,정기,여객,12 ,1488 ,19 ,448 ,18 ,0 ,0 ,54330 
2026년,02월,AAR,OZ,아시아나항공,국제,동남아,베트남,DAD,도착,정기,여객,28 ,6977 ,35 ,743 ,69768 ,36403 ,0 ,119605 
2026년,02월,AAR,OZ,아시아나항공,국제,동남아,베트남,DAD,출발,정기,여객,28 ,6560 ,30 ,1217 ,62 ,12596 ,0 ,114259 
2026년,02월,AAR,OZ,아시아나항공,국제,동남아,베트남,HAN,도착,정기,여객,56 ,14816 ,121 ,603 ,213095 ,158229 ,0 ,277837 
2026년,02월,AAR,OZ,아시아나항공,국제,동남아,베트남,HAN,출발,정기,여객,56 ,14381 ,127 ,1893 ,117748 ,127341 ,0 ,309323 
2026년,02월,AAR,OZ,아시아나항공,국제,동남아,베트남,SGN,도착,정기,여객,56 ,6991 ,92 ,1953 ,6405 ,6463 ,0 ,209005 
2026년,02월,AAR,OZ,아시아나항공,국제,동남아,베트남,SGN,출발,정기,여객,56 ,6068 ,114 ,3481 ,883 ,0 ,0 ,252445 
2026년,02월,AAR,OZ,아시아나항공,국제,동남아,싱가포르,SIN,도착,정기,여객,28 ,7238 ,23 ,383 ,122726 ,97753 ,0 ,105564 
2026년,02월,AAR,OZ,아시아나항공,국제,동남아,싱가포르,SIN,출발,정기,여객,28 ,6412 ,21 ,418 ,190784 ,10029 ,0 ,94376 
2026년,02월,AAR,OZ,아시아나항공,국제,동남아,인도네시아,CGK,도착,정기,여객,28 ,6851 ,22 ,552 ,68514 ,29931 ,2466 ,122617 
2026년,02월,AAR,OZ,아시아나항공,국제,동남아,인도네시아,CGK,출발,정기,여객,28 ,6373 ,25 ,680 ,133648 ,40092 ,0 ,149602 
2026년,02월,AAR,OZ,아시아나항공,국제,동남아,캄보디아,KTI,도착,정기,여객,28 ,3916 ,45 ,853 ,4652 ,5590 ,0 ,99836 
2026년,02월,AAR,OZ,아시아나항공,국제,동남아,캄보디아,KTI,출발,정기,여객,28 ,3461 ,57 ,772 ,302 ,0 ,0 ,89234 
2026년,02월,AAR,OZ,아시아나항공,국제,동남아,태국,BKK,도착,정기,여객,56 ,16172 ,66 ,1986 ,184471 ,6575 ,0 ,338004 
2026년,02월,AAR,OZ,아시아나항공,국제,동남아,태국,BKK,출발,정기,여객,56 ,14944 ,58 ,2176 ,102965 ,3551 ,0 ,302514 
2026년,02월,AAR,OZ,아시아나항공,국제,동남아,태국,HKT,도착,정기,여객,28 ,7482 ,29 ,476 ,0 ,0 ,0 ,107857 
2026년,02월,AAR,OZ,아시아나항공,국제,동남아,태국,HKT,출발,정기,여객,28 ,7043 ,31 ,431 ,45682 ,0 ,0 ,85889 
2026년,02월,AAR,OZ,아시아나항공,국제,동남아,필리핀,CEB,도착,정기,여객,28 ,4176 ,29 ,606 ,1174 ,27 ,0 ,74734 
2026년,02월,AAR,OZ,아시아나항공,국제,동남아,필리핀,CEB,출발,정기,여객,28 ,3596 ,31 ,627 ,167 ,0 ,0 ,58474 
2026년,02월,AAR,OZ,아시아나항공,국제,동남아,필리핀,CRK,도착,정기,여객,28 ,4090 ,10 ,622 ,0 ,0 ,0 ,94999 
2026년,02월,AAR,OZ,아시아나항공,국제,동남아,필리핀,CRK,출발,정기,여객,28 ,3499 ,7 ,686 ,0 ,0 ,0 ,85350 
2026년,02월,AAR,OZ,아시아나항공,국제,동남아,필리핀,MNL,도착,정기,여객,56 ,9755 ,32 ,5550 ,105639 ,146583 ,0 ,346226 
2026년,02월,AAR,OZ,아시아나항공,국제,동남아,필리핀,MNL,출발,정기,여객,56 ,9129 ,47 ,4535 ,302859 ,139477 ,0 ,319507 
2026년,02월,AAR,OZ,아시아나항공,국제,미주,미국,JFK,도착,정기,여객,27 ,4160 ,16 ,3506 ,6705 ,120 ,0 ,219891 
2026년,02월,AAR,OZ,아시아나항공,국제,미주,미국,JFK,출발,정기,여객,27 ,3914 ,25 ,2914 ,126538 ,80845 ,0 ,186793 
2026년,02월,AAR,OZ,아시아나항공,국제,미주,미국,LAX,도착,정기,여객,28 ,6647 ,36 ,6760 ,48602 ,13816 ,0 ,369006 
2026년,02월,AAR,OZ,아시아나항공,국제,미주,미국,LAX,출발,정기,여객,28 ,5463 ,47 ,6854 ,68037 ,18750 ,0 ,345706 
2026년,02월,AAR,OZ,아시아나항공,국제,미주,미국,SEA,도착,정기,여객,20 ,1669 ,12 ,3938 ,32 ,101229 ,0 ,148017 
2026년,02월,AAR,OZ,아시아나항공,국제,미주,미국,SEA,출발,정기,여객,20 ,1147 ,17 ,3142 ,34257 ,117226 ,0 ,115794 
2026년,02월,AAR,OZ,아시아나항공,국제,미주,미국,SFO,도착,정기,여객,28 ,3293 ,16 ,4686 ,52830 ,219 ,0 ,209179 
2026년,02월,AAR,OZ,아시아나항공,국제,미주,미국,SFO,출발,정기,여객,28 ,2785 ,24 ,4091 ,157937 ,105571 ,0 ,173837 
2026년,02월,AAR,OZ,아시아나항공,국제,대양주,호주,MEL,도착,부정기,여객,12 ,3398 ,27 ,92 ,49179 ,0 ,0 ,71634 
2026년,02월,AAR,OZ,아시아나항공,국제,대양주,호주,MEL,출발,부정기,여객,12 ,3548 ,16 ,74 ,15531 ,20530 ,0 ,63929 
2026년,02월,AAR,OZ,아시아나항공,국제,대양주,호주,SYD,도착,정기,여객,28 ,11455 ,56 ,299 ,36259 ,161 ,0 ,200398 
2026년,02월,AAR,OZ,아시아나항공,국제,대양주,호주,SYD,출발,정기,여객,28 ,12510 ,74 ,1055 ,90022 ,2062 ,3827 ,224425 
2026년,02월,AAR,OZ,아시아나항공,국제,대양주,하와이,HNL,도착,정기,여객,20 ,4165 ,13 ,1783 ,0 ,3157 ,0 ,123104 
2026년,02월,AAR,OZ,아시아나항공,국제,대양주,하와이,HNL,출발,정기,여객,20 ,3544 ,15 ,1872 ,118246 ,1734 ,0 ,92616 
2026년,02월,AAR,OZ,아시아나항공,국제,유럽,독일,FRA,도착,정기,여객,16 ,4518 ,13 ,159 ,95603 ,52786 ,0 ,95581 
2026년,02월,AAR,OZ,아시아나항공,국제,유럽,독일,FRA,출발,정기,여객,16 ,3654 ,18 ,136 ,66817 ,26929 ,0 ,74024 
2026년,02월,AAR,OZ,아시아나항공,국제,유럽,스페인,BCN,도착,정기,여객,20 ,5718 ,6 ,260 ,122022 ,9033 ,0 ,110969 
2026년,02월,AAR,OZ,아시아나항공,국제,유럽,스페인,BCN,출발,정기,여객,20 ,5606 ,2 ,291 ,44536 ,41680 ,0 ,93675 
2026년,02월,AAR,OZ,아시아나항공,국제,유럽,영국,LHR,도착,정기,여객,28 ,7218 ,19 ,691 ,132476 ,38659 ,0 ,145173 
2026년,02월,AAR,OZ,아시아나항공,국제,유럽,영국,LHR,출발,정기,여객,28 ,5545 ,15 ,1486 ,101643 ,94032 ,0 ,126160 
2026년,02월,AAR,OZ,아시아나항공,국제,유럽,이탈리아,FCO,도착,정기,여객,16 ,4602 ,6 ,211 ,142586 ,3721 ,0 ,88570 
2026년,02월,AAR,OZ,아시아나항공,국제,유럽,이탈리아,FCO,출발,정기,여객,16 ,3777 ,7 ,802 ,12862 ,49176 ,0 ,74333 
2026년,02월,AAR,OZ,아시아나항공,국제,유럽,체코,PRG,도착,정기,여객,12 ,3278 ,5 ,237 ,46669 ,55171 ,0 ,60996 
2026년,02월,AAR,OZ,아시아나항공,국제,유럽,체코,PRG,출발,정기,여객,12 ,2857 ,3 ,358 ,61551 ,29437 ,0 ,52858 
2026년,02월,AAR,OZ,아시아나항공,국제,유럽,프랑스,CDG,도착,정기,여객,20 ,5478 ,8 ,408 ,133436 ,37014 ,0 ,110399 
2026년,02월,AAR,OZ,아시아나항공,국제,유럽,프랑스,CDG,출발,정기,여객,20 ,4611 ,9 ,728 ,90990 ,31665 ,2179 ,96312 
2026년,02월,AAR,OZ,아시아나항공,국제,유럽,튀르키예,IST,도착,정기,여객,12 ,3240 ,6 ,124 ,161785 ,217 ,0 ,59442 
2026년,02월,AAR,OZ,아시아나항공,국제,유럽,튀르키예,IST,출발,정기,여객,12 ,2977 ,5 ,185 ,53736 ,58676 ,0 ,50983 
2026년,02월,ABL,BX,에어 부산,국제,일본,일본,FUK,도착,정기,여객,56 ,12661 ,63 ,0 ,0 ,0 ,0 ,137854 
2026년,02월,ABL,BX,에어 부산,국제,일본,일본,FUK,출발,정기,여객,56 ,12369 ,79 ,3 ,0 ,0 ,0 ,97655 
2026년,02월,ABL,BX,에어 부산,국제,일본,일본,KIX,도착,정기,여객,84 ,16679 ,24 ,2 ,0 ,0 ,0 ,178437 
2026년,02월,ABL,BX,에어 부산,국제,일본,일본,KIX,출발,정기,여객,84 ,16675 ,25 ,0 ,0 ,0 ,0 ,136807 
2026년,02월,ABL,BX,에어 부산,국제,일본,일본,NRT,도착,정기,여객,56 ,10658 ,4 ,0 ,0 ,0 ,0 ,110637 
2026년,02월,ABL,BX,에어 부산,국제,일본,일본,NRT,출발,정기,여객,56 ,10074 ,5 ,5 ,6973 ,0 ,0 ,96894 
2026년,02월,ABL,BX,에어 부산,국제,동남아,라오스,VTE,도착,정기,여객,2 ,395 ,0 ,0 ,0 ,0 ,0 ,4933 
2026년,02월,ABL,BX,에어 부산,국제,동남아,라오스,VTE,출발,정기,여객,1 ,0 ,0 ,0 ,0 ,0 ,0 ,0 
2026년,02월,ABL,BX,에어 부산,국제,동남아,베트남,CXR,도착,정기,여객,14 ,2505 ,13 ,0 ,0 ,0 ,0 ,27509 
2026년,02월,ABL,BX,에어 부산,국제,동남아,베트남,CXR,출발,정기,여객,15 ,3174 ,19 ,3 ,0 ,0 ,0 ,26019 
2026년,02월,ABL,BX,에어 부산,국제,동남아,태국,BKK,도착,정기,여객,28 ,6153 ,9 ,12 ,9831 ,0 ,0 ,73173 
2026년,02월,ABL,BX,에어 부산,국제,동남아,태국,BKK,출발,정기,여객,28 ,5205 ,6 ,31 ,0 ,0 ,0 ,59069 
2026년,02월,ABL,BX,에어 부산,국제,동남아,필리핀,TAG,도착,부정기,여객,23 ,3820 ,9 ,0 ,0 ,0 ,0 ,38708 
2026년,02월,ABL,BX,에어 부산,국제,동남아,필리핀,TAG,출발,부정기,여객,23 ,3753 ,14 ,0 ,0 ,0 ,0 ,35079 
2026년,02월,ACA,AC,캐나다항공,국제,미주,캐나다,YVR,도착,정기,여객,28 ,5974 ,25 ,2104 ,290369 ,0 ,1456 ,184401 
2026년,02월,ACA,AC,캐나다항공,국제,미주,캐나다,YVR,출발,정기,여객,28 ,5828 ,36 ,2052 ,188098 ,0 ,6533 ,212268 
2026년,02월,ACA,AC,캐나다항공,국제,미주,캐나다,YYZ,도착,정기,여객,20 ,3857 ,23 ,1907 ,91555 ,0 ,0 ,139566 
2026년,02월,ACA,AC,캐나다항공,국제,미주,캐나다,YYZ,출발,정기,여객,20 ,3038 ,24 ,2345 ,120942 ,0 ,2607 ,150339 
2026년,02월,AFR,AF,프랑스항공,국제,유럽,프랑스,CDG,도착,정기,여객,20 ,5480 ,16 ,95 ,233288 ,0 ,4720 ,103169 
2026년,02월,AFR,AF,프랑스항공,국제,유럽,프랑스,CDG,출발,정기,여객,20 ,4533 ,18 ,250 ,236986 ,0 ,9012 ,90069 
2026년,02월,AHK,LD,에어홍콩,국제,동북아,홍콩,HKG,도착,정기,화물,22 ,0 ,0 ,0 ,834611 ,44336 ,0 ,0 
2026년,02월,AHK,LD,에어홍콩,국제,동북아,홍콩,HKG,출발,정기,화물,22 ,0 ,0 ,0 ,920203 ,0 ,0 ,0 
2026년,02월,AIC,AI,인도항공,국제,기타,인도,DEL,도착,정기,여객,20 ,4399 ,19 ,191 ,166169 ,0 ,0 ,119066 
2026년,02월,AIC,AI,인도항공,국제,기타,인도,DEL,출발,정기,여객,20 ,3401 ,22 ,27 ,219463 ,0 ,5628 ,85380 
2026년,02월,AIH,KJ,에어제타,국제,일본,일본,KIX,도착,정기,화물,24 ,0 ,0 ,0 ,220273 ,111303 ,0 ,0 
2026년,02월,AIH,KJ,에어제타,국제,일본,일본,KIX,출발,정기,화물,24 ,0 ,0 ,0 ,104752 ,152375 ,36138 ,0 
2026년,02월,AIH,KJ,에어제타,국제,일본,일본,NRT,도착,정기,화물,15 ,0 ,0 ,0 ,377976 ,222292 ,0 ,0 
2026년,02월,AIH,KJ,에어제타,국제,일본,일본,NRT,도착,부정기,화물,1 ,0 ,0 ,0 ,1138 ,58976 ,0 ,0 
2026년,02월,AIH,KJ,에어제타,국제,일본,일본,NRT,출발,정기,화물,15 ,0 ,0 ,0 ,301701 ,216970 ,23019 ,0 
2026년,02월,AIH,KJ,에어제타,국제,일본,일본,NRT,출발,부정기,화물,1 ,0 ,0 ,0 ,6949 ,33769 ,532 ,0 
2026년,02월,AIH,KJ,에어제타,국제,중국,중국,CAN,도착,정기,화물,0 ,0 ,0 ,0 ,160467 ,714109 ,272 ,0 
2026년,02월,AIH,KJ,에어제타,국제,중국,중국,CTU,도착,정기,화물,11 ,0 ,0 ,0 ,103263 ,33910 ,0 ,0 
2026년,02월,AIH,KJ,에어제타,국제,중국,중국,CTU,출발,정기,화물,11 ,0 ,0 ,0 ,89224 ,23778 ,0 ,0 
2026년,02월,AIH,KJ,에어제타,국제,중국,중국,PVG,도착,정기,화물,33 ,0 ,0 ,0 ,823909 ,1243898 ,0 ,0 
2026년,02월,AIH,KJ,에어제타,국제,중국,중국,PVG,출발,정기,화물,32 ,0 ,0 ,0 ,792117 ,500063 ,0 ,0 
2026년,02월,AIH,KJ,에어제타,국제,중국,중국,TAO,도착,정기,화물,18 ,0 ,0 ,0 ,75192 ,216124 ,0 ,0 
2026년,02월,AIH,KJ,에어제타,국제,중국,중국,TAO,출발,정기,화물,18 ,0 ,0 ,0 ,141983 ,45722 ,0 ,0 
2026년,02월,AIH,KJ,에어제타,국제,중국,중국,TSN,도착,정기,화물,17 ,0 ,0 ,0 ,105516 ,152932 ,51888 ,0 
2026년,02월,AIH,KJ,에어제타,국제,중국,중국,TSN,출발,정기,화물,16 ,0 ,0 ,0 ,65182 ,130313 ,0 ,0 
2026년,02월,AIH,KJ,에어제타,국제,중국,중국,YNT,도착,정기,화물,30 ,0 ,0 ,0 ,337114 ,168859 ,2830 ,0 
2026년,02월,AIH,KJ,에어제타,국제,중국,중국,YNT,도착,부정기,화물,24 ,0 ,0 ,0 ,389385 ,126 ,0 ,0 
2026년,02월,AIH,KJ,에어제타,국제,중국,중국,YNT,출발,정기,화물,30 ,0 ,0 ,0 ,154962 ,33880 ,0 ,0 
2026년,02월,AIH,KJ,에어제타,국제,중국,중국,YNT,출발,부정기,화물,24 ,0 ,0 ,0 ,75143 ,44513 ,0 ,0 
2026년,02월,AIH,KJ,에어제타,국제,동북아,홍콩,HKG,도착,정기,화물,31 ,0 ,0 ,0 ,216742 ,2599051 ,0 ,0 
2026년,02월,AIH,KJ,에어제타,국제,동북아,홍콩,HKG,도착,부정기,화물,5 ,0 ,0 ,0 ,38914 ,37653 ,0 ,0 
2026년,02월,AIH,KJ,에어제타,국제,동북아,홍콩,HKG,출발,정기,화물,30 ,0 ,0 ,0 ,500896 ,296490 ,49981 ,0 
2026년,02월,AIH,KJ,에어제타,국제,동북아,홍콩,HKG,출발,부정기,화물,5 ,0 ,0 ,0 ,49527 ,4918 ,0 ,0 
2026년,02월,AIH,KJ,에어제타,국제,동남아,베트남,HAN,도착,정기,화물,68 ,0 ,0 ,0 ,845039 ,486046 ,0 ,0 
2026년,02월,AIH,KJ,에어제타,국제,동남아,베트남,HAN,출발,정기,화물,67 ,0 ,0 ,0 ,2150305 ,229237 ,440 ,0 
2026년,02월,AIH,KJ,에어제타,국제,동남아,싱가포르,SIN,도착,부정기,화물,8 ,0 ,0 ,0 ,255575 ,207191 ,0 ,0 
2026년,02월,AIH,KJ,에어제타,국제,동남아,싱가포르,SIN,출발,부정기,화물,8 ,0 ,0 ,0 ,255741 ,318258 ,745 ,0 
2026년,02월,AIH,KJ,에어제타,국제,동남아,태국,BKK,도착,부정기,화물,0 ,0 ,0 ,0 ,69478 ,114960 ,0 ,0 
2026년,02월,AIH,KJ,에어제타,국제,미주,미국,ANC,도착,정기,화물,0 ,0 ,0 ,0 ,244206 ,126209 ,0 ,0 
2026년,02월,AIH,KJ,에어제타,국제,미주,미국,ANC,출발,정기,화물,0 ,0 ,0 ,0 ,80 ,0 ,0 ,0 
2026년,02월,AIH,KJ,에어제타,국제,미주,미국,ATL,도착,정기,화물,12 ,0 ,0 ,0 ,270085 ,168473 ,0 ,0 
2026년,02월,AIH,KJ,에어제타,국제,미주,미국,ATL,출발,정기,화물,12 ,0 ,0 ,0 ,132092 ,98350 ,0 ,0 
2026년,02월,AIH,KJ,에어제타,국제,미주,미국,DFW,출발,정기,화물,0 ,0 ,0 ,0 ,284133 ,318629 ,0 ,0 
2026년,02월,AIH,KJ,에어제타,국제,미주,미국,JFK,출발,정기,화물,0 ,0 ,0 ,0 ,269120 ,712965 ,2328 ,0 
2026년,02월,AIH,KJ,에어제타,국제,미주,미국,LAX,도착,정기,화물,2 ,0 ,0 ,0 ,116975 ,19350 ,0 ,0 
2026년,02월,AIH,KJ,에어제타,국제,미주,미국,LAX,출발,정기,화물,2 ,0 ,0 ,0 ,748447 ,1073453 ,0 ,0 
2026년,02월,AIH,KJ,에어제타,국제,미주,미국,ORD,출발,정기,화물,0 ,0 ,0 ,0 ,474689 ,1206822 ,1704 ,0 
2026년,02월,AIH,KJ,에어제타,국제,미주,미국,SEA,도착,정기,화물,16 ,0 ,0 ,0 ,610367 ,284674 ,0 ,0 
2026년,02월,AIH,KJ,에어제타,국제,미주,미국,SEA,출발,정기,화물,16 ,0 ,0 ,0 ,0 ,9829 ,0 ,0 
2026년,02월,AIH,KJ,에어제타,국제,미주,미국,SFO,도착,정기,화물,24 ,0 ,0 ,0 ,1196563 ,389906 ,0 ,0 
2026년,02월,AIH,KJ,에어제타,국제,미주,미국,SFO,출발,정기,화물,24 ,0 ,0 ,0 ,23083 ,211249 ,0 ,0 
2026년,02월,AIH,KJ,에어제타,국제,유럽,독일,FRA,도착,정기,화물,21 ,0 ,0 ,0 ,1426818 ,124810 ,0 ,0 
2026년,02월,AIH,KJ,에어제타,국제,유럽,독일,FRA,출발,정기,화물,20 ,0 ,0 ,0 ,337333 ,819951 ,4860 ,0 
2026년,02월,AIH,KJ,에어제타,국제,유럽,벨기에,BRU,도착,정기,화물,11 ,0 ,0 ,0 ,690101 ,101420 ,0 ,0 
2026년,02월,AIH,KJ,에어제타,국제,유럽,벨기에,BRU,출발,정기,화물,11 ,0 ,0 ,0 ,0 ,0 ,0 ,0 
2026년,02월,AIH,KJ,에어제타,국제,유럽,영국,STN,출발,정기,화물,0 ,0 ,0 ,0 ,24103 ,311706 ,326 ,0 
2026년,02월,AIH,KJ,에어제타,국제,유럽,오스트리아,VIE,출발,정기,화물,0 ,0 ,0 ,0 ,308633 ,404912 ,0 ,0 
2026년,02월,AIH,KJ,에어제타,국제,유럽,이탈리아,MXP,도착,정기,화물,7 ,0 ,0 ,0 ,333824 ,151875 ,0 ,0 
2026년,02월,AIH,KJ,에어제타,국제,유럽,이탈리아,MXP,출발,정기,화물,7 ,0 ,0 ,0 ,49950 ,252386 ,0 ,0 
2026년,02월,AIH,KJ,에어제타,국제,유럽,카자흐스탄,ALA,출발,정기,화물,0 ,0 ,0 ,0 ,10789 ,31360 ,0 ,0 
2026년,02월,AJX,NQ,에어재팬,국제,일본,일본,NRT,도착,정기,여객,28 ,8466 ,32 ,0 ,183708 ,0 ,3994 ,72581 
2026년,02월,AJX,NQ,에어재팬,국제,일본,일본,NRT,출발,정기,여객,28 ,7121 ,29 ,3 ,104588 ,0 ,0 ,70326 
2026년,02월,ALK,UL,스리랑칸 에어라인즈,국제,기타,스리랑카,CMB,도착,정기,여객,8 ,2176 ,12 ,16 ,79949 ,0 ,302 ,57734 
2026년,02월,ALK,UL,스리랑칸 에어라인즈,국제,기타,스리랑카,CMB,출발,정기,여객,8 ,2113 ,18 ,11 ,75301 ,0 ,6247 ,67181 
2026년,02월,AMU,NX,마카오항공,국제,동북아,마카오,MFM,도착,정기,여객,56 ,8725 ,33 ,2 ,66125 ,0 ,699 ,116524 
2026년,02월,AMU,NX,마카오항공,국제,동북아,마카오,MFM,도착,부정기,여객,2 ,256 ,1 ,0 ,1200 ,0 ,0 ,3041 
2026년,02월,AMU,NX,마카오항공,국제,동북아,마카오,MFM,출발,정기,여객,56 ,8955 ,35 ,11 ,6390 ,0 ,0 ,106659 
2026년,02월,AMU,NX,마카오항공,국제,동북아,마카오,MFM,출발,부정기,여객,2 ,274 ,0 ,0 ,0 ,0 ,0 ,2291 
2026년,02월,AMX,AM,아에로멕시코,국제,미주,멕시코,MEX,도착,정기,여객,20 ,2550 ,14 ,481 ,13954 ,0 ,0 ,63198 
2026년,02월,AMX,AM,아에로멕시코,국제,미주,멕시코,MEX,출발,정기,여객,20 ,3588 ,15 ,329 ,155643 ,0 ,0 ,98082 
2026년,02월,AMX,AM,아에로멕시코,국제,미주,멕시코,MTY,도착,정기,여객,0 ,1573 ,1 ,1 ,1199 ,0 ,0 ,35683 
2026년,02월,ANA,NH,전일본항공,국제,일본,일본,NRT,도착,정기,화물,22 ,0 ,0 ,0 ,604798 ,1786 ,82069 ,0 
2026년,02월,ANA,NH,전일본항공,국제,일본,일본,NRT,출발,정기,화물,22 ,0 ,0 ,0 ,672605 ,0 ,10189 ,0 
2026년,02월,APG,Z2,필리핀에어아시아,국제,동남아,필리핀,MNL,도착,정기,여객,28 ,4700 ,40 ,0 ,4096 ,0 ,0 ,54899 
2026년,02월,APG,Z2,필리핀에어아시아,국제,동남아,필리핀,MNL,출발,정기,여객,28 ,4060 ,29 ,4 ,2825 ,0 ,0 ,69720 
2026년,02월,APJ,MM,피치 항공,국제,일본,일본,HND,도착,정기,여객,28 ,4795 ,3 ,0 ,0 ,0 ,0 ,44365 
2026년,02월,APJ,MM,피치 항공,국제,일본,일본,HND,출발,정기,여객,28 ,4036 ,5 ,0 ,0 ,0 ,0 ,44508 
2026년,02월,APJ,MM,피치 항공,국제,일본,일본,KIX,도착,정기,여객,115 ,19560 ,33 ,0 ,0 ,0 ,0 ,198847 
2026년,02월,APJ,MM,피치 항공,국제,일본,일본,KIX,출발,정기,여객,115 ,17164 ,33 ,0 ,7436 ,0 ,0 ,148089 
2026년,02월,APZ,YP,에어 프레미아,국제,일본,일본,NRT,도착,정기,여객,28 ,8808 ,26 ,103 ,234366 ,0 ,0 ,114692 
2026년,02월,APZ,YP,에어 프레미아,국제,일본,일본,NRT,출발,정기,여객,28 ,8393 ,29 ,37 ,216052 ,1895 ,18505 ,87118 
2026년,02월,APZ,YP,에어 프레미아,국제,동북아,홍콩,HKG,도착,정기,여객,20 ,6340 ,24 ,84 ,150794 ,0 ,0 ,74287 
2026년,02월,APZ,YP,에어 프레미아,국제,동북아,홍콩,HKG,출발,정기,여객,20 ,6372 ,17 ,91 ,30816 ,500 ,0 ,80862 
2026년,02월,APZ,YP,에어 프레미아,국제,동남아,베트남,DAD,도착,정기,여객,24 ,7435 ,41 ,37 ,200325 ,0 ,0 ,94067 
2026년,02월,APZ,YP,에어 프레미아,국제,동남아,베트남,DAD,출발,정기,여객,24 ,7725 ,55 ,47 ,4590 ,2612 ,0 ,81612 
2026년,02월,APZ,YP,에어 프레미아,국제,동남아,싱가포르,SIN,도착,부정기,여객,7 ,514 ,0 ,0 ,39288 ,0 ,0 ,5828 
2026년,02월,APZ,YP,에어 프레미아,국제,동남아,싱가포르,SIN,출발,부정기,여객,7 ,363 ,0 ,1 ,40747 ,6515 ,0 ,4786 
2026년,02월,APZ,YP,에어 프레미아,국제,동남아,태국,BKK,도착,정기,여객,24 ,7144 ,35 ,120 ,279002 ,0 ,0 ,107489 
2026년,02월,APZ,YP,에어 프레미아,국제,동남아,태국,BKK,출발,정기,여객,24 ,7122 ,42 ,149 ,289989 ,27189 ,9110 ,109224 
2026년,02월,APZ,YP,에어 프레미아,국제,미주,미국,EWR,도착,정기,여객,26 ,6147 ,27 ,136 ,47993 ,0 ,0 ,132938 
2026년,02월,APZ,YP,에어 프레미아,국제,미주,미국,EWR,출발,정기,여객,26 ,5779 ,37 ,306 ,255127 ,55816 ,607 ,142542 
2026년,02월,APZ,YP,에어 프레미아,국제,미주,미국,LAX,도착,정기,여객,42 ,9642 ,42 ,162 ,427480 ,0 ,0 ,209160 
2026년,02월,APZ,YP,에어 프레미아,국제,미주,미국,LAX,출발,정기,여객,42 ,8348 ,31 ,169 ,419865 ,117247 ,6383 ,180876 
2026년,02월,APZ,YP,에어 프레미아,국제,미주,미국,LAX,출발,부정기,여객,1 ,119 ,0 ,0 ,4316 ,2053 ,0 ,5921 
2026년,02월,APZ,YP,에어 프레미아,국제,미주,미국,SFO,도착,정기,여객,20 ,4425 ,24 ,22 ,83075 ,0 ,0 ,88385 
2026년,02월,APZ,YP,에어 프레미아,국제,미주,미국,SFO,출발,정기,여객,19 ,4015 ,25 ,164 ,180427 ,18304 ,0 ,82275 
2026년,02월,APZ,YP,에어 프레미아,국제,대양주,하와이,HNL,도착,정기,여객,23 ,6014 ,26 ,121 ,0 ,0 ,0 ,109947 
2026년,02월,APZ,YP,에어 프레미아,국제,대양주,하와이,HNL,출발,정기,여객,23 ,5560 ,23 ,192 ,72678 ,94403 ,0 ,88728 
2026년,02월,APZ,YP,에어 프레미아,국제,기타,방글라데시,DAC,도착,부정기,여객,2 ,468 ,21 ,0 ,0 ,0 ,0 ,20789 
2026년,02월,APZ,YP,에어 프레미아,국제,기타,방글라데시,DAC,출발,부정기,여객,2 ,314 ,8 ,0 ,0 ,0 ,0 ,16971 
2026년,02월,ASA,AS,알래스카 항공,국제,미주,미국,SEA,도착,정기,여객,20 ,3901 ,15 ,833 ,34597 ,0 ,903 ,117277 
2026년,02월,ASA,AS,알래스카 항공,국제,미주,미국,SEA,출발,정기,여객,20 ,3001 ,11 ,1582 ,224792 ,0 ,0 ,129352 
2026년,02월,ASV,RS,에어서울,국제,일본,일본,FUK,도착,정기,여객,56 ,11349 ,62 ,0 ,0 ,0 ,0 ,114385 
2026년,02월,ASV,RS,에어서울,국제,일본,일본,FUK,출발,정기,여객,56 ,11256 ,67 ,10 ,0 ,0 ,0 ,87564 
2026년,02월,ASV,RS,에어서울,국제,일본,일본,KIX,도착,정기,여객,64 ,12570 ,21 ,4 ,16029 ,0 ,0 ,127066 
2026년,02월,ASV,RS,에어서울,국제,일본,일본,KIX,출발,정기,여객,64 ,12147 ,27 ,3 ,1204 ,0 ,0 ,105127 
2026년,02월,ASV,RS,에어서울,국제,일본,일본,NRT,도착,정기,여객,104 ,21175 ,27 ,6 ,53218 ,0 ,1037 ,216015 
2026년,02월,ASV,RS,에어서울,국제,일본,일본,NRT,출발,정기,여객,104 ,19906 ,35 ,13 ,6305 ,0 ,0 ,180958 
2026년,02월,ASV,RS,에어서울,국제,일본,일본,TAK,도착,정기,여객,28 ,5434 ,14 ,0 ,0 ,0 ,0 ,54992 
2026년,02월,ASV,RS,에어서울,국제,일본,일본,TAK,출발,정기,여객,28 ,5342 ,13 ,1 ,0 ,0 ,0 ,44960 
2026년,02월,ASV,RS,에어서울,국제,일본,일본,YGJ,도착,정기,여객,27 ,5283 ,24 ,0 ,0 ,0 ,0 ,51125 
2026년,02월,ASV,RS,에어서울,국제,일본,일본,YGJ,출발,정기,여객,27 ,5249 ,22 ,20 ,0 ,0 ,0 ,38943 
2026년,02월,ASV,RS,에어서울,국제,중국,중국,DYG,도착,정기,여객,8 ,1562 ,0 ,0 ,0 ,0 ,0 ,18757 
2026년,02월,ASV,RS,에어서울,국제,중국,중국,DYG,출발,정기,여객,8 ,1556 ,1 ,0 ,0 ,0 ,0 ,15231 
2026년,02월,ASV,RS,에어서울,국제,동남아,베트남,CXR,도착,정기,여객,28 ,5600 ,43 ,0 ,3588 ,0 ,0 ,65326 
2026년,02월,ASV,RS,에어서울,국제,동남아,베트남,CXR,출발,정기,여객,28 ,5378 ,51 ,0 ,0 ,0 ,0 ,46713 
2026년,02월,ASV,RS,에어서울,국제,동남아,베트남,DAD,도착,정기,여객,28 ,5201 ,23 ,4 ,25600 ,0 ,0 ,56801 
2026년,02월,ASV,RS,에어서울,국제,동남아,베트남,DAD,출발,정기,여객,28 ,5338 ,26 ,26 ,0 ,0 ,0 ,44313 
2026년,02월,ASV,RS,에어서울,국제,대양주,괌,GUM,도착,정기,여객,28 ,3509 ,33 ,0 ,0 ,0 ,0 ,43597 
2026년,02월,ASV,RS,에어서울,국제,대양주,괌,GUM,출발,정기,여객,28 ,3593 ,41 ,7 ,0 ,0 ,0 ,53861 
2026년,02월,AXM,AK,에어아시아버하드,국제,동남아,말레이시아,BKI,도착,정기,여객,28 ,4217 ,12 ,0 ,0 ,0 ,0 ,34879 
2026년,02월,AXM,AK,에어아시아버하드,국제,동남아,말레이시아,BKI,출발,정기,여객,28 ,3813 ,14 ,4 ,0 ,0 ,0 ,34282 
2026년,02월,AZG,7L,실크웨이웨스트항공,국제,유럽,아제르바이잔,GYD,도착,정기,화물,7 ,0 ,0 ,0 ,694332 ,0 ,0 ,0 
2026년,02월,AZG,7L,실크웨이웨스트항공,국제,유럽,아제르바이잔,GYD,출발,정기,화물,7 ,0 ,0 ,0 ,669688 ,0 ,0 ,0 
2026년,02월,AZQ,ZP,실크웨이항공,국제,중국,중국,TSN,출발,부정기,화물,1 ,0 ,0 ,0 ,33927 ,0 ,0 ,0 
2026년,02월,AZQ,ZP,실크웨이항공,국제,유럽,아제르바이잔,GYD,도착,부정기,화물,1 ,0 ,0 ,0 ,0 ,0 ,0 ,0 
2026년,02월,BOX,3S,에어로로직,국제,중국,중국,PVG,출발,정기,화물,0 ,0 ,0 ,0 ,0 ,0 ,0 ,0 
2026년,02월,BOX,3S,에어로로직,국제,동북아,홍콩,HKG,출발,정기,화물,0 ,0 ,0 ,0 ,214160 ,0 ,0 ,0 
2026년,02월,BOX,3S,에어로로직,국제,유럽,독일,LEJ,도착,정기,화물,30 ,0 ,0 ,0 ,2092901 ,0 ,0 ,0 
2026년,02월,BOX,3S,에어로로직,국제,유럽,독일,LEJ,출발,정기,화물,30 ,0 ,0 ,0 ,0 ,0 ,0 ,0 
2026년,02월,CAL,CI,중화항공,국제,동북아,대만,KHH,도착,정기,여객,28 ,7065 ,37 ,197 ,39763 ,0 ,0 ,97855 
2026년,02월,CAL,CI,중화항공,국제,동북아,대만,KHH,출발,정기,여객,28 ,7696 ,39 ,22 ,66569 ,0 ,0 ,143593 
2026년,02월,CAL,CI,중화항공,국제,동북아,대만,TPE,도착,정기,여객,56 ,13605 ,49 ,410 ,380204 ,0 ,7727 ,189178 
2026년,02월,CAL,CI,중화항공,국제,동북아,대만,TPE,도착,부정기,여객,4 ,641 ,3 ,26 ,680 ,0 ,0 ,7601 
2026년,02월,CAL,CI,중화항공,국제,동북아,대만,TPE,출발,정기,여객,56 ,14458 ,51 ,133 ,321608 ,0 ,8841 ,262267 
2026년,02월,CAL,CI,중화항공,국제,동북아,대만,TPE,출발,부정기,여객,4 ,673 ,0 ,2 ,0 ,0 ,0 ,9576 
2026년,02월,CCA,CA,중국국제항공,국제,중국,중국,CKG,도착,정기,여객,22 ,3293 ,4 ,39 ,4724 ,0 ,0 ,44097 
2026년,02월,CCA,CA,중국국제항공,국제,중국,중국,CKG,도착,부정기,여객,6 ,985 ,2 ,6 ,1235 ,0 ,0 ,13299 
2026년,02월,CCA,CA,중국국제항공,국제,중국,중국,CKG,출발,정기,여객,22 ,3291 ,7 ,10 ,20132 ,0 ,0 ,44343 
2026년,02월,CCA,CA,중국국제항공,국제,중국,중국,CKG,출발,부정기,여객,6 ,852 ,2 ,5 ,5444 ,0 ,0 ,10656 
2026년,02월,CCA,CA,중국국제항공,국제,중국,중국,HGH,도착,정기,여객,28 ,6268 ,19 ,46 ,173914 ,0 ,0 ,93363 
2026년,02월,CCA,CA,중국국제항공,국제,중국,중국,HGH,출발,정기,여객,28 ,5869 ,15 ,25 ,5177 ,0 ,0 ,83632 
2026년,02월,CCA,CA,중국국제항공,국제,중국,중국,PEK,도착,정기,여객,96 ,17529 ,40 ,1229 ,450819 ,0 ,594 ,292764 
2026년,02월,CCA,CA,중국국제항공,국제,중국,중국,PEK,출발,정기,여객,96 ,18178 ,37 ,339 ,90110 ,0 ,4270 ,278506 
2026년,02월,CCA,CA,중국국제항공,국제,중국,중국,PKX,도착,정기,여객,28 ,3133 ,10 ,953 ,2125 ,0 ,0 ,49335 
2026년,02월,CCA,CA,중국국제항공,국제,중국,중국,PKX,출발,정기,여객,28 ,3909 ,14 ,41 ,0 ,0 ,0 ,56609 
2026년,02월,CCA,CA,중국국제항공,국제,중국,중국,TFU,도착,정기,여객,28 ,4458 ,5 ,125 ,16372 ,0 ,602 ,66218 
2026년,02월,CCA,CA,중국국제항공,국제,중국,중국,TFU,도착,부정기,여객,16 ,2151 ,5 ,30 ,420 ,0 ,0 ,28706 
2026년,02월,CCA,CA,중국국제항공,국제,중국,중국,TFU,출발,정기,여객,28 ,4364 ,6 ,53 ,30382 ,0 ,0 ,60406 
2026년,02월,CCA,CA,중국국제항공,국제,중국,중국,TFU,출발,부정기,여객,16 ,1848 ,3 ,161 ,0 ,0 ,0 ,31822 
2026년,02월,CCA,CA,중국국제항공,국제,중국,중국,TSN,도착,정기,여객,28 ,3517 ,13 ,520 ,8547 ,0 ,0 ,51438 
2026년,02월,CCA,CA,중국국제항공,국제,중국,중국,TSN,도착,부정기,여객,7 ,814 ,1 ,103 ,0 ,0 ,0 ,11215 
2026년,02월,CCA,CA,중국국제항공,국제,중국,중국,TSN,출발,정기,여객,28 ,4023 ,11 ,67 ,3774 ,0 ,0 ,57783 
2026년,02월,CCA,CA,중국국제항공,국제,중국,중국,TSN,출발,부정기,여객,7 ,959 ,2 ,12 ,0 ,0 ,0 ,14000 
2026년,02월,CCA,CA,중국국제항공,국제,중국,중국,WNZ,도착,정기,여객,12 ,1830 ,8 ,1 ,12145 ,0 ,0 ,24133 
2026년,02월,CCA,CA,중국국제항공,국제,중국,중국,WNZ,출발,정기,여객,12 ,1808 ,4 ,7 ,89 ,0 ,0 ,27267 
2026년,02월,CCA,CA,중국국제항공,국제,중국,중국,YNJ,도착,정기,여객,28 ,3660 ,13 ,15 ,0 ,0 ,4552 ,57886 
2026년,02월,CCA,CA,중국국제항공,국제,중국,중국,YNJ,도착,부정기,여객,22 ,2373 ,5 ,1 ,0 ,0 ,0 ,38254 
2026년,02월,CCA,CA,중국국제항공,국제,중국,중국,YNJ,출발,정기,여객,28 ,4011 ,14 ,64 ,0 ,0 ,5011 ,57720 
2026년,02월,CCA,CA,중국국제항공,국제,중국,중국,YNJ,출발,부정기,여객,22 ,2647 ,4 ,19 ,0 ,0 ,0 ,35489 
2026년,02월,CDG,SC,산동항공,국제,중국,중국,SYX,도착,정기,여객,28 ,333 ,2 ,0 ,0 ,0 ,0 ,4340 
2026년,02월,CDG,SC,산동항공,국제,중국,중국,SYX,출발,정기,여객,27 ,344 ,3 ,1 ,0 ,0 ,0 ,4226 
2026년,02월,CDG,SC,산동항공,국제,중국,중국,TAO,도착,정기,여객,164 ,23829 ,55 ,469 ,201044 ,0 ,7576 ,336145 
2026년,02월,CDG,SC,산동항공,국제,중국,중국,TAO,출발,정기,여객,164 ,23684 ,62 ,511 ,15462 ,0 ,0 ,317301 
2026년,02월,CDG,SC,산동항공,국제,중국,중국,TNA,도착,정기,여객,55 ,12442 ,26 ,237 ,77471 ,0 ,0 ,162664 
2026년,02월,CDG,SC,산동항공,국제,중국,중국,TNA,출발,정기,여객,55 ,12007 ,34 ,245 ,11568 ,0 ,0 ,168662 
2026년,02월,CEB,5J,세부퍼시픽항공,국제,동남아,필리핀,CEB,도착,정기,여객,28 ,6015 ,20 ,2 ,1012 ,0 ,0 ,67709 
2026년,02월,CEB,5J,세부퍼시픽항공,국제,동남아,필리핀,CEB,출발,정기,여객,28 ,5062 ,19 ,6 ,33 ,0 ,0 ,56432 
2026년,02월,CEB,5J,세부퍼시픽항공,국제,동남아,필리핀,MNL,도착,정기,여객,56 ,17587 ,57 ,7 ,110929 ,0 ,0 ,233617 
2026년,02월,CEB,5J,세부퍼시픽항공,국제,동남아,필리핀,MNL,출발,정기,여객,56 ,16592 ,63 ,15 ,308012 ,0 ,0 ,269901 
2026년,02월,CES,MU,중국동방항공,국제,중국,중국,HGH,도착,정기,여객,28 ,4697 ,13 ,9 ,23543 ,0 ,0 ,54097 
2026년,02월,CES,MU,중국동방항공,국제,중국,중국,HGH,출발,정기,여객,28 ,4470 ,10 ,23 ,5003 ,0 ,0 ,61317 
2026년,02월,CES,MU,중국동방항공,국제,중국,중국,KMG,도착,정기,여객,15 ,1775 ,3 ,0 ,11936 ,0 ,0 ,25536 
2026년,02월,CES,MU,중국동방항공,국제,중국,중국,KMG,출발,정기,여객,15 ,2266 ,2 ,12 ,202 ,0 ,0 ,41850 
2026년,02월,CES,MU,중국동방항공,국제,중국,중국,NKG,도착,정기,여객,56 ,8089 ,13 ,95 ,56675 ,0 ,0 ,98485 
2026년,02월,CES,MU,중국동방항공,국제,중국,중국,NKG,출발,정기,여객,56 ,8731 ,19 ,187 ,2701 ,0 ,0 ,123224 
2026년,02월,CES,MU,중국동방항공,국제,중국,중국,PKX,도착,정기,여객,28 ,4354 ,4 ,32 ,9674 ,0 ,0 ,76326 
2026년,02월,CES,MU,중국동방항공,국제,중국,중국,PKX,출발,정기,여객,28 ,4493 ,3 ,26 ,81 ,0 ,0 ,78944 
2026년,02월,CES,MU,중국동방항공,국제,중국,중국,PVG,도착,정기,여객,124 ,26674 ,42 ,114 ,680182 ,0 ,0 ,426071 
2026년,02월,CES,MU,중국동방항공,국제,중국,중국,PVG,출발,정기,여객,124 ,27999 ,59 ,127 ,401794 ,0 ,2557 ,394228 
2026년,02월,CES,MU,중국동방항공,국제,중국,중국,TAO,도착,정기,여객,111 ,19191 ,50 ,160 ,187925 ,0 ,0 ,267034 
2026년,02월,CES,MU,중국동방항공,국제,중국,중국,TAO,출발,정기,여객,111 ,19243 ,55 ,130 ,2348 ,0 ,0 ,241429 
2026년,02월,CES,MU,중국동방항공,국제,중국,중국,WEH,도착,정기,여객,28 ,3632 ,10 ,134 ,24696 ,0 ,0 ,64326 
2026년,02월,CES,MU,중국동방항공,국제,중국,중국,WEH,출발,정기,여객,28 ,4634 ,20 ,132 ,5985 ,0 ,0 ,71111 
2026년,02월,CES,MU,중국동방항공,국제,중국,중국,WUX,도착,정기,여객,28 ,3978 ,10 ,3 ,30878 ,0 ,0 ,49468 
2026년,02월,CES,MU,중국동방항공,국제,중국,중국,WUX,출발,정기,여객,28 ,4203 ,14 ,14 ,275 ,0 ,0 ,58470 
2026년,02월,CES,MU,중국동방항공,국제,중국,중국,XIY,도착,정기,여객,55 ,1397 ,1 ,5 ,25972 ,0 ,0 ,15869 
2026년,02월,CES,MU,중국동방항공,국제,중국,중국,XIY,출발,정기,여객,54 ,2347 ,1 ,7 ,9260 ,0 ,0 ,32207 
2026년,02월,CES,MU,중국동방항공,국제,중국,중국,YNT,도착,정기,여객,56 ,10763 ,20 ,250 ,102061 ,0 ,0 ,159266 
2026년,02월,CES,MU,중국동방항공,국제,중국,중국,YNT,출발,정기,여객,57 ,10858 ,14 ,139 ,61441 ,0 ,0 ,146374 
2026년,02월,CHH,HU,중국해남항공,국제,중국,중국,HAK,도착,정기,여객,16 ,2374 ,3 ,0 ,1018 ,0 ,0 ,46332 
2026년,02월,CHH,HU,중국해남항공,국제,중국,중국,HAK,출발,정기,여객,16 ,2101 ,4 ,13 ,532 ,0 ,0 ,39633 
2026년,02월,CKK,CK,중국화물항공,국제,중국,중국,PVG,도착,정기,화물,8 ,0 ,0 ,0 ,646807 ,25295 ,0 ,0 
2026년,02월,CKK,CK,중국화물항공,국제,중국,중국,PVG,출발,정기,화물,8 ,0 ,0 ,0 ,288055 ,0 ,0 ,0 
2026년,02월,CKS,K4,칼리타항공,국제,일본,일본,NGO,출발,정기,화물,0 ,0 ,0 ,0 ,910077 ,0 ,0 ,0 
2026년,02월,CKS,K4,칼리타항공,국제,일본,일본,NRT,도착,정기,화물,0 ,0 ,0 ,0 ,276621 ,0 ,0 ,0 
2026년,02월,CKS,K4,칼리타항공,국제,중국,중국,CGO,도착,정기,화물,0 ,0 ,0 ,0 ,200 ,0 ,0 ,0 
2026년,02월,CKS,K4,칼리타항공,국제,중국,중국,PVG,출발,정기,화물,2 ,0 ,0 ,0 ,6681 ,0 ,0 ,0 
2026년,02월,CKS,K4,칼리타항공,국제,동북아,대만,TPE,도착,정기,화물,0 ,0 ,0 ,0 ,0 ,0 ,0 ,0 
2026년,02월,CKS,K4,칼리타항공,국제,동북아,홍콩,HKG,도착,정기,화물,2 ,0 ,0 ,0 ,0 ,0 ,0 ,0 
2026년,02월,CKS,K4,칼리타항공,국제,동북아,홍콩,HKG,출발,정기,화물,0 ,0 ,0 ,0 ,711420 ,0 ,0 ,0 
2026년,02월,CKS,K4,칼리타항공,국제,동북아,홍콩,HKG,출발,부정기,화물,1 ,0 ,0 ,0 ,1249 ,0 ,0 ,0 
2026년,02월,CKS,K4,칼리타항공,국제,동남아,베트남,HAN,도착,정기,화물,5 ,0 ,0 ,0 ,10809 ,0 ,0 ,0 
2026년,02월,CKS,K4,칼리타항공,국제,동남아,베트남,HAN,출발,정기,화물,6 ,0 ,0 ,0 ,0 ,0 ,0 ,0 
2026년,02월,CKS,K4,칼리타항공,국제,동남아,베트남,HAN,출발,부정기,화물,1 ,0 ,0 ,0 ,0 ,0 ,0 ,0 
2026년,02월,CKS,K4,칼리타항공,국제,동남아,싱가포르,SIN,도착,정기,화물,0 ,0 ,0 ,0 ,0 ,0 ,0 ,0 
2026년,02월,CKS,K4,칼리타항공,국제,미주,미국,ANC,도착,정기,화물,4 ,0 ,0 ,0 ,66093 ,0 ,0 ,0 
2026년,02월,CKS,K4,칼리타항공,국제,미주,미국,ANC,출발,정기,화물,22 ,0 ,0 ,0 ,41970 ,0 ,0 ,0 
2026년,02월,CKS,K4,칼리타항공,국제,미주,미국,ANC,출발,부정기,화물,1 ,0 ,0 ,0 ,274493 ,0 ,0 ,0 
2026년,02월,CKS,K4,칼리타항공,국제,미주,미국,CVG,도착,정기,화물,29 ,0 ,0 ,0 ,400349 ,0 ,0 ,0 
2026년,02월,CKS,K4,칼리타항공,국제,미주,미국,CVG,도착,부정기,화물,1 ,0 ,0 ,0 ,28119 ,0 ,0 ,0 
2026년,02월,CKS,K4,칼리타항공,국제,미주,미국,CVG,출발,정기,화물,43 ,0 ,0 ,0 ,77815 ,0 ,0 ,0 
2026년,02월,CKS,K4,칼리타항공,국제,미주,미국,LAX,도착,정기,화물,20 ,0 ,0 ,0 ,305537 ,0 ,0 ,0 
2026년,02월,CKS,K4,칼리타항공,국제,미주,미국,LAX,도착,부정기,화물,3 ,0 ,0 ,0 ,0 ,0 ,0 ,0 
2026년,02월,CKS,K4,칼리타항공,국제,미주,미국,LAX,출발,부정기,화물,2 ,0 ,0 ,0 ,0 ,0 ,0 ,0 
2026년,02월,CKS,K4,칼리타항공,국제,미주,미국,ORD,도착,정기,화물,23 ,0 ,0 ,0 ,192407 ,0 ,0 ,0 
2026년,02월,CKS,K4,칼리타항공,국제,미주,미국,ORD,도착,부정기,화물,1 ,0 ,0 ,0 ,0 ,0 ,0 ,0 
2026년,02월,CKS,K4,칼리타항공,국제,미주,미국,ORD,출발,정기,화물,10 ,0 ,0 ,0 ,0 ,0 ,0 ,0 
2026년,02월,CKS,K4,칼리타항공,국제,미주,캐나다,YYZ,도착,정기,화물,1 ,0 ,0 ,0 ,0 ,0 ,0 ,0 
2026년,02월,CLX,CV,카고룩스항공,국제,일본,일본,NRT,도착,정기,화물,0 ,0 ,0 ,0 ,0 ,0 ,0 ,0 
2026년,02월,CLX,CV,카고룩스항공,국제,동남아,태국,BKK,도착,정기,화물,0 ,0 ,0 ,0 ,0 ,0 ,0 ,0 
2026년,02월,CLX,CV,카고룩스항공,국제,유럽,룩셈부르크,LUX,도착,정기,화물,10 ,0 ,0 ,0 ,398411 ,0 ,0 ,0 
2026년,02월,CLX,CV,카고룩스항공,국제,유럽,룩셈부르크,LUX,출발,정기,화물,10 ,0 ,0 ,0 ,916161 ,21 ,0 ,0 
2026년,02월,CLX,CV,카고룩스항공,국제,유럽,아제르바이잔,GYD,출발,정기,화물,0 ,0 ,0 ,0 ,0 ,0 ,0 ,0 
2026년,02월,CPA,CX,캐세이퍼시픽항공,국제,일본,일본,KIX,도착,정기,화물,0 ,0 ,0 ,0 ,0 ,0 ,0 ,0 
2026년,02월,CPA,CX,캐세이퍼시픽항공,국제,동북아,홍콩,HKG,도착,정기,화물,8 ,0 ,0 ,0 ,277457 ,0 ,0 ,0 
2026년,02월,CPA,CX,캐세이퍼시픽항공,국제,동북아,홍콩,HKG,도착,정기,여객,112 ,30979 ,87 ,268 ,461539 ,0 ,58809 ,450202 
2026년,02월,CPA,CX,캐세이퍼시픽항공,국제,동북아,홍콩,HKG,출발,정기,화물,9 ,0 ,0 ,0 ,260519 ,0 ,0 ,0 
2026년,02월,CPA,CX,캐세이퍼시픽항공,국제,동북아,홍콩,HKG,출발,정기,여객,112 ,28148 ,80 ,205 ,338171 ,0 ,5368 ,470816 
2026년,02월,CQH,9C,춘추항공,국제,중국,중국,PVG,도착,정기,여객,16 ,2785 ,0 ,0 ,6016 ,0 ,842 ,24282 
2026년,02월,CQH,9C,춘추항공,국제,중국,중국,PVG,출발,정기,여객,16 ,2733 ,3 ,6 ,124 ,0 ,2739 ,29341 
2026년,02월,CQH,9C,춘추항공,국제,중국,중국,SJW,도착,정기,여객,8 ,1328 ,5 ,0 ,0 ,0 ,0 ,12755 
2026년,02월,CQH,9C,춘추항공,국제,중국,중국,SJW,출발,정기,여객,8 ,1247 ,5 ,2 ,0 ,0 ,0 ,13488 
2026년,02월,CQH,9C,춘추항공,국제,중국,중국,YTY,도착,정기,여객,8 ,1248 ,4 ,0 ,0 ,0 ,0 ,11501 
2026년,02월,CQH,9C,춘추항공,국제,중국,중국,YTY,출발,정기,여객,8 ,1201 ,5 ,0 ,0 ,0 ,0 ,14712 
2026년,02월,CRK,HX,홍콩항공,국제,동북아,홍콩,HKG,도착,정기,여객,56 ,10616 ,15 ,19 ,41529 ,7830 ,0 ,132677 
2026년,02월,CRK,HX,홍콩항공,국제,동북아,홍콩,HKG,출발,정기,여객,56 ,10552 ,25 ,29 ,13227 ,0 ,0 ,133065 
2026년,02월,CSC,3U,사천항공,국제,중국,중국,TFU,도착,정기,여객,12 ,2122 ,6 ,1 ,4855 ,0 ,0 ,29948 
2026년,02월,CSC,3U,사천항공,국제,중국,중국,TFU,출발,정기,여객,12 ,2060 ,11 ,8 ,8426 ,0 ,0 ,29299 
2026년,02월,CSH,FM,상하이 항공,국제,중국,중국,PVG,도착,정기,여객,28 ,4091 ,13 ,26 ,15109 ,0 ,0 ,53622 
2026년,02월,CSH,FM,상하이 항공,국제,중국,중국,PVG,출발,정기,여객,28 ,4150 ,4 ,89 ,1625 ,0 ,471 ,67791 
2026년,02월,CSN,CZ,중국남방항공,국제,중국,중국,CAN,도착,정기,여객,84 ,14467 ,40 ,49 ,96306 ,0 ,8533 ,246528 
2026년,02월,CSN,CZ,중국남방항공,국제,중국,중국,CAN,출발,정기,여객,84 ,14529 ,54 ,56 ,16534 ,0 ,3677 ,264439 
2026년,02월,CSN,CZ,중국남방항공,국제,중국,중국,CGO,도착,정기,여객,16 ,2244 ,4 ,3 ,10035 ,0 ,209 ,26064 
2026년,02월,CSN,CZ,중국남방항공,국제,중국,중국,CGO,출발,정기,여객,16 ,2429 ,7 ,50 ,44 ,0 ,0 ,34596 
2026년,02월,CSN,CZ,중국남방항공,국제,중국,중국,CGQ,도착,정기,여객,28 ,3388 ,10 ,11 ,0 ,0 ,1514 ,51649 
2026년,02월,CSN,CZ,중국남방항공,국제,중국,중국,CGQ,도착,부정기,여객,9 ,1008 ,1 ,0 ,0 ,0 ,0 ,15112 
2026년,02월,CSN,CZ,중국남방항공,국제,중국,중국,CGQ,출발,정기,여객,28 ,4257 ,11 ,17 ,0 ,0 ,2956 ,64106 
2026년,02월,CSN,CZ,중국남방항공,국제,중국,중국,CGQ,출발,부정기,여객,9 ,1309 ,3 ,25 ,0 ,0 ,0 ,18987 
2026년,02월,CSN,CZ,중국남방항공,국제,중국,중국,CSX,도착,정기,여객,8 ,874 ,1 ,1 ,6874 ,0 ,0 ,11612 
2026년,02월,CSN,CZ,중국남방항공,국제,중국,중국,CSX,출발,정기,여객,8 ,1005 ,5 ,3 ,324 ,0 ,0 ,13615 
2026년,02월,CSN,CZ,중국남방항공,국제,중국,중국,DLC,도착,정기,여객,84 ,12955 ,41 ,62 ,66842 ,0 ,663 ,168759 
2026년,02월,CSN,CZ,중국남방항공,국제,중국,중국,DLC,출발,정기,여객,84 ,14174 ,46 ,243 ,27526 ,0 ,4337 ,181643 
2026년,02월,CSN,CZ,중국남방항공,국제,중국,중국,HRB,도착,정기,여객,28 ,3374 ,7 ,20 ,2913 ,0 ,147 ,54368 
2026년,02월,CSN,CZ,중국남방항공,국제,중국,중국,HRB,출발,정기,여객,28 ,3814 ,13 ,86 ,0 ,0 ,2848 ,61795 
2026년,02월,CSN,CZ,중국남방항공,국제,중국,중국,PKX,도착,정기,여객,28 ,5034 ,10 ,0 ,4625 ,0 ,0 ,88316 
2026년,02월,CSN,CZ,중국남방항공,국제,중국,중국,PKX,출발,정기,여객,28 ,5012 ,11 ,85 ,11530 ,0 ,0 ,88977 
2026년,02월,CSN,CZ,중국남방항공,국제,중국,중국,PVG,도착,정기,여객,56 ,9008 ,5 ,21 ,120024 ,0 ,0 ,109164 
2026년,02월,CSN,CZ,중국남방항공,국제,중국,중국,PVG,출발,정기,여객,56 ,9494 ,7 ,102 ,6717 ,0 ,2979 ,117083 
2026년,02월,CSN,CZ,중국남방항공,국제,중국,중국,SHE,도착,정기,여객,56 ,7704 ,26 ,47 ,6052 ,0 ,2364 ,110117 
2026년,02월,CSN,CZ,중국남방항공,국제,중국,중국,SHE,도착,부정기,여객,28 ,3338 ,9 ,6 ,1100 ,0 ,239 ,49955 
2026년,02월,CSN,CZ,중국남방항공,국제,중국,중국,SHE,출발,정기,여객,56 ,8823 ,29 ,178 ,4216 ,0 ,0 ,132407 
2026년,02월,CSN,CZ,중국남방항공,국제,중국,중국,SHE,출발,부정기,여객,28 ,4396 ,14 ,96 ,446 ,0 ,0 ,65066 
2026년,02월,CSN,CZ,중국남방항공,국제,중국,중국,SZX,도착,정기,여객,28 ,4181 ,5 ,14 ,36672 ,0 ,0 ,52669 
2026년,02월,CSN,CZ,중국남방항공,국제,중국,중국,SZX,출발,정기,여객,28 ,4039 ,8 ,4 ,2811 ,0 ,0 ,61528 
2026년,02월,CSN,CZ,중국남방항공,국제,중국,중국,WUH,도착,정기,여객,6 ,847 ,1 ,5 ,0 ,0 ,0 ,10208 
2026년,02월,CSN,CZ,중국남방항공,국제,중국,중국,WUH,출발,정기,여객,6 ,921 ,1 ,7 ,0 ,0 ,0 ,13082 
2026년,02월,CSN,CZ,중국남방항공,국제,중국,중국,YNJ,도착,정기,여객,28 ,3640 ,13 ,1 ,131 ,0 ,6603 ,59091 
2026년,02월,CSN,CZ,중국남방항공,국제,중국,중국,YNJ,출발,정기,여객,28 ,4449 ,13 ,1 ,0 ,0 ,7052 ,63137 
2026년,02월,CSS,O3,슌펑(순풍) 항공,국제,중국,중국,EHU,도착,정기,화물,14 ,0 ,0 ,0 ,256251 ,0 ,0 ,0 
2026년,02월,CSS,O3,슌펑(순풍) 항공,국제,중국,중국,EHU,출발,정기,화물,14 ,0 ,0 ,0 ,128451 ,0 ,0 ,0 
2026년,02월,CSS,O3,슌펑(순풍) 항공,국제,중국,중국,YNT,도착,정기,화물,13 ,0 ,0 ,0 ,206943 ,0 ,0 ,0 
2026년,02월,CSS,O3,슌펑(순풍) 항공,국제,중국,중국,YNT,출발,정기,화물,13 ,0 ,0 ,0 ,126779 ,0 ,0 ,0 
2026년,02월,CSZ,ZH,심천항공,국제,중국,중국,SZX,도착,정기,여객,56 ,8078 ,12 ,45 ,51044 ,0 ,0 ,102625 
2026년,02월,CSZ,ZH,심천항공,국제,중국,중국,SZX,출발,정기,여객,56 ,7937 ,19 ,29 ,3095 ,0 ,0 ,112191 
2026년,02월,CSZ,ZH,심천항공,국제,중국,중국,WUX,도착,정기,여객,12 ,1852 ,3 ,0 ,10950 ,0 ,0 ,23291 
2026년,02월,CSZ,ZH,심천항공,국제,중국,중국,WUX,출발,정기,여객,12 ,1805 ,2 ,7 ,0 ,0 ,0 ,25655 
2026년,02월,CXA,MF,중국하문항공,국제,중국,중국,FOC,도착,정기,여객,28 ,4435 ,5 ,8 ,1156 ,0 ,0 ,64233 
2026년,02월,CXA,MF,중국하문항공,국제,중국,중국,FOC,출발,정기,여객,28 ,4077 ,12 ,240 ,44 ,0 ,0 ,69810 
2026년,02월,CXA,MF,중국하문항공,국제,중국,중국,XMN,도착,정기,여객,28 ,4372 ,12 ,76 ,19683 ,0 ,0 ,57111 
2026년,02월,CXA,MF,중국하문항공,국제,중국,중국,XMN,출발,정기,여객,28 ,4364 ,10 ,47 ,14332 ,0 ,0 ,61879 
2026년,02월,CYZ,CF,중국우정항공,국제,중국,중국,CGO,도착,정기,화물,8 ,0 ,0 ,0 ,119009 ,0 ,2339 ,0 
2026년,02월,CYZ,CF,중국우정항공,국제,중국,중국,CGO,출발,정기,화물,8 ,0 ,0 ,0 ,56591 ,0 ,2301 ,0 
2026년,02월,CYZ,CF,중국우정항공,국제,중국,중국,XIY,도착,정기,화물,9 ,0 ,0 ,0 ,121316 ,0 ,197 ,0 
2026년,02월,CYZ,CF,중국우정항공,국제,중국,중국,XIY,출발,정기,화물,9 ,0 ,0 ,0 ,92044 ,0 ,0 ,0 
2026년,02월,DAL,DL,델타항공,국제,미주,미국,ATL,도착,정기,여객,56 ,7879 ,58 ,6955 ,81940 ,0 ,1333 ,420980 
2026년,02월,DAL,DL,델타항공,국제,미주,미국,ATL,출발,정기,여객,56 ,6626 ,42 ,5506 ,639950 ,0 ,0 ,342840 
2026년,02월,DAL,DL,델타항공,국제,미주,미국,DTW,도착,정기,여객,28 ,3653 ,46 ,3583 ,80723 ,0 ,576 ,183480 
2026년,02월,DAL,DL,델타항공,국제,미주,미국,DTW,출발,정기,여객,28 ,2522 ,10 ,4483 ,330403 ,0 ,0 ,192000 
2026년,02월,DAL,DL,델타항공,국제,미주,미국,MSP,도착,정기,여객,28 ,3344 ,44 ,3899 ,77609 ,0 ,0 ,181540 
2026년,02월,DAL,DL,델타항공,국제,미주,미국,MSP,출발,정기,여객,28 ,2288 ,16 ,3615 ,306699 ,0 ,0 ,155940 
2026년,02월,DAL,DL,델타항공,국제,미주,미국,SEA,도착,정기,여객,28 ,3509 ,41 ,4498 ,37791 ,0 ,386 ,191980 
2026년,02월,DAL,DL,델타항공,국제,미주,미국,SEA,출발,정기,여객,28 ,2519 ,15 ,2968 ,281106 ,0 ,0 ,139020 
2026년,02월,DAL,DL,델타항공,국제,미주,미국,SEA,출발,부정기,화물,3 ,0 ,0 ,0 ,49858 ,0 ,0 ,0 
2026년,02월,DAL,DL,델타항공,국제,미주,미국,SLC,도착,정기,여객,12 ,1525 ,24 ,1635 ,37838 ,0 ,4466 ,77940 
2026년,02월,DAL,DL,델타항공,국제,미주,미국,SLC,출발,정기,여객,12 ,1133 ,13 ,1222 ,157468 ,0 ,0 ,61740 
2026년,02월,DLH,LH,루프트한자항공,국제,유럽,독일,FRA,도착,정기,여객,25 ,6995 ,16 ,94 ,259622 ,0 ,8904 ,134586 
2026년,02월,DLH,LH,루프트한자항공,국제,유럽,독일,FRA,출발,정기,여객,25 ,5798 ,13 ,344 ,226980 ,0 ,2311 ,115839 
2026년,02월,DLH,LH,루프트한자항공,국제,유럽,독일,MUC,도착,정기,여객,19 ,5297 ,23 ,87 ,207580 ,0 ,51 ,99699 
2026년,02월,DLH,LH,루프트한자항공,국제,유럽,독일,MUC,출발,정기,여객,19 ,4602 ,18 ,256 ,191879 ,0 ,0 ,91530 
2026년,02월,EOK,RF,에어로케이,국제,일본,일본,IBR,도착,정기,여객,12 ,1299 ,10 ,0 ,0 ,0 ,0 ,13764 
2026년,02월,EOK,RF,에어로케이,국제,일본,일본,IBR,출발,정기,여객,12 ,901 ,4 ,0 ,0 ,0 ,0 ,10530 
2026년,02월,EOK,RF,에어로케이,국제,일본,일본,KIX,도착,정기,여객,56 ,8985 ,14 ,0 ,0 ,0 ,0 ,90249 
2026년,02월,EOK,RF,에어로케이,국제,일본,일본,KIX,출발,정기,여객,56 ,7596 ,9 ,7 ,0 ,0 ,0 ,69288 
2026년,02월,EOK,RF,에어로케이,국제,일본,일본,OBO,도착,정기,여객,8 ,1230 ,5 ,0 ,0 ,0 ,0 ,14232 
2026년,02월,EOK,RF,에어로케이,국제,일본,일본,OBO,출발,정기,여객,8 ,1001 ,5 ,0 ,0 ,0 ,0 ,9494 
2026년,02월,EOK,RF,에어로케이,국제,동북아,대만,HUN,도착,부정기,여객,8 ,1066 ,7 ,0 ,0 ,0 ,0 ,11887 
2026년,02월,EOK,RF,에어로케이,국제,동북아,대만,HUN,출발,부정기,여객,8 ,1026 ,4 ,0 ,0 ,0 ,0 ,13902 
2026년,02월,ESR,ZE,이스타 항공,국내,한국,한국,CJU,도착,부정기,여객,2 ,343 ,0 ,0 ,0 ,0 ,0 ,1517 
2026년,02월,ESR,ZE,이스타 항공,국제,일본,일본,CTS,도착,정기,여객,84 ,15020 ,16 ,0 ,0 ,0 ,0 ,180127 
2026년,02월,ESR,ZE,이스타 항공,국제,일본,일본,CTS,출발,정기,여객,84 ,14646 ,13 ,12 ,0 ,0 ,0 ,140590 
2026년,02월,ESR,ZE,이스타 항공,국제,일본,일본,FUK,도착,정기,여객,84 ,15648 ,81 ,0 ,0 ,0 ,0 ,161849 
2026년,02월,ESR,ZE,이스타 항공,국제,일본,일본,FUK,출발,정기,여객,84 ,15480 ,66 ,3 ,0 ,0 ,0 ,127522 
2026년,02월,ESR,ZE,이스타 항공,국제,일본,일본,KIX,도착,정기,여객,84 ,15578 ,34 ,0 ,0 ,0 ,0 ,161772 
2026년,02월,ESR,ZE,이스타 항공,국제,일본,일본,KIX,출발,정기,여객,84 ,15348 ,28 ,0 ,148 ,0 ,0 ,136026 
2026년,02월,ESR,ZE,이스타 항공,국제,일본,일본,KOJ,도착,정기,여객,28 ,5150 ,11 ,0 ,0 ,0 ,0 ,69849 
2026년,02월,ESR,ZE,이스타 항공,국제,일본,일본,KOJ,출발,정기,여객,28 ,4705 ,15 ,3 ,0 ,0 ,0 ,55358 
2026년,02월,ESR,ZE,이스타 항공,국제,일본,일본,NRT,도착,정기,여객,84 ,15385 ,16 ,1 ,10032 ,7379 ,0 ,163845 
2026년,02월,ESR,ZE,이스타 항공,국제,일본,일본,NRT,출발,정기,여객,84 ,15188 ,17 ,4 ,11397 ,11789 ,0 ,152737 
2026년,02월,ESR,ZE,이스타 항공,국제,일본,일본,OKA,도착,정기,여객,28 ,5052 ,90 ,0 ,0 ,0 ,0 ,52268 
2026년,02월,ESR,ZE,이스타 항공,국제,일본,일본,OKA,출발,정기,여객,28 ,5080 ,97 ,0 ,0 ,0 ,0 ,41348 
2026년,02월,ESR,ZE,이스타 항공,국제,일본,일본,TKS,도착,정기,여객,12 ,2127 ,9 ,0 ,0 ,0 ,0 ,21044 
2026년,02월,ESR,ZE,이스타 항공,국제,일본,일본,TKS,출발,정기,여객,12 ,1942 ,6 ,1 ,0 ,0 ,0 ,15571 
2026년,02월,ESR,ZE,이스타 항공,국제,중국,중국,PVG,도착,정기,여객,28 ,5055 ,1 ,0 ,15900 ,0 ,0 ,48880 
2026년,02월,ESR,ZE,이스타 항공,국제,중국,중국,PVG,출발,정기,여객,28 ,4662 ,2 ,55 ,11657 ,0 ,0 ,46561 
2026년,02월,ESR,ZE,이스타 항공,국제,동북아,대만,TPE,도착,정기,여객,16 ,2942 ,4 ,0 ,115 ,4870 ,0 ,33332 
2026년,02월,ESR,ZE,이스타 항공,국제,동북아,대만,TPE,도착,부정기,여객,5 ,902 ,2 ,0 ,0 ,0 ,0 ,10072 
2026년,02월,ESR,ZE,이스타 항공,국제,동북아,대만,TPE,출발,정기,여객,16 ,2887 ,5 ,1 ,3614 ,0 ,0 ,29663 
2026년,02월,ESR,ZE,이스타 항공,국제,동북아,대만,TPE,출발,부정기,여객,6 ,1003 ,3 ,0 ,0 ,0 ,0 ,11226 
2026년,02월,ESR,ZE,이스타 항공,국제,동남아,베트남,CXR,도착,정기,여객,56 ,9962 ,56 ,0 ,0 ,0 ,0 ,113543 
2026년,02월,ESR,ZE,이스타 항공,국제,동남아,베트남,CXR,출발,정기,여객,56 ,9489 ,65 ,2 ,0 ,0 ,0 ,82191 
2026년,02월,ESR,ZE,이스타 항공,국제,동남아,베트남,DAD,도착,정기,여객,56 ,9817 ,24 ,0 ,33588 ,0 ,0 ,108390 
2026년,02월,ESR,ZE,이스타 항공,국제,동남아,베트남,DAD,출발,정기,여객,56 ,9718 ,33 ,6 ,9599 ,0 ,0 ,82281 
2026년,02월,ESR,ZE,이스타 항공,국제,동남아,베트남,PQC,도착,정기,여객,56 ,9813 ,88 ,0 ,0 ,0 ,0 ,110008 
2026년,02월,ESR,ZE,이스타 항공,국제,동남아,베트남,PQC,출발,정기,여객,56 ,9399 ,89 ,6 ,0 ,0 ,0 ,84660 
2026년,02월,ESR,ZE,이스타 항공,국제,동남아,인도네시아,MDC,도착,부정기,여객,28 ,4260 ,2 ,0 ,0 ,0 ,0 ,46531 
2026년,02월,ESR,ZE,이스타 항공,국제,동남아,인도네시아,MDC,출발,부정기,여객,28 ,4491 ,3 ,0 ,0 ,0 ,0 ,46876 
2026년,02월,ESR,ZE,이스타 항공,국제,동남아,태국,BKK,도착,정기,여객,28 ,4940 ,10 ,10 ,15729 ,0 ,0 ,55094 
2026년,02월,ESR,ZE,이스타 항공,국제,동남아,태국,BKK,출발,정기,여객,28 ,4801 ,11 ,15 ,31892 ,0 ,0 ,47763 
2026년,02월,ESR,ZE,이스타 항공,국제,동남아,태국,CNX,도착,정기,여객,28 ,4952 ,14 ,1 ,0 ,0 ,0 ,59905 
2026년,02월,ESR,ZE,이스타 항공,국제,동남아,태국,CNX,출발,정기,여객,28 ,4690 ,13 ,8 ,0 ,0 ,0 ,47581 
2026년,02월,ETD,EY,에티하드 항공,국제,중동,아랍에미리트,AUH,도착,정기,여객,43 ,12293 ,21 ,77 ,433517 ,0 ,9262 ,226817 
2026년,02월,ETD,EY,에티하드 항공,국제,중동,아랍에미리트,AUH,출발,정기,여객,42 ,10765 ,32 ,177 ,634298 ,36 ,0 ,200975 
2026년,02월,ETH,ET,에티오피아 항공,국제,일본,일본,NRT,도착,정기,여객,23 ,2630 ,4 ,9 ,24830 ,0 ,0 ,37757 
2026년,02월,ETH,ET,에티오피아 항공,국제,일본,일본,NRT,출발,정기,여객,24 ,1808 ,1 ,8 ,47113 ,0 ,0 ,24106 
2026년,02월,ETH,ET,에티오피아 항공,국제,동북아,홍콩,HKG,도착,정기,화물,0 ,0 ,0 ,0 ,0 ,0 ,0 ,0 
2026년,02월,ETH,ET,에티오피아 항공,국제,동북아,홍콩,HKG,출발,정기,화물,0 ,0 ,0 ,0 ,157789 ,0 ,0 ,0 
2026년,02월,ETH,ET,에티오피아 항공,국제,유럽,노르웨이,OSL,도착,정기,화물,0 ,0 ,0 ,0 ,753873 ,0 ,0 ,0 
2026년,02월,ETH,ET,에티오피아 항공,국제,유럽,벨기에,LGG,도착,정기,화물,0 ,0 ,0 ,0 ,0 ,0 ,0 ,0 
2026년,02월,ETH,ET,에티오피아 항공,국제,유럽,영국,EMA,도착,정기,화물,0 ,0 ,0 ,0 ,0 ,0 ,0 ,0 
2026년,02월,ETH,ET,에티오피아 항공,국제,유럽,헝가리,BUD,도착,정기,화물,0 ,0 ,0 ,0 ,0 ,0 ,0 ,0 
2026년,02월,ETH,ET,에티오피아 항공,국제,기타,나이지리아,LOS,도착,정기,화물,0 ,0 ,0 ,0 ,0 ,0 ,0 ,0 
2026년,02월,ETH,ET,에티오피아 항공,국제,기타,에티오피아,ADD,도착,정기,화물,11 ,0 ,0 ,0 ,283606 ,0 ,0 ,0 
2026년,02월,ETH,ET,에티오피아 항공,국제,기타,에티오피아,ADD,도착,정기,여객,24 ,3197 ,9 ,100 ,11944 ,0 ,437 ,88632 
2026년,02월,ETH,ET,에티오피아 항공,국제,기타,에티오피아,ADD,출발,정기,화물,11 ,0 ,0 ,0 ,25804 ,0 ,0 ,0 
2026년,02월,ETH,ET,에티오피아 항공,국제,기타,에티오피아,ADD,출발,정기,여객,23 ,2087 ,7 ,78 ,87565 ,0 ,0 ,77921 
2026년,02월,EVA,BR,에바항공,국제,동북아,대만,KHH,도착,정기,여객,28 ,4827 ,21 ,66 ,1339 ,0 ,0 ,65660 
2026년,02월,EVA,BR,에바항공,국제,동북아,대만,KHH,출발,정기,여객,28 ,5030 ,24 ,35 ,147 ,0 ,0 ,94061 
2026년,02월,EVA,BR,에바항공,국제,동북아,대만,TPE,도착,정기,여객,56 ,15654 ,66 ,264 ,676722 ,0 ,2757 ,207989 
2026년,02월,EVA,BR,에바항공,국제,동북아,대만,TPE,도착,부정기,여객,20 ,4697 ,24 ,30 ,158612 ,0 ,231 ,57767 
2026년,02월,EVA,BR,에바항공,국제,동북아,대만,TPE,출발,정기,여객,56 ,16218 ,70 ,97 ,375871 ,0 ,0 ,272896 
2026년,02월,EVA,BR,에바항공,국제,동북아,대만,TPE,출발,부정기,여객,20 ,4797 ,21 ,23 ,14253 ,0 ,0 ,76460 
2026년,02월,FDX,FX,FedEX항공,국제,일본,일본,KIX,도착,정기,화물,0 ,0 ,0 ,0 ,37174 ,29442 ,0 ,0 
2026년,02월,FDX,FX,FedEX항공,국제,일본,일본,KIX,출발,정기,화물,0 ,0 ,0 ,0 ,442557 ,94428 ,0 ,0 
2026년,02월,FDX,FX,FedEX항공,국제,일본,일본,NRT,도착,정기,화물,0 ,0 ,0 ,0 ,207806 ,512960 ,0 ,0 
2026년,02월,FDX,FX,FedEX항공,국제,중국,중국,CAN,도착,정기,화물,0 ,0 ,0 ,0 ,861228 ,335222 ,0 ,0 
2026년,02월,FDX,FX,FedEX항공,국제,중국,중국,CAN,출발,정기,화물,0 ,0 ,0 ,0 ,886248 ,198567 ,0 ,0 
2026년,02월,FDX,FX,FedEX항공,국제,중국,중국,PEK,도착,정기,화물,0 ,0 ,0 ,0 ,101867 ,172804 ,0 ,0 
2026년,02월,FDX,FX,FedEX항공,국제,중국,중국,PEK,출발,정기,화물,0 ,0 ,0 ,0 ,42566 ,68864 ,0 ,0 
2026년,02월,FDX,FX,FedEX항공,국제,중국,중국,PVG,출발,정기,화물,0 ,0 ,0 ,0 ,146759 ,889 ,0 ,0 
2026년,02월,FDX,FX,FedEX항공,국제,중국,중국,SZX,출발,정기,화물,0 ,0 ,0 ,0 ,20606 ,11381 ,0 ,0 
2026년,02월,FDX,FX,FedEX항공,국제,중국,중국,XMN,도착,정기,화물,0 ,0 ,0 ,0 ,8017 ,18147 ,0 ,0 
2026년,02월,FDX,FX,FedEX항공,국제,동북아,대만,TPE,도착,정기,화물,0 ,0 ,0 ,0 ,63399 ,59893 ,0 ,0 
2026년,02월,FDX,FX,FedEX항공,국제,동북아,대만,TPE,출발,정기,화물,0 ,0 ,0 ,0 ,561468 ,36476 ,0 ,0 
2026년,02월,FDX,FX,FedEX항공,국제,동북아,홍콩,HKG,출발,정기,화물,0 ,0 ,0 ,0 ,57154 ,348715 ,0 ,0 
2026년,02월,FDX,FX,FedEX항공,국제,동남아,베트남,HAN,출발,정기,화물,0 ,0 ,0 ,0 ,4603 ,0 ,0 ,0 
2026년,02월,FDX,FX,FedEX항공,국제,동남아,필리핀,CRK,도착,정기,화물,0 ,0 ,0 ,0 ,0 ,0 ,0 ,0 
2026년,02월,FDX,FX,FedEX항공,국제,미주,미국,ANC,도착,정기,화물,92 ,0 ,0 ,0 ,361570 ,57154 ,0 ,0 
2026년,02월,FDX,FX,FedEX항공,국제,미주,미국,ANC,출발,정기,화물,55 ,0 ,0 ,0 ,394970 ,123143 ,0 ,0 
2026년,02월,FDX,FX,FedEX항공,국제,미주,미국,IND,도착,정기,화물,10 ,0 ,0 ,0 ,0 ,0 ,0 ,0 
2026년,02월,FDX,FX,FedEX항공,국제,미주,미국,IND,출발,정기,화물,36 ,0 ,0 ,0 ,0 ,0 ,0 ,0 
2026년,02월,FDX,FX,FedEX항공,국제,미주,미국,MEM,도착,정기,화물,39 ,0 ,0 ,0 ,159451 ,2960 ,0 ,0 
2026년,02월,FDX,FX,FedEX항공,국제,미주,미국,MEM,출발,정기,화물,37 ,0 ,0 ,0 ,0 ,0 ,0 ,0 
2026년,02월,FDX,FX,FedEX항공,국제,미주,미국,OAK,도착,정기,화물,4 ,0 ,0 ,0 ,0 ,0 ,0 ,0 
2026년,02월,FDX,FX,FedEX항공,국제,미주,미국,OAK,출발,정기,화물,16 ,0 ,0 ,0 ,0 ,0 ,0 ,0 
2026년,02월,FIN,AY,핀에어,국제,유럽,핀란드,HEL,도착,정기,여객,28 ,6652 ,11 ,112 ,638921 ,0 ,767 ,120224 
2026년,02월,FIN,AY,핀에어,국제,유럽,핀란드,HEL,출발,정기,여객,28 ,5175 ,8 ,360 ,447870 ,0 ,0 ,102309 
2026년,02월,GCR,GS,톈진(천진) 에어라인,국제,중국,중국,TSN,도착,정기,여객,16 ,1886 ,2 ,2 ,0 ,0 ,0 ,21799 
2026년,02월,GCR,GS,톈진(천진) 에어라인,국제,중국,중국,TSN,출발,정기,여객,16 ,1911 ,2 ,6 ,0 ,0 ,0 ,25349 
2026년,02월,GEC,LH,루프트한자항공,국제,일본,일본,NRT,도착,정기,화물,0 ,0 ,0 ,0 ,41804 ,0 ,417 ,0 
2026년,02월,GEC,LH,루프트한자항공,국제,유럽,독일,FRA,도착,정기,화물,22 ,0 ,0 ,0 ,311412 ,0 ,1277 ,0 
2026년,02월,GEC,LH,루프트한자항공,국제,유럽,독일,FRA,출발,정기,화물,22 ,0 ,0 ,0 ,594270 ,0 ,5940 ,0 
2026년,02월,GIA,GA,가루다 인도네시아항공,국제,동남아,인도네시아,CGK,도착,정기,여객,20 ,4005 ,16 ,158 ,170265 ,0 ,634 ,79863 
2026년,02월,GIA,GA,가루다 인도네시아항공,국제,동남아,인도네시아,CGK,출발,정기,여객,20 ,3681 ,19 ,50 ,163028 ,0 ,11374 ,87300 
2026년,02월,GIA,GA,가루다 인도네시아항공,국제,동남아,인도네시아,DPS,도착,정기,여객,12 ,1830 ,9 ,36 ,1231 ,0 ,112 ,28884 
2026년,02월,GIA,GA,가루다 인도네시아항공,국제,동남아,인도네시아,DPS,출발,정기,여객,12 ,2094 ,5 ,39 ,46571 ,0 ,1360 ,32883 
2026년,02월,GTI,5Y,아틀라스항공,국제,중국,중국,CKG,출발,정기,화물,0 ,0 ,0 ,0 ,29096 ,0 ,0 ,0 
2026년,02월,GTI,5Y,아틀라스항공,국제,중국,중국,PVG,출발,정기,화물,0 ,0 ,0 ,0 ,57869 ,0 ,0 ,0 
2026년,02월,GTI,5Y,아틀라스항공,국제,중국,중국,SZX,출발,정기,화물,0 ,0 ,0 ,0 ,0 ,0 ,0 ,0 
2026년,02월,GTI,5Y,아틀라스항공,국제,중국,중국,XMN,출발,정기,화물,8 ,0 ,0 ,0 ,0 ,0 ,0 ,0 
2026년,02월,GTI,5Y,아틀라스항공,국제,동북아,대만,TPE,도착,정기,화물,0 ,0 ,0 ,0 ,44533 ,7279 ,0 ,0 
2026년,02월,GTI,5Y,아틀라스항공,국제,동북아,대만,TPE,출발,정기,화물,0 ,0 ,0 ,0 ,415494 ,0 ,0 ,0 
2026년,02월,GTI,5Y,아틀라스항공,국제,동북아,홍콩,HKG,도착,정기,화물,3 ,0 ,0 ,0 ,22392 ,0 ,0 ,0 
2026년,02월,GTI,5Y,아틀라스항공,국제,동북아,홍콩,HKG,출발,정기,화물,0 ,0 ,0 ,0 ,4112 ,0 ,0 ,0 
2026년,02월,GTI,5Y,아틀라스항공,국제,동남아,베트남,HAN,출발,정기,화물,0 ,0 ,0 ,0 ,627196 ,0 ,0 ,0 
2026년,02월,GTI,5Y,아틀라스항공,국제,미주,미국,ANC,도착,정기,화물,0 ,0 ,0 ,0 ,0 ,0 ,0 ,0 
2026년,02월,GTI,5Y,아틀라스항공,국제,미주,미국,ANC,출발,정기,화물,0 ,0 ,0 ,0 ,0 ,0 ,0 ,0 
2026년,02월,GTI,5Y,아틀라스항공,국제,미주,미국,ATL,도착,정기,화물,1 ,0 ,0 ,0 ,0 ,0 ,0 ,0 
2026년,02월,GTI,5Y,아틀라스항공,국제,미주,미국,BHM,도착,정기,화물,0 ,0 ,0 ,0 ,0 ,0 ,0 ,0 
2026년,02월,GTI,5Y,아틀라스항공,국제,미주,미국,CVG,도착,정기,화물,2 ,0 ,0 ,0 ,0 ,0 ,0 ,0 
2026년,02월,GTI,5Y,아틀라스항공,국제,미주,미국,CVG,출발,정기,화물,12 ,0 ,0 ,0 ,0 ,0 ,0 ,0 
2026년,02월,GTI,5Y,아틀라스항공,국제,미주,미국,DFW,출발,정기,화물,11 ,0 ,0 ,0 ,0 ,0 ,0 ,0 
2026년,02월,GTI,5Y,아틀라스항공,국제,미주,미국,HSV,도착,정기,화물,0 ,0 ,0 ,0 ,0 ,0 ,0 ,0 
2026년,02월,GTI,5Y,아틀라스항공,국제,미주,미국,JFK,도착,정기,화물,0 ,0 ,0 ,0 ,0 ,0 ,0 ,0 
2026년,02월,GTI,5Y,아틀라스항공,국제,미주,미국,LAX,도착,정기,화물,17 ,0 ,0 ,0 ,0 ,0 ,0 ,0 
2026년,02월,GTI,5Y,아틀라스항공,국제,미주,미국,LAX,출발,정기,화물,12 ,0 ,0 ,0 ,0 ,0 ,0 ,0 
2026년,02월,GTI,5Y,아틀라스항공,국제,미주,미국,MIA,도착,정기,화물,11 ,0 ,0 ,0 ,10723 ,0 ,0 ,0 
2026년,02월,GTI,5Y,아틀라스항공,국제,미주,미국,MIA,출발,정기,화물,11 ,0 ,0 ,0 ,0 ,0 ,0 ,0 
2026년,02월,GTI,5Y,아틀라스항공,국제,미주,미국,ORD,도착,정기,화물,78 ,0 ,0 ,0 ,526042 ,0 ,0 ,0 
2026년,02월,GTI,5Y,아틀라스항공,국제,미주,미국,ORD,출발,정기,화물,70 ,0 ,0 ,0 ,872075 ,26556 ,0 ,0 
2026년,02월,GTI,5Y,아틀라스항공,국제,미주,캐나다,YYZ,도착,정기,화물,0 ,0 ,0 ,0 ,0 ,0 ,0 ,0 
2026년,02월,GTI,5Y,아틀라스항공,국제,대양주,하와이,HNL,도착,정기,화물,0 ,0 ,0 ,0 ,0 ,0 ,0 ,0 
2026년,02월,GTI,5Y,아틀라스항공,국제,유럽,네덜란드,AMS,도착,정기,화물,0 ,0 ,0 ,0 ,1101481 ,0 ,0 ,0 
2026년,02월,GTI,5Y,아틀라스항공,국제,유럽,네덜란드,AMS,출발,정기,화물,0 ,0 ,0 ,0 ,0 ,0 ,0 ,0 
2026년,02월,GTI,5Y,아틀라스항공,국제,유럽,벨기에,LGG,도착,정기,화물,0 ,0 ,0 ,0 ,0 ,0 ,0 ,0 
2026년,02월,GTI,5Y,아틀라스항공,국제,유럽,스페인,MAD,도착,정기,화물,0 ,0 ,0 ,0 ,0 ,0 ,0 ,0 
2026년,02월,GTI,5Y,아틀라스항공,국제,유럽,스페인,ZAZ,도착,정기,화물,0 ,0 ,0 ,0 ,0 ,0 ,0 ,0 
2026년,02월,GTI,5Y,아틀라스항공,국제,유럽,헝가리,BUD,도착,정기,화물,0 ,0 ,0 ,0 ,0 ,0 ,0 ,0 
2026년,02월,GTI,5Y,아틀라스항공,국제,유럽,카자흐스탄,ALA,도착,정기,화물,0 ,0 ,0 ,0 ,0 ,0 ,0 ,0 
2026년,02월,GTI,5Y,아틀라스항공,국제,유럽,카자흐스탄,ALA,출발,정기,화물,0 ,0 ,0 ,0 ,0 ,0 ,0 ,0 
2026년,02월,GTI,5Y,아틀라스항공,국제,중동,사우디아라비아,JED,도착,정기,화물,0 ,0 ,0 ,0 ,0 ,0 ,0 ,0 
2026년,02월,HKE,UO,홍콩익스프레스,국제,동북아,홍콩,HKG,도착,정기,여객,124 ,27274 ,27 ,0 ,44102 ,0 ,1285 ,238159 
2026년,02월,HKE,UO,홍콩익스프레스,국제,동북아,홍콩,HKG,도착,부정기,여객,7 ,1147 ,3 ,0 ,0 ,0 ,0 ,10826 
2026년,02월,HKE,UO,홍콩익스프레스,국제,동북아,홍콩,HKG,출발,정기,여객,124 ,26659 ,25 ,17 ,7817 ,0 ,0 ,271981 
2026년,02월,HKE,UO,홍콩익스프레스,국제,동북아,홍콩,HKG,출발,부정기,여객,7 ,1254 ,1 ,0 ,0 ,0 ,0 ,13800 
2026년,02월,HLF,I9,중국센트럴항공,국제,중국,중국,SZX,출발,정기,화물,3 ,0 ,0 ,0 ,12947 ,0 ,0 ,0 
2026년,02월,HLF,I9,중국센트럴항공,국제,중국,중국,YNT,도착,정기,화물,12 ,0 ,0 ,0 ,163059 ,0 ,0 ,0 
2026년,02월,HLF,I9,중국센트럴항공,국제,중국,중국,YNT,출발,정기,화물,12 ,0 ,0 ,0 ,91451 ,0 ,0 ,0 
2026년,02월,HLF,I9,중국센트럴항공,국제,유럽,독일,LEJ,도착,정기,화물,3 ,0 ,0 ,0 ,104281 ,0 ,0 ,0 
2026년,02월,HVN,VN,베트남항공,국제,동남아,베트남,CXR,도착,정기,여객,28 ,5079 ,41 ,10 ,18076 ,0 ,0 ,78574 
2026년,02월,HVN,VN,베트남항공,국제,동남아,베트남,CXR,출발,정기,여객,28 ,4713 ,34 ,49 ,0 ,0 ,0 ,58745 
2026년,02월,HVN,VN,베트남항공,국제,동남아,베트남,DAD,도착,정기,여객,28 ,4680 ,34 ,82 ,17736 ,0 ,73 ,78242 
2026년,02월,HVN,VN,베트남항공,국제,동남아,베트남,DAD,출발,정기,여객,28 ,4495 ,45 ,198 ,712 ,0 ,0 ,79275 
2026년,02월,HVN,VN,베트남항공,국제,동남아,베트남,HAN,도착,정기,여객,56 ,15141 ,154 ,387 ,526022 ,0 ,1521 ,365668 
2026년,02월,HVN,VN,베트남항공,국제,동남아,베트남,HAN,도착,부정기,여객,1 ,148 ,0 ,0 ,248 ,0 ,0 ,3338 
2026년,02월,HVN,VN,베트남항공,국제,동남아,베트남,HAN,출발,정기,여객,56 ,16390 ,228 ,321 ,515803 ,0 ,0 ,457140 
2026년,02월,HVN,VN,베트남항공,국제,동남아,베트남,HAN,출발,부정기,여객,1 ,193 ,4 ,5 ,0 ,0 ,0 ,5510 
2026년,02월,HVN,VN,베트남항공,국제,동남아,베트남,SGN,도착,정기,여객,56 ,12684 ,153 ,496 ,209545 ,0 ,340 ,316931 
2026년,02월,HVN,VN,베트남항공,국제,동남아,베트남,SGN,도착,부정기,여객,1 ,91 ,0 ,0 ,0 ,0 ,0 ,2100 
2026년,02월,HVN,VN,베트남항공,국제,동남아,베트남,SGN,출발,정기,여객,56 ,12810 ,219 ,496 ,247663 ,0 ,21 ,305903 
2026년,02월,HVN,VN,베트남항공,국제,동남아,베트남,SGN,출발,부정기,여객,1 ,164 ,1 ,0 ,0 ,0 ,0 ,4734 
2026년,02월,HYT,YG,원통화물항공,국제,중국,중국,WNZ,도착,정기,화물,20 ,0 ,0 ,0 ,493408 ,0 ,0 ,0 
2026년,02월,HYT,YG,원통화물항공,국제,중국,중국,WNZ,출발,정기,화물,20 ,0 ,0 ,0 ,112348 ,0 ,0 ,0 
2026년,02월,ICV,C8,카고룩스 이탈리아,국제,중국,중국,CGO,출발,정기,화물,0 ,0 ,0 ,0 ,35366 ,0 ,0 ,0 
2026년,02월,ICV,C8,카고룩스 이탈리아,국제,동북아,대만,TPE,출발,정기,화물,0 ,0 ,0 ,0 ,142458 ,0 ,0 ,0 
2026년,02월,ICV,C8,카고룩스 이탈리아,국제,미주,미국,ANC,출발,정기,화물,0 ,0 ,0 ,0 ,0 ,0 ,0 ,0 
2026년,02월,ICV,C8,카고룩스 이탈리아,국제,미주,미국,DFW,출발,정기,화물,0 ,0 ,0 ,0 ,36398 ,0 ,0 ,0 
2026년,02월,ICV,C8,카고룩스 이탈리아,국제,미주,미국,IAH,출발,정기,화물,0 ,0 ,0 ,0 ,58979 ,0 ,0 ,0 
2026년,02월,ICV,C8,카고룩스 이탈리아,국제,유럽,이탈리아,MXP,도착,정기,화물,11 ,0 ,0 ,0 ,773196 ,0 ,0 ,0 
2026년,02월,ICV,C8,카고룩스 이탈리아,국제,유럽,이탈리아,MXP,출발,정기,화물,11 ,0 ,0 ,0 ,189067 ,0 ,0 ,0 
2026년,02월,ICV,C8,카고룩스 이탈리아,국제,유럽,투르크메니스탄,ASB,출발,정기,화물,0 ,0 ,0 ,0 ,0 ,0 ,0 ,0 
2026년,02월,JAL,JL,일본항공,국제,일본,일본,NGO,도착,정기,화물,15 ,0 ,0 ,0 ,305139 ,4122 ,0 ,0 
2026년,02월,JAL,JL,일본항공,국제,일본,일본,NRT,도착,정기,화물,4 ,0 ,0 ,0 ,117206 ,2578 ,0 ,0 
2026년,02월,JAL,JL,일본항공,국제,일본,일본,NRT,출발,정기,화물,19 ,0 ,0 ,0 ,580807 ,0 ,0 ,0 
2026년,02월,JDL,JG,장쑤징동화물항공사,국제,중국,중국,NKG,도착,정기,화물,6 ,0 ,0 ,0 ,102408 ,0 ,0 ,0 
2026년,02월,JDL,JG,장쑤징동화물항공사,국제,중국,중국,NKG,출발,정기,화물,6 ,0 ,0 ,0 ,4739 ,0 ,0 ,0 
2026년,02월,JDL,JG,장쑤징동화물항공사,국제,중국,중국,WUX,도착,정기,화물,28 ,0 ,0 ,0 ,324458 ,0 ,0 ,0 
2026년,02월,JDL,JG,장쑤징동화물항공사,국제,중국,중국,WUX,출발,정기,화물,28 ,0 ,0 ,0 ,173270 ,0 ,0 ,0 
2026년,02월,JJA,7C,제주항공,국내,한국,한국,CJU,도착,부정기,여객,4 ,734 ,0 ,0 ,0 ,0 ,0 ,2868 
2026년,02월,JJA,7C,제주항공,국제,일본,일본,CTS,도착,정기,여객,56 ,9747 ,15 ,138 ,0 ,0 ,0 ,121285 
2026년,02월,JJA,7C,제주항공,국제,일본,일본,CTS,출발,정기,여객,56 ,9815 ,19 ,56 ,0 ,0 ,0 ,97170 
2026년,02월,JJA,7C,제주항공,국제,일본,일본,FSZ,도착,정기,여객,56 ,9879 ,39 ,34 ,0 ,0 ,0 ,102585 
2026년,02월,JJA,7C,제주항공,국제,일본,일본,FSZ,출발,정기,여객,56 ,9597 ,44 ,10 ,0 ,0 ,0 ,87882 
2026년,02월,JJA,7C,제주항공,국제,일본,일본,FUK,도착,정기,여객,112 ,20384 ,124 ,291 ,0 ,0 ,0 ,213112 
2026년,02월,JJA,7C,제주항공,국제,일본,일본,FUK,출발,정기,여객,112 ,20398 ,132 ,116 ,0 ,0 ,0 ,164298 
2026년,02월,JJA,7C,제주항공,국제,일본,일본,HIJ,도착,정기,여객,56 ,10071 ,41 ,169 ,0 ,0 ,0 ,106244 
2026년,02월,JJA,7C,제주항공,국제,일본,일본,HIJ,출발,정기,여객,56 ,9431 ,33 ,198 ,0 ,0 ,0 ,88764 
2026년,02월,JJA,7C,제주항공,국제,일본,일본,HKD,도착,정기,여객,16 ,2753 ,3 ,35 ,0 ,0 ,0 ,33355 
2026년,02월,JJA,7C,제주항공,국제,일본,일본,HKD,출발,정기,여객,16 ,2752 ,6 ,25 ,0 ,0 ,0 ,26008 
2026년,02월,JJA,7C,제주항공,국제,일본,일본,KIX,도착,정기,여객,196 ,34701 ,76 ,317 ,11334 ,0 ,0 ,346161 
2026년,02월,JJA,7C,제주항공,국제,일본,일본,KIX,출발,정기,여객,196 ,33960 ,80 ,198 ,1815 ,1638 ,3805 ,279993 
2026년,02월,JJA,7C,제주항공,국제,일본,일본,KOJ,도착,정기,여객,28 ,4578 ,15 ,38 ,0 ,0 ,0 ,58154 
2026년,02월,JJA,7C,제주항공,국제,일본,일본,KOJ,출발,정기,여객,28 ,4322 ,12 ,43 ,0 ,0 ,0 ,47266 
2026년,02월,JJA,7C,제주항공,국제,일본,일본,MYJ,도착,정기,여객,56 ,10091 ,40 ,50 ,0 ,0 ,0 ,104907 
2026년,02월,JJA,7C,제주항공,국제,일본,일본,MYJ,출발,정기,여객,56 ,9838 ,37 ,48 ,0 ,0 ,0 ,76498 
2026년,02월,JJA,7C,제주항공,국제,일본,일본,NGO,도착,정기,여객,56 ,9606 ,35 ,104 ,3362 ,0 ,0 ,112737 
2026년,02월,JJA,7C,제주항공,국제,일본,일본,NGO,출발,정기,여객,56 ,8966 ,29 ,67 ,673 ,0 ,5765 ,90265 
2026년,02월,JJA,7C,제주항공,국제,일본,일본,NRT,도착,정기,여객,152 ,26863 ,43 ,211 ,32164 ,0 ,0 ,294977 
2026년,02월,JJA,7C,제주항공,국제,일본,일본,NRT,출발,정기,여객,152 ,25617 ,47 ,319 ,32235 ,13243 ,13021 ,242985 
2026년,02월,JJA,7C,제주항공,국제,일본,일본,OIT,도착,정기,여객,28 ,5043 ,41 ,7 ,0 ,0 ,0 ,54691 
2026년,02월,JJA,7C,제주항공,국제,일본,일본,OIT,출발,정기,여객,28 ,5027 ,48 ,5 ,0 ,0 ,0 ,46255 
2026년,02월,JJA,7C,제주항공,국제,일본,일본,OKA,도착,정기,여객,28 ,4956 ,77 ,7 ,0 ,0 ,0 ,53833 
2026년,02월,JJA,7C,제주항공,국제,일본,일본,OKA,출발,정기,여객,28 ,4867 ,97 ,14 ,0 ,0 ,0 ,42816 
2026년,02월,JJA,7C,제주항공,국제,중국,중국,HRB,도착,정기,여객,12 ,1894 ,4 ,50 ,0 ,0 ,0 ,23136 
2026년,02월,JJA,7C,제주항공,국제,중국,중국,HRB,출발,정기,여객,12 ,2085 ,6 ,35 ,0 ,0 ,0 ,26509 
2026년,02월,JJA,7C,제주항공,국제,중국,중국,JMU,도착,정기,여객,4 ,610 ,2 ,0 ,0 ,0 ,0 ,8290 
2026년,02월,JJA,7C,제주항공,국제,중국,중국,JMU,출발,정기,여객,4 ,681 ,4 ,0 ,0 ,0 ,0 ,9134 
2026년,02월,JJA,7C,제주항공,국제,중국,중국,TAO,도착,정기,여객,28 ,4873 ,5 ,173 ,5995 ,0 ,12940 ,49712 
2026년,02월,JJA,7C,제주항공,국제,중국,중국,TAO,출발,정기,여객,28 ,4762 ,6 ,183 ,16011 ,178 ,0 ,43915 
2026년,02월,JJA,7C,제주항공,국제,중국,중국,WEH,도착,정기,여객,28 ,4255 ,6 ,166 ,26830 ,0 ,0 ,49609 
2026년,02월,JJA,7C,제주항공,국제,중국,중국,WEH,출발,정기,여객,28 ,4738 ,15 ,162 ,6832 ,28408 ,0 ,54691 
2026년,02월,JJA,7C,제주항공,국제,중국,중국,YNJ,도착,정기,여객,24 ,3138 ,6 ,14 ,0 ,0 ,5080 ,37682 
2026년,02월,JJA,7C,제주항공,국제,중국,중국,YNJ,출발,정기,여객,24 ,4161 ,2 ,89 ,0 ,0 ,0 ,47649 
2026년,02월,JJA,7C,제주항공,국제,동북아,대만,TPE,도착,정기,여객,28 ,5056 ,9 ,35 ,13131 ,0 ,542 ,54659 
2026년,02월,JJA,7C,제주항공,국제,동북아,대만,TPE,출발,정기,여객,28 ,5094 ,5 ,9 ,14221 ,0 ,0 ,46933 
2026년,02월,JJA,7C,제주항공,국제,동북아,마카오,MFM,도착,정기,여객,28 ,5023 ,33 ,2 ,1521 ,0 ,0 ,47528 
2026년,02월,JJA,7C,제주항공,국제,동북아,마카오,MFM,출발,정기,여객,28 ,5032 ,37 ,8 ,423 ,0 ,827 ,44704 
2026년,02월,JJA,7C,제주항공,국제,동북아,홍콩,HKG,도착,정기,여객,28 ,5039 ,16 ,52 ,3498 ,0 ,1810 ,49342 
2026년,02월,JJA,7C,제주항공,국제,동북아,홍콩,HKG,출발,정기,여객,28 ,5118 ,10 ,35 ,119 ,0 ,0 ,51577 
2026년,02월,JJA,7C,제주항공,국제,동북아,몽골,UBN,도착,정기,여객,12 ,1946 ,9 ,142 ,0 ,0 ,0 ,30764 
2026년,02월,JJA,7C,제주항공,국제,동북아,몽골,UBN,출발,정기,여객,12 ,1974 ,19 ,122 ,549 ,921 ,601 ,36371 
2026년,02월,JJA,7C,제주항공,국제,동남아,라오스,VTE,도착,정기,여객,28 ,4862 ,8 ,90 ,23883 ,0 ,0 ,55504 
2026년,02월,JJA,7C,제주항공,국제,동남아,라오스,VTE,출발,정기,여객,28 ,4663 ,13 ,107 ,390 ,0 ,844 ,56437 
2026년,02월,JJA,7C,제주항공,국제,동남아,말레이시아,BKI,도착,정기,여객,28 ,4778 ,15 ,46 ,0 ,0 ,0 ,59173 
2026년,02월,JJA,7C,제주항공,국제,동남아,말레이시아,BKI,출발,정기,여객,28 ,4639 ,13 ,80 ,0 ,0 ,0 ,51740 
2026년,02월,JJA,7C,제주항공,국제,동남아,베트남,CXR,도착,정기,여객,28 ,4853 ,44 ,162 ,0 ,0 ,0 ,59542 
2026년,02월,JJA,7C,제주항공,국제,동남아,베트남,CXR,출발,정기,여객,28 ,5021 ,37 ,77 ,0 ,0 ,0 ,46768 
2026년,02월,JJA,7C,제주항공,국제,동남아,베트남,DAD,도착,정기,여객,56 ,9461 ,57 ,222 ,36395 ,0 ,0 ,107334 
2026년,02월,JJA,7C,제주항공,국제,동남아,베트남,DAD,출발,정기,여객,56 ,9857 ,73 ,413 ,3501 ,28 ,0 ,91004 
2026년,02월,JJA,7C,제주항공,국제,동남아,베트남,HAN,도착,정기,여객,28 ,4787 ,17 ,111 ,26292 ,0 ,0 ,55566 
2026년,02월,JJA,7C,제주항공,국제,동남아,베트남,HAN,출발,정기,여객,28 ,4829 ,25 ,207 ,11500 ,0 ,1021 ,58290 
2026년,02월,JJA,7C,제주항공,국제,동남아,베트남,PQC,도착,정기,여객,28 ,4834 ,38 ,188 ,0 ,0 ,0 ,57133 
2026년,02월,JJA,7C,제주항공,국제,동남아,베트남,PQC,출발,정기,여객,28 ,4790 ,33 ,105 ,0 ,0 ,0 ,44771 
2026년,02월,JJA,7C,제주항공,국제,동남아,싱가포르,SIN,도착,정기,여객,28 ,4417 ,8 ,94 ,0 ,0 ,0 ,50279 
2026년,02월,JJA,7C,제주항공,국제,동남아,싱가포르,SIN,출발,정기,여객,28 ,3910 ,15 ,89 ,17090 ,0 ,0 ,41538 
2026년,02월,JJA,7C,제주항공,국제,동남아,인도네시아,BTH,도착,정기,여객,8 ,898 ,1 ,6 ,5 ,0 ,0 ,15148 
2026년,02월,JJA,7C,제주항공,국제,동남아,인도네시아,BTH,출발,정기,여객,8 ,723 ,2 ,6 ,0 ,0 ,0 ,11472 
2026년,02월,JJA,7C,제주항공,국제,동남아,인도네시아,DPS,도착,정기,여객,28 ,3968 ,16 ,190 ,0 ,0 ,0 ,53553 
2026년,02월,JJA,7C,제주항공,국제,동남아,인도네시아,DPS,출발,정기,여객,28 ,3704 ,10 ,129 ,8741 ,0 ,0 ,43094 
2026년,02월,JJA,7C,제주항공,국제,동남아,태국,BKK,도착,정기,여객,28 ,4816 ,6 ,129 ,26767 ,0 ,0 ,57790 
2026년,02월,JJA,7C,제주항공,국제,동남아,태국,BKK,출발,정기,여객,28 ,4886 ,12 ,94 ,3659 ,0 ,0 ,53741 
2026년,02월,JJA,7C,제주항공,국제,동남아,태국,CNX,도착,정기,여객,28 ,4805 ,16 ,88 ,0 ,0 ,0 ,62281 
2026년,02월,JJA,7C,제주항공,국제,동남아,태국,CNX,출발,정기,여객,28 ,4643 ,16 ,103 ,0 ,0 ,0 ,49967 
2026년,02월,JJA,7C,제주항공,국제,동남아,필리핀,CEB,도착,정기,여객,28 ,4732 ,20 ,222 ,0 ,0 ,0 ,59364 
2026년,02월,JJA,7C,제주항공,국제,동남아,필리핀,CEB,출발,정기,여객,28 ,4771 ,23 ,122 ,7025 ,7607 ,0 ,53914 
2026년,02월,JJA,7C,제주항공,국제,동남아,필리핀,CRK,도착,정기,여객,28 ,4465 ,24 ,84 ,0 ,0 ,0 ,58320 
2026년,02월,JJA,7C,제주항공,국제,동남아,필리핀,CRK,출발,정기,여객,28 ,4433 ,16 ,124 ,7279 ,7549 ,0 ,69064 
2026년,02월,JJA,7C,제주항공,국제,동남아,필리핀,MNL,도착,정기,여객,28 ,4247 ,20 ,397 ,247 ,0 ,0 ,59397 
2026년,02월,JJA,7C,제주항공,국제,동남아,필리핀,MNL,출발,정기,여객,28 ,4348 ,23 ,241 ,10305 ,0 ,1267 ,65533 
2026년,02월,JJA,7C,제주항공,국제,동남아,필리핀,TAG,도착,정기,여객,56 ,9411 ,58 ,48 ,0 ,0 ,0 ,108144 
2026년,02월,JJA,7C,제주항공,국제,동남아,필리핀,TAG,출발,정기,여객,56 ,9025 ,62 ,34 ,0 ,0 ,0 ,96002 
2026년,02월,JJA,7C,제주항공,국제,대양주,사이판,SPN,도착,정기,여객,28 ,4347 ,34 ,96 ,0 ,0 ,0 ,61181 
2026년,02월,JJA,7C,제주항공,국제,대양주,사이판,SPN,출발,정기,여객,28 ,4197 ,38 ,76 ,11259 ,374 ,0 ,53192 
2026년,02월,JNA,LJ,진 에어,국내,한국,한국,CJU,도착,부정기,여객,1 ,170 ,0 ,0 ,0 ,0 ,0 ,579 
2026년,02월,JNA,LJ,진 에어,국제,일본,일본,CTS,도착,정기,여객,56 ,15358 ,33 ,186 ,0 ,0 ,0 ,186390 
2026년,02월,JNA,LJ,진 에어,국제,일본,일본,CTS,출발,정기,여객,56 ,15333 ,30 ,141 ,52773 ,0 ,0 ,151165 
2026년,02월,JNA,LJ,진 에어,국제,일본,일본,FUK,도착,정기,여객,140 ,29838 ,187 ,73 ,0 ,0 ,0 ,312196 
2026년,02월,JNA,LJ,진 에어,국제,일본,일본,FUK,출발,정기,여객,140 ,29483 ,194 ,77 ,0 ,0 ,0 ,241156 
2026년,02월,JNA,LJ,진 에어,국제,일본,일본,ISG,도착,정기,여객,20 ,3057 ,43 ,5 ,0 ,0 ,0 ,33104 
2026년,02월,JNA,LJ,진 에어,국제,일본,일본,ISG,출발,정기,여객,20 ,3052 ,54 ,4 ,0 ,0 ,0 ,26944 
2026년,02월,JNA,LJ,진 에어,국제,일본,일본,KIX,도착,정기,여객,112 ,26233 ,43 ,75 ,71899 ,0 ,0 ,277357 
2026년,02월,JNA,LJ,진 에어,국제,일본,일본,KIX,도착,부정기,여객,29 ,5327 ,12 ,3 ,0 ,0 ,0 ,57697 
2026년,02월,JNA,LJ,진 에어,국제,일본,일본,KIX,출발,정기,여객,112 ,25836 ,50 ,87 ,169205 ,0 ,6832 ,215385 
2026년,02월,JNA,LJ,진 에어,국제,일본,일본,KIX,출발,부정기,여객,29 ,5295 ,12 ,2 ,0 ,0 ,0 ,43448 
2026년,02월,JNA,LJ,진 에어,국제,일본,일본,KKJ,도착,정기,여객,28 ,5157 ,32 ,0 ,0 ,0 ,0 ,60117 
2026년,02월,JNA,LJ,진 에어,국제,일본,일본,KKJ,출발,정기,여객,28 ,4826 ,27 ,1 ,0 ,0 ,0 ,46266 
2026년,02월,JNA,LJ,진 에어,국제,일본,일본,NGO,도착,정기,여객,56 ,10230 ,25 ,13 ,251 ,0 ,0 ,108162 
2026년,02월,JNA,LJ,진 에어,국제,일본,일본,NGO,출발,정기,여객,56 ,9820 ,26 ,33 ,17873 ,0 ,3947 ,99744 
2026년,02월,JNA,LJ,진 에어,국제,일본,일본,NRT,도착,정기,여객,112 ,26292 ,57 ,173 ,264581 ,0 ,5 ,276407 
2026년,02월,JNA,LJ,진 에어,국제,일본,일본,NRT,출발,정기,여객,112 ,25769 ,48 ,200 ,153255 ,0 ,29299 ,243425 
2026년,02월,JNA,LJ,진 에어,국제,일본,일본,OKA,도착,정기,여객,28 ,8935 ,295 ,58 ,0 ,0 ,0 ,97030 
2026년,02월,JNA,LJ,진 에어,국제,일본,일본,OKA,출발,정기,여객,28 ,8896 ,307 ,23 ,0 ,0 ,0 ,81102 
2026년,02월,JNA,LJ,진 에어,국제,일본,일본,SHI,도착,정기,여객,20 ,2939 ,34 ,2 ,0 ,0 ,0 ,37741 
2026년,02월,JNA,LJ,진 에어,국제,일본,일본,SHI,출발,정기,여객,20 ,3054 ,36 ,0 ,0 ,0 ,0 ,33482 
2026년,02월,JNA,LJ,진 에어,국제,일본,일본,TAK,도착,정기,여객,28 ,5119 ,15 ,3 ,0 ,0 ,0 ,52768 
2026년,02월,JNA,LJ,진 에어,국제,일본,일본,TAK,출발,정기,여객,28 ,4952 ,18 ,6 ,0 ,0 ,0 ,43434 
2026년,02월,JNA,LJ,진 에어,국제,중국,중국,TAO,도착,정기,여객,6 ,1099 ,0 ,0 ,438 ,0 ,0 ,13412 
2026년,02월,JNA,LJ,진 에어,국제,중국,중국,TAO,출발,정기,여객,6 ,1046 ,0 ,30 ,0 ,0 ,0 ,10522 
2026년,02월,JNA,LJ,진 에어,국제,동북아,대만,RMQ,도착,정기,여객,56 ,9929 ,39 ,27 ,0 ,0 ,0 ,107651 
2026년,02월,JNA,LJ,진 에어,국제,동북아,대만,RMQ,출발,정기,여객,56 ,10072 ,43 ,20 ,0 ,0 ,0 ,114926 
2026년,02월,JNA,LJ,진 에어,국제,동북아,대만,TPE,도착,정기,여객,28 ,10357 ,32 ,46 ,131033 ,0 ,0 ,109961 
2026년,02월,JNA,LJ,진 에어,국제,동북아,대만,TPE,도착,부정기,여객,10 ,1773 ,6 ,1 ,0 ,0 ,0 ,18033 
2026년,02월,JNA,LJ,진 에어,국제,동북아,대만,TPE,출발,정기,여객,28 ,10601 ,32 ,39 ,155106 ,0 ,4685 ,90600 
2026년,02월,JNA,LJ,진 에어,국제,동북아,대만,TPE,출발,부정기,여객,10 ,1801 ,3 ,16 ,0 ,0 ,0 ,18213 
2026년,02월,JNA,LJ,진 에어,국제,동남아,말레이시아,BKI,도착,정기,여객,28 ,4817 ,13 ,42 ,442 ,0 ,0 ,58471 
2026년,02월,JNA,LJ,진 에어,국제,동남아,말레이시아,BKI,출발,정기,여객,28 ,4792 ,12 ,33 ,1436 ,0 ,0 ,51783 
2026년,02월,JNA,LJ,진 에어,국제,동남아,베트남,CXR,도착,정기,여객,56 ,9726 ,58 ,29 ,0 ,0 ,0 ,115350 
2026년,02월,JNA,LJ,진 에어,국제,동남아,베트남,CXR,출발,정기,여객,56 ,9831 ,65 ,70 ,0 ,0 ,0 ,91607 
2026년,02월,JNA,LJ,진 에어,국제,동남아,베트남,DAD,도착,정기,여객,28 ,4936 ,38 ,1 ,28913 ,0 ,0 ,55897 
2026년,02월,JNA,LJ,진 에어,국제,동남아,베트남,DAD,출발,정기,여객,28 ,5074 ,40 ,14 ,1747 ,0 ,0 ,44680 
2026년,02월,JNA,LJ,진 에어,국제,동남아,베트남,PQC,도착,정기,여객,27 ,9675 ,94 ,28 ,0 ,0 ,0 ,113170 
2026년,02월,JNA,LJ,진 에어,국제,동남아,베트남,PQC,출발,정기,여객,27 ,9657 ,106 ,47 ,0 ,0 ,0 ,91560 
2026년,02월,JNA,LJ,진 에어,국제,동남아,태국,BKK,도착,정기,여객,26 ,4602 ,11 ,65 ,24859 ,0 ,0 ,61280 
2026년,02월,JNA,LJ,진 에어,국제,동남아,태국,BKK,출발,정기,여객,26 ,4505 ,11 ,88 ,3139 ,0 ,2420 ,49745 
2026년,02월,JNA,LJ,진 에어,국제,동남아,태국,CNX,도착,정기,여객,26 ,4471 ,10 ,42 ,0 ,0 ,0 ,58641 
2026년,02월,JNA,LJ,진 에어,국제,동남아,태국,CNX,출발,정기,여객,26 ,4188 ,14 ,81 ,0 ,0 ,0 ,48005 
2026년,02월,JNA,LJ,진 에어,국제,동남아,태국,HKT,도착,정기,여객,28 ,4471 ,17 ,190 ,0 ,0 ,0 ,54916 
2026년,02월,JNA,LJ,진 에어,국제,동남아,태국,HKT,출발,정기,여객,28 ,4172 ,13 ,189 ,5943 ,0 ,0 ,43686 
2026년,02월,JNA,LJ,진 에어,국제,동남아,필리핀,CEB,도착,정기,여객,28 ,4883 ,34 ,27 ,137 ,0 ,0 ,56047 
2026년,02월,JNA,LJ,진 에어,국제,동남아,필리핀,CEB,출발,정기,여객,28 ,4796 ,31 ,55 ,0 ,0 ,0 ,48285 
2026년,02월,JNA,LJ,진 에어,국제,동남아,필리핀,CRK,도착,정기,여객,28 ,4813 ,5 ,116 ,284 ,0 ,0 ,61130 
2026년,02월,JNA,LJ,진 에어,국제,동남아,필리핀,CRK,출발,정기,여객,28 ,4745 ,9 ,160 ,4691 ,0 ,0 ,63989 
2026년,02월,JNA,LJ,진 에어,국제,동남아,필리핀,TAG,도착,정기,여객,56 ,8773 ,21 ,24 ,0 ,0 ,0 ,94707 
2026년,02월,JNA,LJ,진 에어,국제,동남아,필리핀,TAG,출발,정기,여객,56 ,8630 ,24 ,33 ,0 ,0 ,0 ,86361 
2026년,02월,JNA,LJ,진 에어,국제,대양주,괌,GUM,도착,정기,여객,28 ,9334 ,80 ,142 ,0 ,0 ,0 ,114711 
2026년,02월,JNA,LJ,진 에어,국제,대양주,괌,GUM,출발,정기,여객,28 ,9266 ,93 ,212 ,0 ,0 ,0 ,120835 
2026년,02월,JST,JQ,젯스타,국제,대양주,호주,BNE,도착,정기,여객,11 ,3317 ,7 ,3 ,25765 ,0 ,1695 ,53275 
2026년,02월,JST,JQ,젯스타,국제,대양주,호주,BNE,출발,정기,여객,11 ,3352 ,10 ,15 ,54607 ,0 ,5735 ,63048 
2026년,02월,JST,JQ,젯스타,국제,대양주,호주,SYD,도착,정기,여객,28 ,8006 ,15 ,6 ,25030 ,0 ,6546 ,125569 
2026년,02월,JST,JQ,젯스타,국제,대양주,호주,SYD,출발,정기,여객,28 ,8503 ,18 ,105 ,102193 ,0 ,11793 ,134373 
2026년,02월,KAL,KE,대한항공,국내,한국,한국,CJU,도착,부정기,여객,5 ,730 ,0 ,0 ,0 ,0 ,0 ,3484 
2026년,02월,KAL,KE,대한항공,국내,한국,한국,PUS,도착,정기,여객,140 ,15816 ,51 ,0 ,0 ,0 ,0 ,318856 
2026년,02월,KAL,KE,대한항공,국내,한국,한국,PUS,출발,정기,여객,140 ,16817 ,58 ,0 ,0 ,0 ,0 ,346098 
2026년,02월,KAL,KE,대한항공,국내,한국,한국,TAE,도착,정기,여객,28 ,1933 ,5 ,0 ,0 ,0 ,0 ,40642 
2026년,02월,KAL,KE,대한항공,국내,한국,한국,TAE,출발,정기,여객,28 ,2239 ,19 ,0 ,0 ,0 ,0 ,51847 
2026년,02월,KAL,KE,대한항공,국제,일본,일본,AOJ,도착,정기,여객,12 ,1593 ,6 ,157 ,0 ,0 ,0 ,25190 
2026년,02월,KAL,KE,대한항공,국제,일본,일본,AOJ,출발,정기,여객,12 ,1530 ,3 ,58 ,38 ,0 ,0 ,19280 
2026년,02월,KAL,KE,대한항공,국제,일본,일본,AOJ,출발,부정기,여객,1 ,173 ,0 ,0 ,0 ,0 ,0 ,1545 
2026년,02월,KAL,KE,대한항공,국제,일본,일본,CTS,도착,정기,여객,56 ,11158 ,32 ,1869 ,14418 ,80132 ,0 ,210906 
2026년,02월,KAL,KE,대한항공,국제,일본,일본,CTS,도착,부정기,여객,9 ,1704 ,4 ,35 ,0 ,0 ,0 ,24447 
2026년,02월,KAL,KE,대한항공,국제,일본,일본,CTS,출발,정기,여객,56 ,10750 ,36 ,1259 ,4817 ,9938 ,0 ,159946 
2026년,02월,KAL,KE,대한항공,국제,일본,일본,CTS,출발,부정기,여객,9 ,1296 ,1 ,72 ,0 ,0 ,0 ,15711 
2026년,02월,KAL,KE,대한항공,국제,일본,일본,FUK,도착,정기,여객,84 ,19307 ,219 ,1801 ,65116 ,343832 ,11278 ,271208 
2026년,02월,KAL,KE,대한항공,국제,일본,일본,FUK,도착,부정기,여객,17 ,2825 ,24 ,34 ,5 ,0 ,0 ,35571 
2026년,02월,KAL,KE,대한항공,국제,일본,일본,FUK,출발,정기,여객,84 ,20121 ,227 ,953 ,87492 ,328863 ,15415 ,206121 
2026년,02월,KAL,KE,대한항공,국제,일본,일본,FUK,출발,부정기,여객,17 ,2605 ,24 ,32 ,0 ,0 ,0 ,23424 
2026년,02월,KAL,KE,대한항공,국제,일본,일본,HND,도착,정기,여객,28 ,5850 ,9 ,1445 ,30781 ,11455 ,0 ,88780 
2026년,02월,KAL,KE,대한항공,국제,일본,일본,HND,출발,정기,여객,28 ,6117 ,17 ,393 ,60635 ,8070 ,59581 ,78313 
2026년,02월,KAL,KE,대한항공,국제,일본,일본,KIJ,도착,정기,여객,12 ,1479 ,6 ,282 ,67 ,0 ,0 ,24724 
2026년,02월,KAL,KE,대한항공,국제,일본,일본,KIJ,출발,정기,여객,12 ,1634 ,6 ,87 ,566 ,0 ,0 ,22141 
2026년,02월,KAL,KE,대한항공,국제,일본,일본,KIX,도착,정기,화물,20 ,0 ,0 ,0 ,384009 ,915275 ,0 ,0 
2026년,02월,KAL,KE,대한항공,국제,일본,일본,KIX,도착,정기,여객,112 ,23688 ,106 ,3041 ,220079 ,255612 ,15763 ,337840 
2026년,02월,KAL,KE,대한항공,국제,일본,일본,KIX,출발,정기,화물,20 ,0 ,0 ,0 ,297251 ,521764 ,81774 ,0 
2026년,02월,KAL,KE,대한항공,국제,일본,일본,KIX,출발,정기,여객,112 ,24195 ,114 ,1522 ,242788 ,279110 ,22955 ,257420 
2026년,02월,KAL,KE,대한항공,국제,일본,일본,KKJ,도착,정기,화물,5 ,0 ,0 ,0 ,98378 ,457804 ,0 ,0 
2026년,02월,KAL,KE,대한항공,국제,일본,일본,KKJ,출발,정기,화물,4 ,0 ,0 ,0 ,2717 ,14444 ,0 ,0 
2026년,02월,KAL,KE,대한항공,국제,일본,일본,KMJ,도착,정기,여객,28 ,3810 ,12 ,56 ,100 ,0 ,0 ,63482 
2026년,02월,KAL,KE,대한항공,국제,일본,일본,KMJ,출발,정기,여객,28 ,3673 ,18 ,10 ,0 ,0 ,0 ,52448 
2026년,02월,KAL,KE,대한항공,국제,일본,일본,KMQ,도착,정기,여객,11 ,1565 ,10 ,287 ,0 ,0 ,0 ,21492 
2026년,02월,KAL,KE,대한항공,국제,일본,일본,KMQ,출발,정기,여객,11 ,1615 ,15 ,58 ,0 ,0 ,0 ,16698 
2026년,02월,KAL,KE,대한항공,국제,일본,일본,KOJ,도착,정기,화물,0 ,0 ,0 ,0 ,0 ,0 ,0 ,0 
2026년,02월,KAL,KE,대한항공,국제,일본,일본,KOJ,도착,정기,여객,28 ,6238 ,21 ,240 ,0 ,0 ,0 ,118470 
2026년,02월,KAL,KE,대한항공,국제,일본,일본,KOJ,출발,정기,여객,28 ,6486 ,19 ,103 ,70 ,0 ,0 ,113378 
2026년,02월,KAL,KE,대한항공,국제,일본,일본,NGO,도착,정기,여객,56 ,6994 ,36 ,2334 ,23955 ,27842 ,10485 ,115833 
2026년,02월,KAL,KE,대한항공,국제,일본,일본,NGO,출발,정기,여객,56 ,7865 ,49 ,973 ,11531 ,14966 ,10191 ,106361 
2026년,02월,KAL,KE,대한항공,국제,일본,일본,NGS,도착,정기,여객,16 ,2199 ,10 ,107 ,0 ,0 ,0 ,32784 
2026년,02월,KAL,KE,대한항공,국제,일본,일본,NGS,출발,정기,여객,16 ,2372 ,9 ,37 ,0 ,0 ,0 ,32256 
2026년,02월,KAL,KE,대한항공,국제,일본,일본,NRT,도착,정기,화물,24 ,0 ,0 ,0 ,968313 ,925108 ,4103 ,0 
2026년,02월,KAL,KE,대한항공,국제,일본,일본,NRT,도착,정기,여객,112 ,22890 ,100 ,4394 ,193647 ,243765 ,22844 ,366902 
2026년,02월,KAL,KE,대한항공,국제,일본,일본,NRT,도착,부정기,화물,9 ,0 ,0 ,0 ,146328 ,379548 ,1787 ,0 
2026년,02월,KAL,KE,대한항공,국제,일본,일본,NRT,도착,부정기,여객,28 ,4112 ,6 ,262 ,865 ,0 ,0 ,57244 
2026년,02월,KAL,KE,대한항공,국제,일본,일본,NRT,출발,정기,화물,24 ,0 ,0 ,0 ,569949 ,636304 ,67065 ,0 
2026년,02월,KAL,KE,대한항공,국제,일본,일본,NRT,출발,정기,여객,112 ,22336 ,110 ,2787 ,183647 ,237116 ,71966 ,292888 
2026년,02월,KAL,KE,대한항공,국제,일본,일본,NRT,출발,부정기,화물,9 ,0 ,0 ,0 ,125459 ,203556 ,12289 ,0 
2026년,02월,KAL,KE,대한항공,국제,일본,일본,NRT,출발,부정기,여객,28 ,3748 ,17 ,260 ,0 ,0 ,0 ,46982 
2026년,02월,KAL,KE,대한항공,국제,일본,일본,OKA,도착,정기,여객,28 ,4885 ,111 ,56 ,561 ,0 ,0 ,68209 
2026년,02월,KAL,KE,대한항공,국제,일본,일본,OKA,도착,부정기,여객,2 ,362 ,1 ,0 ,0 ,0 ,0 ,3951 
2026년,02월,KAL,KE,대한항공,국제,일본,일본,OKA,출발,정기,여객,28 ,4609 ,127 ,185 ,163 ,734 ,0 ,64896 
2026년,02월,KAL,KE,대한항공,국제,일본,일본,OKA,출발,부정기,여객,3 ,519 ,2 ,0 ,0 ,0 ,0 ,4334 
2026년,02월,KAL,KE,대한항공,국제,일본,일본,OKJ,도착,정기,여객,12 ,1435 ,9 ,294 ,0 ,0 ,0 ,22360 
2026년,02월,KAL,KE,대한항공,국제,일본,일본,OKJ,출발,정기,여객,12 ,1481 ,6 ,36 ,43 ,0 ,0 ,16316 
2026년,02월,KAL,KE,대한항공,국제,일본,일본,SHM,도착,부정기,여객,2 ,309 ,0 ,0 ,90 ,0 ,0 ,3556 
2026년,02월,KAL,KE,대한항공,국제,일본,일본,SHM,출발,부정기,여객,2 ,309 ,0 ,0 ,0 ,0 ,0 ,2833 
2026년,02월,KAL,KE,대한항공,국제,일본,일본,UKB,도착,정기,여객,55 ,9065 ,40 ,601 ,0 ,0 ,0 ,116864 
2026년,02월,KAL,KE,대한항공,국제,일본,일본,UKB,출발,정기,여객,56 ,9017 ,50 ,204 ,101 ,0 ,0 ,93910 
2026년,02월,KAL,KE,대한항공,국제,중국,중국,CAN,도착,정기,화물,31 ,0 ,0 ,0 ,145968 ,2591385 ,6710 ,0 
2026년,02월,KAL,KE,대한항공,국제,중국,중국,CAN,도착,정기,여객,28 ,3949 ,19 ,719 ,137 ,44056 ,267 ,77154 
2026년,02월,KAL,KE,대한항공,국제,중국,중국,CAN,출발,정기,화물,31 ,0 ,0 ,0 ,259912 ,538887 ,26340 ,0 
2026년,02월,KAL,KE,대한항공,국제,중국,중국,CAN,출발,정기,여객,28 ,3489 ,17 ,672 ,103 ,17245 ,0 ,64969 
2026년,02월,KAL,KE,대한항공,국제,중국,중국,CGO,도착,정기,화물,7 ,0 ,0 ,0 ,31905 ,515841 ,11229 ,0 
2026년,02월,KAL,KE,대한항공,국제,중국,중국,CGO,도착,정기,여객,16 ,1622 ,13 ,529 ,0 ,0 ,0 ,31483 
2026년,02월,KAL,KE,대한항공,국제,중국,중국,CGO,출발,정기,화물,7 ,0 ,0 ,0 ,16070 ,73885 ,0 ,0 
2026년,02월,KAL,KE,대한항공,국제,중국,중국,CGO,출발,정기,여객,16 ,1734 ,11 ,476 ,1018 ,36 ,0 ,33767 
2026년,02월,KAL,KE,대한항공,국제,중국,중국,CSX,도착,정기,여객,20 ,2866 ,9 ,344 ,10143 ,0 ,0 ,45033 
2026년,02월,KAL,KE,대한항공,국제,중국,중국,CSX,출발,정기,여객,20 ,2661 ,10 ,330 ,2553 ,0 ,0 ,37089 
2026년,02월,KAL,KE,대한항공,국제,중국,중국,DLC,도착,정기,여객,28 ,3190 ,22 ,1225 ,20304 ,69484 ,12128 ,67081 
2026년,02월,KAL,KE,대한항공,국제,중국,중국,DLC,출발,정기,여객,28 ,3654 ,24 ,1134 ,11563 ,13199 ,5198 ,72527 
2026년,02월,KAL,KE,대한항공,국제,중국,중국,DYG,도착,정기,여객,8 ,1199 ,2 ,15 ,0 ,0 ,0 ,15874 
2026년,02월,KAL,KE,대한항공,국제,중국,중국,DYG,출발,정기,여객,8 ,1091 ,1 ,28 ,0 ,0 ,0 ,12605 
2026년,02월,KAL,KE,대한항공,국제,중국,중국,FOC,도착,정기,여객,16 ,1552 ,6 ,678 ,315 ,0 ,0 ,41764 
2026년,02월,KAL,KE,대한항공,국제,중국,중국,FOC,출발,정기,여객,16 ,1411 ,7 ,653 ,0 ,0 ,0 ,37471 
2026년,02월,KAL,KE,대한항공,국제,중국,중국,HFE,도착,정기,여객,12 ,1822 ,7 ,187 ,0 ,0 ,0 ,25518 
2026년,02월,KAL,KE,대한항공,국제,중국,중국,HFE,출발,정기,여객,12 ,1768 ,10 ,113 ,375 ,249 ,0 ,26125 
2026년,02월,KAL,KE,대한항공,국제,중국,중국,HGH,도착,정기,여객,12 ,1309 ,6 ,300 ,75 ,0 ,279 ,22728 
2026년,02월,KAL,KE,대한항공,국제,중국,중국,HGH,출발,정기,여객,12 ,1221 ,3 ,238 ,0 ,0 ,0 ,21043 
2026년,02월,KAL,KE,대한항공,국제,중국,중국,KMG,도착,정기,여객,16 ,2216 ,5 ,249 ,0 ,0 ,0 ,35599 
2026년,02월,KAL,KE,대한항공,국제,중국,중국,KMG,출발,정기,여객,16 ,1923 ,2 ,471 ,2 ,0 ,0 ,33535 
2026년,02월,KAL,KE,대한항공,국제,중국,중국,NKG,도착,정기,여객,16 ,2105 ,8 ,563 ,0 ,0 ,0 ,37822 
2026년,02월,KAL,KE,대한항공,국제,중국,중국,NKG,출발,정기,여객,16 ,1961 ,9 ,711 ,329 ,110 ,0 ,39576 
2026년,02월,KAL,KE,대한항공,국제,중국,중국,PEK,도착,정기,여객,72 ,5705 ,14 ,5189 ,2444 ,48190 ,4028 ,171279 
2026년,02월,KAL,KE,대한항공,국제,중국,중국,PEK,출발,정기,여객,72 ,5028 ,34 ,6159 ,29725 ,254 ,2470 ,183622 
2026년,02월,KAL,KE,대한항공,국제,중국,중국,PVG,도착,정기,화물,32 ,0 ,0 ,0 ,282065 ,2573144 ,0 ,0 
2026년,02월,KAL,KE,대한항공,국제,중국,중국,PVG,도착,정기,여객,84 ,14560 ,42 ,5058 ,110546 ,665756 ,0 ,276280 
2026년,02월,KAL,KE,대한항공,국제,중국,중국,PVG,도착,부정기,화물,12 ,0 ,0 ,0 ,56932 ,994310 ,0 ,0 
2026년,02월,KAL,KE,대한항공,국제,중국,중국,PVG,출발,정기,화물,32 ,0 ,0 ,0 ,1281958 ,647677 ,5641 ,0 
2026년,02월,KAL,KE,대한항공,국제,중국,중국,PVG,출발,정기,여객,84 ,13868 ,42 ,4909 ,117494 ,300504 ,0 ,252682 
2026년,02월,KAL,KE,대한항공,국제,중국,중국,PVG,출발,부정기,화물,12 ,0 ,0 ,0 ,162220 ,269564 ,0 ,0 
2026년,02월,KAL,KE,대한항공,국제,중국,중국,SHE,도착,정기,여객,56 ,5543 ,26 ,2581 ,177 ,5991 ,22456 ,147008 
2026년,02월,KAL,KE,대한항공,국제,중국,중국,SHE,출발,정기,여객,56 ,6097 ,38 ,3134 ,2313 ,1831 ,0 ,167168 
2026년,02월,KAL,KE,대한항공,국제,중국,중국,SZX,도착,정기,여객,28 ,6602 ,25 ,532 ,24316 ,389276 ,0 ,104118 
2026년,02월,KAL,KE,대한항공,국제,중국,중국,SZX,출발,정기,여객,28 ,5900 ,27 ,509 ,140595 ,13213 ,0 ,90921 
2026년,02월,KAL,KE,대한항공,국제,중국,중국,TAO,도착,정기,여객,56 ,6389 ,34 ,3167 ,1804 ,112267 ,2492 ,155388 
2026년,02월,KAL,KE,대한항공,국제,중국,중국,TAO,출발,정기,여객,56 ,6291 ,53 ,2860 ,1684 ,14508 ,0 ,140710 
2026년,02월,KAL,KE,대한항공,국제,중국,중국,TSN,도착,정기,화물,15 ,0 ,0 ,0 ,37741 ,862628 ,51261 ,0 
2026년,02월,KAL,KE,대한항공,국제,중국,중국,TSN,도착,정기,여객,28 ,3412 ,10 ,1134 ,304 ,248 ,0 ,70011 
2026년,02월,KAL,KE,대한항공,국제,중국,중국,TSN,출발,정기,화물,15 ,0 ,0 ,0 ,234406 ,447955 ,0 ,0 
2026년,02월,KAL,KE,대한항공,국제,중국,중국,TSN,출발,정기,여객,28 ,3435 ,14 ,1062 ,2447 ,1228 ,0 ,71059 
2026년,02월,KAL,KE,대한항공,국제,중국,중국,WUH,도착,정기,여객,16 ,3158 ,13 ,721 ,1116 ,336527 ,2529 ,53200 
2026년,02월,KAL,KE,대한항공,국제,중국,중국,WUH,출발,정기,여객,16 ,3361 ,16 ,700 ,33096 ,11596 ,0 ,58579 
2026년,02월,KAL,KE,대한항공,국제,중국,중국,XIY,도착,정기,여객,28 ,6308 ,21 ,1122 ,52048 ,92116 ,0 ,100702 
2026년,02월,KAL,KE,대한항공,국제,중국,중국,XIY,출발,정기,화물,0 ,0 ,0 ,0 ,140077 ,38299 ,0 ,0 
2026년,02월,KAL,KE,대한항공,국제,중국,중국,XIY,출발,정기,여객,28 ,6047 ,24 ,967 ,41745 ,76275 ,0 ,89997 
2026년,02월,KAL,KE,대한항공,국제,중국,중국,XMN,도착,정기,여객,28 ,4064 ,4 ,285 ,2886 ,21081 ,419 ,58629 
2026년,02월,KAL,KE,대한항공,국제,중국,중국,XMN,출발,정기,여객,28 ,3949 ,1 ,284 ,3148 ,1800 ,0 ,52158 
2026년,02월,KAL,KE,대한항공,국제,중국,중국,YNJ,도착,정기,여객,28 ,3874 ,14 ,620 ,0 ,0 ,0 ,76981 
2026년,02월,KAL,KE,대한항공,국제,중국,중국,YNJ,출발,정기,여객,28 ,3842 ,12 ,605 ,0 ,0 ,0 ,67328 
2026년,02월,KAL,KE,대한항공,국제,동북아,대만,RMQ,도착,정기,여객,28 ,3255 ,18 ,71 ,360 ,0 ,0 ,46057 
2026년,02월,KAL,KE,대한항공,국제,동북아,대만,RMQ,출발,정기,여객,28 ,3684 ,18 ,71 ,0 ,0 ,0 ,58261 
2026년,02월,KAL,KE,대한항공,국제,동북아,대만,TPE,도착,정기,여객,56 ,14556 ,74 ,705 ,257681 ,161550 ,0 ,200394 
2026년,02월,KAL,KE,대한항공,국제,동북아,대만,TPE,도착,부정기,여객,2 ,639 ,0 ,0 ,0 ,0 ,0 ,6477 
2026년,02월,KAL,KE,대한항공,국제,동북아,대만,TPE,출발,정기,여객,56 ,15321 ,66 ,553 ,356196 ,51946 ,11898 ,213190 
2026년,02월,KAL,KE,대한항공,국제,동북아,대만,TPE,출발,부정기,여객,2 ,639 ,0 ,0 ,0 ,0 ,0 ,5158 
2026년,02월,KAL,KE,대한항공,국제,동북아,마카오,MFM,도착,정기,여객,28 ,4635 ,48 ,21 ,0 ,0 ,0 ,51290 
2026년,02월,KAL,KE,대한항공,국제,동북아,마카오,MFM,출발,정기,여객,28 ,4172 ,55 ,35 ,0 ,0 ,0 ,40331 
2026년,02월,KAL,KE,대한항공,국제,동북아,홍콩,HKG,도착,정기,화물,32 ,0 ,0 ,0 ,193599 ,2141350 ,0 ,0 
2026년,02월,KAL,KE,대한항공,국제,동북아,홍콩,HKG,도착,정기,여객,84 ,15840 ,39 ,3141 ,41081 ,481152 ,0 ,265025 
2026년,02월,KAL,KE,대한항공,국제,동북아,홍콩,HKG,도착,부정기,화물,29 ,0 ,0 ,0 ,64185 ,2310834 ,0 ,0 
2026년,02월,KAL,KE,대한항공,국제,동북아,홍콩,HKG,출발,정기,화물,33 ,0 ,0 ,0 ,903472 ,249941 ,0 ,0 
2026년,02월,KAL,KE,대한항공,국제,동북아,홍콩,HKG,출발,정기,여객,84 ,15336 ,48 ,3036 ,57702 ,248475 ,125796 ,255480 
2026년,02월,KAL,KE,대한항공,국제,동북아,홍콩,HKG,출발,부정기,화물,28 ,0 ,0 ,0 ,110340 ,315593 ,49665 ,0 
2026년,02월,KAL,KE,대한항공,국제,동북아,몽골,UBN,도착,정기,여객,24 ,3941 ,28 ,1648 ,27919 ,569 ,50 ,100929 
2026년,02월,KAL,KE,대한항공,국제,동북아,몽골,UBN,출발,정기,여객,24 ,4125 ,44 ,1246 ,75670 ,115518 ,4512 ,121665 
2026년,02월,KAL,KE,대한항공,국제,동남아,말레이시아,KUL,도착,정기,화물,4 ,0 ,0 ,0 ,105813 ,203561 ,0 ,0 
2026년,02월,KAL,KE,대한항공,국제,동남아,말레이시아,KUL,도착,정기,여객,28 ,7023 ,19 ,398 ,81090 ,263339 ,0 ,132896 
2026년,02월,KAL,KE,대한항공,국제,동남아,말레이시아,KUL,출발,정기,화물,4 ,0 ,0 ,0 ,96567 ,110896 ,0 ,0 
2026년,02월,KAL,KE,대한항공,국제,동남아,말레이시아,KUL,출발,정기,여객,28 ,6103 ,27 ,546 ,123049 ,103348 ,4452 ,117455 
2026년,02월,KAL,KE,대한항공,국제,동남아,말레이시아,PEN,도착,정기,화물,19 ,0 ,0 ,0 ,351315 ,1134510 ,0 ,0 
2026년,02월,KAL,KE,대한항공,국제,동남아,말레이시아,PEN,출발,정기,화물,19 ,0 ,0 ,0 ,74964 ,669928 ,0 ,0 
2026년,02월,KAL,KE,대한항공,국제,동남아,미얀마,RGN,도착,정기,여객,4 ,806 ,1 ,72 ,18992 ,6519 ,0 ,20300 
2026년,02월,KAL,KE,대한항공,국제,동남아,미얀마,RGN,출발,정기,여객,4 ,814 ,1 ,89 ,1550 ,4464 ,1376 ,54823 
2026년,02월,KAL,KE,대한항공,국제,동남아,베트남,CXR,도착,정기,여객,28 ,6912 ,76 ,623 ,0 ,0 ,0 ,125695 
2026년,02월,KAL,KE,대한항공,국제,동남아,베트남,CXR,도착,부정기,여객,28 ,3971 ,31 ,493 ,269 ,0 ,0 ,73252 
2026년,02월,KAL,KE,대한항공,국제,동남아,베트남,CXR,출발,정기,여객,28 ,6363 ,70 ,713 ,0 ,0 ,0 ,104737 
2026년,02월,KAL,KE,대한항공,국제,동남아,베트남,CXR,출발,부정기,여객,28 ,3467 ,41 ,991 ,0 ,0 ,0 ,74481 
2026년,02월,KAL,KE,대한항공,국제,동남아,베트남,DAD,도착,정기,여객,56 ,12724 ,122 ,1677 ,135049 ,71337 ,0 ,244585 
2026년,02월,KAL,KE,대한항공,국제,동남아,베트남,DAD,출발,정기,여객,56 ,12088 ,134 ,2795 ,8673 ,52739 ,0 ,250082 
2026년,02월,KAL,KE,대한항공,국제,동남아,베트남,HAN,도착,정기,화물,22 ,0 ,0 ,0 ,939350 ,863441 ,0 ,0 
2026년,02월,KAL,KE,대한항공,국제,동남아,베트남,HAN,도착,정기,여객,56 ,11411 ,80 ,1567 ,78391 ,215973 ,0 ,232756 
2026년,02월,KAL,KE,대한항공,국제,동남아,베트남,HAN,출발,정기,화물,21 ,0 ,0 ,0 ,1541146 ,154801 ,0 ,0 
2026년,02월,KAL,KE,대한항공,국제,동남아,베트남,HAN,출발,정기,여객,56 ,10459 ,84 ,2498 ,80158 ,149858 ,3942 ,239715 
2026년,02월,KAL,KE,대한항공,국제,동남아,베트남,HAN,출발,부정기,화물,0 ,0 ,0 ,0 ,211950 ,77757 ,0 ,0 
2026년,02월,KAL,KE,대한항공,국제,동남아,베트남,PQC,도착,정기,여객,56 ,13525 ,185 ,404 ,0 ,0 ,0 ,190850 
2026년,02월,KAL,KE,대한항공,국제,동남아,베트남,PQC,출발,정기,여객,56 ,13276 ,207 ,481 ,0 ,0 ,0 ,158976 
2026년,02월,KAL,KE,대한항공,국제,동남아,베트남,SGN,도착,정기,화물,5 ,0 ,0 ,0 ,42904 ,290529 ,0 ,0 
2026년,02월,KAL,KE,대한항공,국제,동남아,베트남,SGN,도착,정기,여객,84 ,14959 ,135 ,7659 ,253792 ,437657 ,0 ,522089 
2026년,02월,KAL,KE,대한항공,국제,동남아,베트남,SGN,출발,정기,화물,5 ,0 ,0 ,0 ,68122 ,127063 ,0 ,0 
2026년,02월,KAL,KE,대한항공,국제,동남아,베트남,SGN,출발,정기,여객,84 ,13514 ,222 ,10058 ,345669 ,178188 ,7649 ,586420 
2026년,02월,KAL,KE,대한항공,국제,동남아,싱가포르,SIN,도착,정기,화물,4 ,0 ,0 ,0 ,138437 ,96568 ,0 ,0 
2026년,02월,KAL,KE,대한항공,국제,동남아,싱가포르,SIN,도착,정기,여객,75 ,19093 ,111 ,1786 ,445953 ,258789 ,0 ,310171 
2026년,02월,KAL,KE,대한항공,국제,동남아,싱가포르,SIN,출발,정기,화물,4 ,0 ,0 ,0 ,260637 ,390888 ,0 ,0 
2026년,02월,KAL,KE,대한항공,국제,동남아,싱가포르,SIN,출발,정기,여객,76 ,17340 ,101 ,2008 ,514739 ,345140 ,23295 ,295734 
2026년,02월,KAL,KE,대한항공,국제,동남아,인도네시아,CGK,도착,정기,여객,28 ,6710 ,29 ,658 ,173681 ,179274 ,0 ,131179 
2026년,02월,KAL,KE,대한항공,국제,동남아,인도네시아,CGK,출발,정기,화물,0 ,0 ,0 ,0 ,48102 ,140026 ,0 ,0 
2026년,02월,KAL,KE,대한항공,국제,동남아,인도네시아,CGK,출발,정기,여객,28 ,6274 ,23 ,516 ,168004 ,159554 ,15438 ,142590 
2026년,02월,KAL,KE,대한항공,국제,동남아,인도네시아,DPS,도착,정기,여객,56 ,12548 ,70 ,3128 ,3362 ,20813 ,0 ,249649 
2026년,02월,KAL,KE,대한항공,국제,동남아,인도네시아,DPS,출발,정기,여객,56 ,11035 ,81 ,3242 ,211576 ,5936 ,0 ,195990 
2026년,02월,KAL,KE,대한항공,국제,동남아,캄보디아,KTI,도착,정기,여객,28 ,1705 ,15 ,2195 ,10174 ,35997 ,5461 ,103250 
2026년,02월,KAL,KE,대한항공,국제,동남아,캄보디아,KTI,출발,정기,여객,28 ,1427 ,29 ,2105 ,2949 ,447 ,557 ,94051 
2026년,02월,KAL,KE,대한항공,국제,동남아,태국,BKK,도착,정기,화물,9 ,0 ,0 ,0 ,175407 ,530468 ,0 ,0 
2026년,02월,KAL,KE,대한항공,국제,동남아,태국,BKK,도착,정기,여객,140 ,23606 ,73 ,12215 ,469340 ,677542 ,0 ,692561 
2026년,02월,KAL,KE,대한항공,국제,동남아,태국,BKK,출발,정기,화물,9 ,0 ,0 ,0 ,98637 ,88096 ,0 ,0 
2026년,02월,KAL,KE,대한항공,국제,동남아,태국,BKK,출발,정기,여객,140 ,20521 ,79 ,11544 ,701743 ,405645 ,35187 ,585050 
2026년,02월,KAL,KE,대한항공,국제,동남아,태국,CNX,도착,정기,여객,28 ,6095 ,25 ,1457 ,41160 ,510 ,0 ,149640 
2026년,02월,KAL,KE,대한항공,국제,동남아,태국,CNX,출발,정기,여객,28 ,4713 ,23 ,1632 ,6274 ,2151 ,0 ,112069 
2026년,02월,KAL,KE,대한항공,국제,동남아,태국,HKT,도착,정기,여객,28 ,5209 ,30 ,1994 ,11028 ,0 ,0 ,115741 
2026년,02월,KAL,KE,대한항공,국제,동남아,태국,HKT,출발,정기,여객,28 ,4896 ,40 ,1036 ,39816 ,0 ,0 ,82515 
2026년,02월,KAL,KE,대한항공,국제,동남아,필리핀,CEB,도착,정기,여객,28 ,5551 ,61 ,2117 ,81817 ,23181 ,0 ,137717 
2026년,02월,KAL,KE,대한항공,국제,동남아,필리핀,CEB,출발,정기,여객,28 ,4949 ,77 ,2015 ,16901 ,256415 ,0 ,122653 
2026년,02월,KAL,KE,대한항공,국제,동남아,필리핀,MNL,도착,정기,여객,112 ,8893 ,37 ,15576 ,208729 ,436517 ,1 ,628812 
2026년,02월,KAL,KE,대한항공,국제,동남아,필리핀,MNL,출발,정기,화물,0 ,0 ,0 ,0 ,33466 ,135436 ,0 ,0 
2026년,02월,KAL,KE,대한항공,국제,동남아,필리핀,MNL,출발,정기,여객,112 ,9182 ,98 ,13754 ,235183 ,252615 ,5991 ,609021 
2026년,02월,KAL,KE,대한항공,국제,미주,멕시코,GDL,도착,정기,화물,9 ,0 ,0 ,0 ,105478 ,247927 ,0 ,0 
2026년,02월,KAL,KE,대한항공,국제,미주,멕시코,GDL,출발,정기,화물,9 ,0 ,0 ,0 ,455 ,260289 ,0 ,0 
2026년,02월,KAL,KE,대한항공,국제,미주,미국,ANC,도착,정기,화물,0 ,0 ,0 ,0 ,0 ,0 ,0 ,0 
2026년,02월,KAL,KE,대한항공,국제,미주,미국,ANC,출발,정기,화물,0 ,0 ,0 ,0 ,67 ,41347 ,0 ,0 
2026년,02월,KAL,KE,대한항공,국제,미주,미국,ANC,출발,부정기,화물,0 ,0 ,0 ,0 ,0 ,0 ,0 ,0 
2026년,02월,KAL,KE,대한항공,국제,미주,미국,ATL,도착,정기,화물,7 ,0 ,0 ,0 ,228764 ,242517 ,0 ,0 
2026년,02월,KAL,KE,대한항공,국제,미주,미국,ATL,도착,정기,여객,28 ,4600 ,23 ,2325 ,1081 ,23917 ,0 ,203055 
2026년,02월,KAL,KE,대한항공,국제,미주,미국,ATL,출발,정기,화물,7 ,0 ,0 ,0 ,238473 ,321487 ,0 ,0 
2026년,02월,KAL,KE,대한항공,국제,미주,미국,ATL,출발,정기,여객,28 ,4051 ,33 ,2920 ,23503 ,348321 ,0 ,202020 
2026년,02월,KAL,KE,대한항공,국제,미주,미국,ATL,출발,부정기,화물,1 ,0 ,0 ,0 ,20681 ,26762 ,0 ,0 
2026년,02월,KAL,KE,대한항공,국제,미주,미국,BOS,도착,정기,여객,27 ,2166 ,17 ,4336 ,52183 ,17320 ,0 ,174157 
2026년,02월,KAL,KE,대한항공,국제,미주,미국,BOS,출발,정기,여객,27 ,2034 ,29 ,4033 ,137862 ,176551 ,0 ,164179 
2026년,02월,KAL,KE,대한항공,국제,미주,미국,DFW,도착,정기,화물,2 ,0 ,0 ,0 ,36375 ,27485 ,0 ,0 
2026년,02월,KAL,KE,대한항공,국제,미주,미국,DFW,도착,정기,여객,28 ,3633 ,30 ,3403 ,8840 ,16350 ,0 ,196566 
2026년,02월,KAL,KE,대한항공,국제,미주,미국,DFW,도착,부정기,화물,0 ,0 ,0 ,0 ,21281 ,0 ,0 ,0 
2026년,02월,KAL,KE,대한항공,국제,미주,미국,DFW,출발,정기,화물,2 ,0 ,0 ,0 ,308045 ,796538 ,0 ,0 
2026년,02월,KAL,KE,대한항공,국제,미주,미국,DFW,출발,정기,여객,28 ,3431 ,29 ,3383 ,8350 ,249680 ,0 ,195432 
2026년,02월,KAL,KE,대한항공,국제,미주,미국,DFW,출발,부정기,화물,0 ,0 ,0 ,0 ,33214 ,29137 ,0 ,0 
2026년,02월,KAL,KE,대한항공,국제,미주,미국,IAD,도착,정기,여객,28 ,3153 ,22 ,3400 ,42273 ,46839 ,0 ,186366 
2026년,02월,KAL,KE,대한항공,국제,미주,미국,IAD,출발,정기,여객,28 ,2836 ,30 ,3628 ,113573 ,188017 ,0 ,192860 
2026년,02월,KAL,KE,대한항공,국제,미주,미국,IAH,도착,부정기,화물,1 ,0 ,0 ,0 ,0 ,0 ,0 ,0 
2026년,02월,KAL,KE,대한항공,국제,미주,미국,IAH,출발,부정기,화물,1 ,0 ,0 ,0 ,26606 ,0 ,0 ,0 
2026년,02월,KAL,KE,대한항공,국제,미주,미국,JFK,도착,정기,화물,30 ,0 ,0 ,0 ,697785 ,443911 ,0 ,0 
2026년,02월,KAL,KE,대한항공,국제,미주,미국,JFK,도착,정기,여객,53 ,10019 ,33 ,6956 ,83108 ,48376 ,772 ,425028 
2026년,02월,KAL,KE,대한항공,국제,미주,미국,JFK,출발,정기,화물,30 ,0 ,0 ,0 ,162797 ,923838 ,0 ,0 
2026년,02월,KAL,KE,대한항공,국제,미주,미국,JFK,출발,정기,여객,53 ,7974 ,62 ,7770 ,65751 ,418571 ,42595 ,401849 
2026년,02월,KAL,KE,대한항공,국제,미주,미국,KOA,도착,부정기,여객,1 ,1 ,0 ,0 ,0 ,0 ,0 ,0 
2026년,02월,KAL,KE,대한항공,국제,미주,미국,LAS,도착,정기,여객,28 ,3004 ,12 ,4211 ,0 ,0 ,0 ,180748 
2026년,02월,KAL,KE,대한항공,국제,미주,미국,LAS,출발,정기,여객,28 ,2683 ,20 ,4096 ,3525 ,303536 ,0 ,163364 
2026년,02월,KAL,KE,대한항공,국제,미주,미국,LAX,도착,정기,화물,53 ,0 ,0 ,0 ,1339505 ,502765 ,0 ,0 
2026년,02월,KAL,KE,대한항공,국제,미주,미국,LAX,도착,정기,여객,56 ,12453 ,56 ,7260 ,243744 ,49110 ,986 ,487096 
2026년,02월,KAL,KE,대한항공,국제,미주,미국,LAX,출발,정기,화물,55 ,0 ,0 ,0 ,1200012 ,3831683 ,0 ,0 
2026년,02월,KAL,KE,대한항공,국제,미주,미국,LAX,출발,정기,여객,56 ,10838 ,52 ,7185 ,46933 ,383752 ,26491 ,419261 
2026년,02월,KAL,KE,대한항공,국제,미주,미국,MIA,출발,정기,화물,0 ,0 ,0 ,0 ,21360 ,595576 ,0 ,0 
2026년,02월,KAL,KE,대한항공,국제,미주,미국,ORD,도착,정기,화물,32 ,0 ,0 ,0 ,185842 ,228806 ,0 ,0 
2026년,02월,KAL,KE,대한항공,국제,미주,미국,ORD,도착,정기,여객,28 ,3006 ,17 ,3863 ,77830 ,57461 ,987 ,188833 
2026년,02월,KAL,KE,대한항공,국제,미주,미국,ORD,출발,정기,화물,32 ,0 ,0 ,0 ,805958 ,3070226 ,835 ,0 
2026년,02월,KAL,KE,대한항공,국제,미주,미국,ORD,출발,정기,여객,28 ,2806 ,37 ,3814 ,102477 ,365702 ,13776 ,182604 
2026년,02월,KAL,KE,대한항공,국제,미주,미국,SEA,도착,정기,화물,16 ,0 ,0 ,0 ,480722 ,332615 ,0 ,0 
2026년,02월,KAL,KE,대한항공,국제,미주,미국,SEA,도착,정기,여객,28 ,3146 ,29 ,4825 ,7564 ,38324 ,0 ,184649 
2026년,02월,KAL,KE,대한항공,국제,미주,미국,SEA,출발,정기,화물,16 ,0 ,0 ,0 ,96944 ,8147 ,0 ,0 
2026년,02월,KAL,KE,대한항공,국제,미주,미국,SEA,출발,정기,여객,28 ,3107 ,42 ,3940 ,7134 ,222781 ,0 ,164810 
2026년,02월,KAL,KE,대한항공,국제,미주,미국,SFO,도착,정기,화물,0 ,0 ,0 ,0 ,108330 ,168229 ,0 ,0 
2026년,02월,KAL,KE,대한항공,국제,미주,미국,SFO,도착,정기,여객,28 ,4018 ,19 ,3147 ,35178 ,16494 ,0 ,163206 
2026년,02월,KAL,KE,대한항공,국제,미주,미국,SFO,출발,정기,여객,28 ,3690 ,23 ,2599 ,59305 ,193167 ,0 ,138734 
2026년,02월,KAL,KE,대한항공,국제,미주,미국,SJC,도착,부정기,여객,1 ,3 ,0 ,0 ,0 ,0 ,0 ,0 
2026년,02월,KAL,KE,대한항공,국제,미주,브라질,VCP,도착,정기,화물,9 ,0 ,0 ,0 ,17601 ,10029 ,0 ,0 
2026년,02월,KAL,KE,대한항공,국제,미주,브라질,VCP,출발,정기,화물,8 ,0 ,0 ,0 ,35351 ,195792 ,0 ,0 
2026년,02월,KAL,KE,대한항공,국제,미주,칠레,SCL,도착,정기,화물,0 ,0 ,0 ,0 ,39050 ,192796 ,0 ,0 
2026년,02월,KAL,KE,대한항공,국제,미주,캐나다,YEG,도착,정기,화물,0 ,0 ,0 ,0 ,0 ,0 ,0 ,0 
2026년,02월,KAL,KE,대한항공,국제,미주,캐나다,YHZ,도착,정기,화물,0 ,0 ,0 ,0 ,94352 ,248980 ,0 ,0 
2026년,02월,KAL,KE,대한항공,국제,미주,캐나다,YVR,도착,정기,화물,0 ,0 ,0 ,0 ,25321 ,2664 ,0 ,0 
2026년,02월,KAL,KE,대한항공,국제,미주,캐나다,YVR,도착,정기,여객,44 ,4919 ,49 ,7290 ,34293 ,60469 ,0 ,321793 
2026년,02월,KAL,KE,대한항공,국제,미주,캐나다,YVR,출발,정기,여객,44 ,4028 ,77 ,7567 ,11505 ,387302 ,25091 ,349131 
2026년,02월,KAL,KE,대한항공,국제,미주,캐나다,YYZ,도착,정기,화물,12 ,0 ,0 ,0 ,166198 ,161445 ,0 ,0 
2026년,02월,KAL,KE,대한항공,국제,미주,캐나다,YYZ,도착,정기,여객,28 ,3467 ,41 ,4675 ,11514 ,7188 ,0 ,228762 
2026년,02월,KAL,KE,대한항공,국제,미주,캐나다,YYZ,출발,정기,화물,11 ,0 ,0 ,0 ,5971 ,859930 ,2555 ,0 
2026년,02월,KAL,KE,대한항공,국제,미주,캐나다,YYZ,출발,정기,여객,28 ,2852 ,62 ,5070 ,12185 ,167293 ,22605 ,248021 
2026년,02월,KAL,KE,대한항공,국제,미주,페루,LIM,도착,정기,화물,0 ,0 ,0 ,0 ,105167 ,143038 ,0 ,0 
2026년,02월,KAL,KE,대한항공,국제,대양주,뉴질랜드,AKL,도착,정기,여객,28 ,6053 ,29 ,222 ,54344 ,222270 ,0 ,123291 
2026년,02월,KAL,KE,대한항공,국제,대양주,뉴질랜드,AKL,출발,정기,여객,28 ,6844 ,41 ,545 ,15838 ,117458 ,14662 ,148879 
2026년,02월,KAL,KE,대한항공,국제,대양주,호주,BNE,도착,정기,여객,16 ,3406 ,21 ,106 ,50252 ,888 ,0 ,65689 
2026년,02월,KAL,KE,대한항공,국제,대양주,호주,BNE,출발,정기,여객,16 ,3789 ,32 ,165 ,20922 ,69639 ,11718 ,77123 
2026년,02월,KAL,KE,대한항공,국제,대양주,호주,SYD,도착,정기,여객,28 ,7691 ,27 ,153 ,80026 ,26292 ,0 ,144434 
2026년,02월,KAL,KE,대한항공,국제,대양주,호주,SYD,출발,정기,여객,28 ,8243 ,28 ,267 ,79288 ,147955 ,25870 ,146425 
2026년,02월,KAL,KE,대한항공,국제,대양주,괌,GUM,도착,정기,여객,56 ,15153 ,296 ,1485 ,26269 ,8780 ,0 ,228533 
2026년,02월,KAL,KE,대한항공,국제,대양주,괌,GUM,출발,정기,여객,56 ,14655 ,315 ,1282 ,113397 ,46721 ,0 ,197110 
2026년,02월,KAL,KE,대한항공,국제,대양주,하와이,HNL,도착,정기,여객,28 ,7405 ,32 ,1463 ,27649 ,30906 ,135 ,187678 
2026년,02월,KAL,KE,대한항공,국제,대양주,하와이,HNL,출발,정기,여객,28 ,7090 ,39 ,1690 ,7051 ,294504 ,939 ,155154 
2026년,02월,KAL,KE,대한항공,국제,유럽,네덜란드,AMS,도착,정기,화물,13 ,0 ,0 ,0 ,904619 ,103241 ,3134 ,0 
2026년,02월,KAL,KE,대한항공,국제,유럽,네덜란드,AMS,도착,정기,여객,16 ,4066 ,7 ,370 ,65398 ,57268 ,10364 ,86212 
2026년,02월,KAL,KE,대한항공,국제,유럽,네덜란드,AMS,출발,정기,화물,13 ,0 ,0 ,0 ,395121 ,553746 ,0 ,0 
2026년,02월,KAL,KE,대한항공,국제,유럽,네덜란드,AMS,출발,정기,여객,16 ,3367 ,20 ,327 ,23407 ,97437 ,0 ,70709 
2026년,02월,KAL,KE,대한항공,국제,유럽,노르웨이,OSL,도착,정기,화물,7 ,0 ,0 ,0 ,562568 ,39573 ,0 ,0 
2026년,02월,KAL,KE,대한항공,국제,유럽,노르웨이,OSL,출발,정기,화물,7 ,0 ,0 ,0 ,50952 ,47321 ,0 ,0 
2026년,02월,KAL,KE,대한항공,국제,유럽,독일,FRA,도착,정기,화물,11 ,0 ,0 ,0 ,828746 ,153413 ,668 ,0 
2026년,02월,KAL,KE,대한항공,국제,유럽,독일,FRA,도착,정기,여객,12 ,3114 ,14 ,76 ,140852 ,58830 ,0 ,70347 
2026년,02월,KAL,KE,대한항공,국제,유럽,독일,FRA,출발,정기,화물,11 ,0 ,0 ,0 ,404254 ,715717 ,6653 ,0 
2026년,02월,KAL,KE,대한항공,국제,유럽,독일,FRA,출발,정기,여객,12 ,2808 ,7 ,68 ,102637 ,77717 ,7668 ,62757 
2026년,02월,KAL,KE,대한항공,국제,유럽,스위스,ZRH,도착,정기,화물,4 ,0 ,0 ,0 ,153664 ,90728 ,0 ,0 
2026년,02월,KAL,KE,대한항공,국제,유럽,스위스,ZRH,출발,정기,화물,4 ,0 ,0 ,0 ,18014 ,79737 ,0 ,0 
2026년,02월,KAL,KE,대한항공,국제,유럽,스페인,MAD,도착,정기,화물,8 ,0 ,0 ,0 ,335839 ,357805 ,0 ,0 
2026년,02월,KAL,KE,대한항공,국제,유럽,스페인,MAD,도착,정기,여객,16 ,4757 ,7 ,39 ,119560 ,24329 ,0 ,95390 
2026년,02월,KAL,KE,대한항공,국제,유럽,스페인,MAD,출발,정기,화물,8 ,0 ,0 ,0 ,460 ,502821 ,1156 ,0 
2026년,02월,KAL,KE,대한항공,국제,유럽,스페인,MAD,출발,정기,여객,16 ,3976 ,6 ,70 ,1450 ,30218 ,1083 ,69499 
2026년,02월,KAL,KE,대한항공,국제,유럽,영국,LHR,도착,정기,화물,10 ,0 ,0 ,0 ,200817 ,34806 ,0 ,0 
2026년,02월,KAL,KE,대한항공,국제,유럽,영국,LHR,도착,정기,여객,28 ,6817 ,15 ,172 ,260346 ,50800 ,11468 ,139268 
2026년,02월,KAL,KE,대한항공,국제,유럽,영국,LHR,출발,정기,화물,10 ,0 ,0 ,0 ,225472 ,352189 ,4776 ,0 
2026년,02월,KAL,KE,대한항공,국제,유럽,영국,LHR,출발,정기,여객,28 ,6114 ,21 ,261 ,115879 ,228482 ,29359 ,125344 
2026년,02월,KAL,KE,대한항공,국제,유럽,오스트리아,VIE,도착,정기,여객,12 ,3069 ,4 ,144 ,130562 ,35998 ,0 ,63623 
2026년,02월,KAL,KE,대한항공,국제,유럽,오스트리아,VIE,출발,정기,화물,0 ,0 ,0 ,0 ,542193 ,464222 ,364 ,0 
2026년,02월,KAL,KE,대한항공,국제,유럽,오스트리아,VIE,출발,정기,여객,12 ,2763 ,7 ,169 ,60735 ,57193 ,2987 ,60347 
2026년,02월,KAL,KE,대한항공,국제,유럽,오스트리아,VIE,출발,부정기,화물,0 ,0 ,0 ,0 ,0 ,2139 ,0 ,0 
2026년,02월,KAL,KE,대한항공,국제,유럽,이탈리아,FCO,도착,정기,여객,12 ,3276 ,1 ,57 ,106072 ,109908 ,0 ,63298 
2026년,02월,KAL,KE,대한항공,국제,유럽,이탈리아,FCO,출발,정기,여객,12 ,2916 ,4 ,213 ,33843 ,100940 ,0 ,53319 
2026년,02월,KAL,KE,대한항공,국제,유럽,이탈리아,MXP,도착,정기,화물,4 ,0 ,0 ,0 ,352187 ,59458 ,0 ,0 
2026년,02월,KAL,KE,대한항공,국제,유럽,이탈리아,MXP,도착,정기,여객,16 ,4222 ,3 ,56 ,203761 ,82325 ,0 ,97393 
2026년,02월,KAL,KE,대한항공,국제,유럽,이탈리아,MXP,도착,부정기,화물,7 ,0 ,0 ,0 ,406584 ,142137 ,0 ,0 
2026년,02월,KAL,KE,대한항공,국제,유럽,이탈리아,MXP,출발,정기,화물,4 ,0 ,0 ,0 ,14709 ,111825 ,0 ,0 
2026년,02월,KAL,KE,대한항공,국제,유럽,이탈리아,MXP,출발,정기,여객,16 ,3816 ,1 ,151 ,14589 ,220667 ,2048 ,82733 
2026년,02월,KAL,KE,대한항공,국제,유럽,이탈리아,MXP,출발,부정기,화물,7 ,0 ,0 ,0 ,0 ,0 ,0 ,0 
2026년,02월,KAL,KE,대한항공,국제,유럽,체코,PRG,도착,정기,여객,12 ,2638 ,3 ,498 ,69460 ,85971 ,0 ,58901 
2026년,02월,KAL,KE,대한항공,국제,유럽,체코,PRG,출발,정기,여객,12 ,2418 ,3 ,371 ,54566 ,47264 ,0 ,49714 
2026년,02월,KAL,KE,대한항공,국제,유럽,포르투갈,LIS,도착,정기,여객,12 ,3097 ,3 ,16 ,83208 ,11402 ,0 ,63474 
2026년,02월,KAL,KE,대한항공,국제,유럽,포르투갈,LIS,출발,정기,여객,12 ,2883 ,2 ,23 ,2243 ,1029 ,0 ,48683 
2026년,02월,KAL,KE,대한항공,국제,유럽,프랑스,CDG,도착,정기,화물,0 ,0 ,0 ,0 ,404060 ,26946 ,95 ,0 
2026년,02월,KAL,KE,대한항공,국제,유럽,프랑스,CDG,도착,정기,여객,24 ,5905 ,12 ,303 ,494657 ,24429 ,446 ,131025 
2026년,02월,KAL,KE,대한항공,국제,유럽,프랑스,CDG,출발,정기,여객,24 ,5168 ,14 ,441 ,36934 ,367870 ,10944 ,109581 
2026년,02월,KAL,KE,대한항공,국제,유럽,헝가리,BUD,도착,정기,여객,12 ,3004 ,2 ,118 ,64467 ,1261 ,0 ,64041 
2026년,02월,KAL,KE,대한항공,국제,유럽,헝가리,BUD,출발,정기,여객,12 ,2839 ,4 ,208 ,14735 ,108195 ,1537 ,70832 
2026년,02월,KAL,KE,대한항공,국제,유럽,튀르키예,IST,도착,정기,여객,12 ,3434 ,2 ,109 ,239025 ,422 ,0 ,65609 
2026년,02월,KAL,KE,대한항공,국제,유럽,튀르키예,IST,출발,정기,여객,12 ,3267 ,4 ,164 ,61945 ,43217 ,1092 ,61990 
2026년,02월,KAL,KE,대한항공,국제,중동,아랍에미리트,DXB,도착,정기,여객,28 ,7783 ,6 ,98 ,19738 ,7381 ,0 ,137366 
2026년,02월,KAL,KE,대한항공,국제,중동,아랍에미리트,DXB,출발,정기,여객,27 ,6887 ,11 ,190 ,191255 ,81741 ,12311 ,108878 
2026년,02월,KAL,KE,대한항공,국제,기타,네팔,KTM,도착,정기,여객,8 ,1331 ,23 ,481 ,14622 ,8255 ,0 ,45274 
2026년,02월,KAL,KE,대한항공,국제,기타,네팔,KTM,출발,정기,여객,8 ,1273 ,21 ,654 ,2917 ,71791 ,0 ,53799 
2026년,02월,KAL,KE,대한항공,국제,기타,이집트,CAI,도착,부정기,여객,3 ,858 ,0 ,0 ,0 ,0 ,0 ,15033 
2026년,02월,KAL,KE,대한항공,국제,기타,이집트,CAI,출발,부정기,여객,3 ,816 ,0 ,0 ,0 ,0 ,0 ,14084 
2026년,02월,KAL,KE,대한항공,국제,기타,인도,DEL,도착,정기,여객,20 ,3839 ,13 ,1167 ,73097 ,85053 ,0 ,107522 
2026년,02월,KAL,KE,대한항공,국제,기타,인도,DEL,출발,정기,여객,20 ,3387 ,16 ,601 ,14896 ,167919 ,0 ,81161 
2026년,02월,KAL,KE,대한항공,국제,기타,인도,DEL,출발,부정기,화물,0 ,0 ,0 ,0 ,108496 ,44192 ,0 ,0 
2026년,02월,KLM,KL,KLM네덜란드항공,국제,유럽,네덜란드,AMS,도착,정기,여객,20 ,5051 ,17 ,256 ,257966 ,0 ,96 ,98101 
2026년,02월,KLM,KL,KLM네덜란드항공,국제,유럽,네덜란드,AMS,출발,정기,여객,20 ,4479 ,13 ,460 ,239647 ,0 ,7350 ,102706 
2026년,02월,KZR,KC,아스타나항공,국제,유럽,카자흐스탄,ALA,도착,정기,여객,28 ,4322 ,33 ,316 ,6425 ,0 ,798 ,88402 
2026년,02월,KZR,KC,아스타나항공,국제,유럽,카자흐스탄,ALA,출발,정기,여객,28 ,3483 ,41 ,399 ,138241 ,0 ,3744 ,86996 
2026년,02월,KZR,KC,아스타나항공,국제,유럽,카자흐스탄,NQZ,도착,정기,여객,8 ,832 ,7 ,85 ,45 ,0 ,76 ,14875 
2026년,02월,KZR,KC,아스타나항공,국제,유럽,카자흐스탄,NQZ,출발,정기,여객,8 ,691 ,4 ,82 ,1050 ,0 ,0 ,16723 
2026년,02월,LAO,QV,라오 항공,국제,동남아,라오스,VTE,도착,정기,여객,24 ,2272 ,6 ,62 ,14443 ,0 ,80 ,36421 
2026년,02월,LAO,QV,라오 항공,국제,동남아,라오스,VTE,출발,정기,여객,24 ,1876 ,6 ,71 ,8312 ,0 ,1627 ,31300 
2026년,02월,LHA,GI,롱하오 항공,국제,중국,중국,WEH,도착,정기,화물,28 ,0 ,0 ,0 ,423139 ,0 ,0 ,0 
2026년,02월,LHA,GI,롱하오 항공,국제,중국,중국,WEH,출발,정기,화물,28 ,0 ,0 ,0 ,329699 ,0 ,0 ,0 
2026년,02월,LOT,LO,LOT 폴란드항공,국제,유럽,폴란드,WAW,도착,정기,여객,19 ,4293 ,11 ,65 ,130913 ,0 ,3698 ,76113 
2026년,02월,LOT,LO,LOT 폴란드항공,국제,유럽,폴란드,WAW,출발,정기,여객,19 ,3603 ,14 ,42 ,181550 ,0 ,16229 ,72297 
2026년,02월,LOT,LO,LOT 폴란드항공,국제,유럽,폴란드,WRO,도착,정기,여객,4 ,926 ,7 ,11 ,5704 ,0 ,0 ,17418 
2026년,02월,LOT,LO,LOT 폴란드항공,국제,유럽,폴란드,WRO,출발,정기,여객,4 ,740 ,6 ,5 ,47465 ,0 ,0 ,17203 
2026년,02월,MAA,M7,MAS AIR,국제,중국,중국,WUX,도착,정기,화물,0 ,0 ,0 ,0 ,0 ,0 ,0 ,0 
2026년,02월,MAA,M7,MAS AIR,국제,미주,멕시코,NLU,도착,정기,화물,12 ,0 ,0 ,0 ,0 ,0 ,0 ,0 
2026년,02월,MAA,M7,MAS AIR,국제,미주,멕시코,NLU,출발,정기,화물,12 ,0 ,0 ,0 ,0 ,0 ,0 ,0 
2026년,02월,MAA,M7,MAS AIR,국제,미주,미국,ANC,출발,정기,화물,0 ,0 ,0 ,0 ,0 ,0 ,0 ,0 
2026년,02월,MAA,M7,MAS AIR,국제,미주,미국,LAX,도착,정기,화물,0 ,0 ,0 ,0 ,0 ,0 ,0 ,0 
2026년,02월,MAS,MH,말레이시아항공,국제,동남아,말레이시아,KUL,도착,정기,여객,47 ,11711 ,47 ,24 ,394387 ,0 ,2184 ,198451 
2026년,02월,MAS,MH,말레이시아항공,국제,동남아,말레이시아,KUL,출발,정기,여객,46 ,11695 ,58 ,167 ,509816 ,0 ,5664 ,211942 
2026년,02월,MFX,C6,센트럼 항공 / MY FREIGHTER,국제,유럽,우즈베키스탄,TAS,도착,정기,여객,8 ,1499 ,8 ,2 ,164 ,0 ,0 ,26714 
2026년,02월,MFX,C6,센트럼 항공 / MY FREIGHTER,국제,유럽,우즈베키스탄,TAS,출발,정기,여객,8 ,1080 ,16 ,13 ,106 ,0 ,0 ,18224 
2026년,02월,MGL,OM,몽골항공,국제,동북아,몽골,UBN,도착,정기,여객,44 ,7236 ,80 ,692 ,21046 ,0 ,1243 ,145433 
2026년,02월,MGL,OM,몽골항공,국제,동북아,몽골,UBN,도착,부정기,여객,1 ,78 ,1 ,0 ,13 ,0 ,0 ,1787 
2026년,02월,MGL,OM,몽골항공,국제,동북아,몽골,UBN,출발,정기,여객,45 ,7979 ,83 ,1345 ,155003 ,0 ,759 ,195267 
2026년,02월,MGL,OM,몽골항공,국제,동북아,몽골,UBN,출발,부정기,여객,1 ,161 ,0 ,13 ,538 ,0 ,0 ,4266 
2026년,02월,MMA,8M,미얀마 국제항공,국제,동남아,미얀마,RGN,도착,정기,여객,16 ,1926 ,3 ,0 ,4023 ,0 ,0 ,42176 
2026년,02월,MMA,8M,미얀마 국제항공,국제,동남아,미얀마,RGN,도착,부정기,여객,1 ,65 ,0 ,0 ,0 ,0 ,0 ,1802 
2026년,02월,MMA,8M,미얀마 국제항공,국제,동남아,미얀마,RGN,출발,정기,여객,16 ,1778 ,2 ,2 ,5147 ,0 ,0 ,55463 
2026년,02월,MMA,8M,미얀마 국제항공,국제,동남아,미얀마,RGN,출발,부정기,여객,1 ,91 ,0 ,0 ,0 ,0 ,0 ,2064 
2026년,02월,MMA,8M,미얀마 국제항공,국제,동남아,태국,CNX,출발,정기,여객,0 ,0 ,0 ,0 ,0 ,0 ,0 ,0 
2026년,02월,MNG,M0,에어로몽골리아,국제,동북아,몽골,UBN,도착,정기,여객,16 ,1533 ,18 ,7 ,0 ,0 ,0 ,28980 
2026년,02월,MNG,M0,에어로몽골리아,국제,동북아,몽골,UBN,출발,정기,여객,16 ,1952 ,15 ,18 ,933 ,0 ,0 ,44902 
2026년,02월,MXD,OD,바틱에어,국제,동남아,말레이시아,BKI,도착,정기,여객,12 ,1693 ,1 ,0 ,0 ,0 ,0 ,19882 
2026년,02월,MXD,OD,바틱에어,국제,동남아,말레이시아,BKI,출발,정기,여객,12 ,1609 ,1 ,4 ,0 ,0 ,0 ,19131 
2026년,02월,MXD,OD,바틱에어,국제,동남아,말레이시아,KUL,도착,정기,여객,26 ,4127 ,8 ,0 ,3868 ,0 ,0 ,50043 
2026년,02월,MXD,OD,바틱에어,국제,동남아,말레이시아,KUL,출발,정기,여객,26 ,3539 ,17 ,9 ,13398 ,0 ,0 ,42154 
2026년,02월,NCR,N8,내셔널항공,국제,동남아,인도네시아,SUB,출발,부정기,화물,1 ,0 ,0 ,0 ,38987 ,0 ,0 ,0 
2026년,02월,PAC,PO,폴라에어카고,국제,중국,중국,PVG,출발,정기,화물,0 ,0 ,0 ,0 ,246270 ,127379 ,0 ,0 
2026년,02월,PAC,PO,폴라에어카고,국제,미주,미국,ANC,도착,정기,화물,0 ,0 ,0 ,0 ,317676 ,0 ,0 ,0 
2026년,02월,PAC,PO,폴라에어카고,국제,미주,미국,ANC,출발,정기,화물,0 ,0 ,0 ,0 ,0 ,0 ,0 ,0 
2026년,02월,PAC,PO,폴라에어카고,국제,미주,미국,CVG,도착,정기,화물,17 ,0 ,0 ,0 ,113677 ,0 ,0 ,0 
2026년,02월,PAC,PO,폴라에어카고,국제,미주,미국,CVG,출발,정기,화물,17 ,0 ,0 ,0 ,0 ,0 ,0 ,0 
2026년,02월,PAC,PO,폴라에어카고,국제,미주,미국,LAX,도착,정기,화물,0 ,0 ,0 ,0 ,10445 ,0 ,0 ,0 
2026년,02월,PAL,PR,필리핀항공,국제,동남아,필리핀,CEB,도착,정기,여객,25 ,3980 ,22 ,35 ,4704 ,0 ,0 ,51985 
2026년,02월,PAL,PR,필리핀항공,국제,동남아,필리핀,CEB,출발,정기,여객,25 ,3101 ,17 ,15 ,9534 ,0 ,0 ,38032 
2026년,02월,PAL,PR,필리핀항공,국제,동남아,필리핀,KLO,도착,정기,여객,18 ,3145 ,7 ,6 ,0 ,0 ,0 ,37543 
2026년,02월,PAL,PR,필리핀항공,국제,동남아,필리핀,KLO,출발,정기,여객,18 ,2479 ,5 ,0 ,0 ,0 ,0 ,26760 
2026년,02월,PAL,PR,필리핀항공,국제,동남아,필리핀,MNL,도착,정기,여객,56 ,13128 ,62 ,906 ,69904 ,0 ,360 ,226604 
2026년,02월,PAL,PR,필리핀항공,국제,동남아,필리핀,MNL,출발,정기,여객,56 ,9663 ,58 ,1139 ,151637 ,0 ,46 ,206598 
2026년,02월,PAL,PR,필리핀항공,국제,동남아,필리핀,MNL,출발,부정기,여객,1 ,3 ,0 ,0 ,0 ,0 ,0 ,209 
2026년,02월,PAL,PR,필리핀항공,국제,동남아,필리핀,TAG,도착,정기,여객,18 ,3056 ,13 ,0 ,0 ,0 ,0 ,35838 
2026년,02월,PAL,PR,필리핀항공,국제,동남아,필리핀,TAG,출발,정기,여객,17 ,2396 ,10 ,2 ,0 ,0 ,0 ,26269 
2026년,02월,PTA,WE,파라타항공,국제,일본,일본,KIX,도착,정기,여객,28 ,4479 ,11 ,0 ,1201 ,0 ,0 ,46603 
2026년,02월,PTA,WE,파라타항공,국제,일본,일본,KIX,출발,정기,여객,28 ,4312 ,12 ,0 ,278 ,0 ,0 ,35210 
2026년,02월,PTA,WE,파라타항공,국제,일본,일본,NRT,도착,정기,여객,43 ,11331 ,19 ,0 ,181457 ,3756 ,0 ,124220 
2026년,02월,PTA,WE,파라타항공,국제,일본,일본,NRT,도착,부정기,여객,2 ,285 ,1 ,0 ,0 ,0 ,0 ,3165 
2026년,02월,PTA,WE,파라타항공,국제,일본,일본,NRT,출발,정기,여객,43 ,10958 ,17 ,2 ,99881 ,157831 ,0 ,95517 
2026년,02월,PTA,WE,파라타항공,국제,일본,일본,NRT,출발,부정기,여객,2 ,131 ,0 ,0 ,0 ,0 ,0 ,1128 
2026년,02월,PTA,WE,파라타항공,국제,동남아,베트남,CXR,도착,정기,여객,16 ,2303 ,19 ,0 ,0 ,0 ,0 ,27873 
2026년,02월,PTA,WE,파라타항공,국제,동남아,베트남,CXR,출발,정기,여객,16 ,2344 ,21 ,0 ,0 ,0 ,0 ,22613 
2026년,02월,PTA,WE,파라타항공,국제,동남아,베트남,DAD,도착,정기,여객,27 ,6897 ,49 ,0 ,142940 ,28 ,0 ,78724 
2026년,02월,PTA,WE,파라타항공,국제,동남아,베트남,DAD,도착,부정기,여객,1 ,90 ,0 ,0 ,0 ,0 ,0 ,930 
2026년,02월,PTA,WE,파라타항공,국제,동남아,베트남,DAD,출발,정기,여객,27 ,7242 ,51 ,1 ,8975 ,0 ,0 ,65297 
2026년,02월,PTA,WE,파라타항공,국제,동남아,베트남,DAD,출발,부정기,여객,1 ,0 ,0 ,0 ,0 ,0 ,0 ,0 
2026년,02월,PTA,WE,파라타항공,국제,동남아,베트남,PQC,도착,정기,여객,14 ,2776 ,22 ,0 ,0 ,0 ,0 ,32277 
2026년,02월,PTA,WE,파라타항공,국제,동남아,베트남,PQC,출발,정기,여객,13 ,2574 ,24 ,0 ,0 ,0 ,0 ,23989 
2026년,02월,QDA,QW,청도항공,국제,중국,중국,TAO,도착,정기,여객,28 ,4519 ,5 ,0 ,21613 ,0 ,0 ,60979 
2026년,02월,QDA,QW,청도항공,국제,중국,중국,TAO,출발,정기,여객,28 ,4458 ,5 ,81 ,3602 ,0 ,0 ,59742 
2026년,02월,QNT,HH,카놋샤크항공,국제,유럽,우즈베키스탄,TAS,도착,정기,여객,12 ,2296 ,34 ,1 ,0 ,0 ,0 ,80087 
2026년,02월,QNT,HH,카놋샤크항공,국제,유럽,우즈베키스탄,TAS,출발,정기,여객,12 ,1764 ,22 ,23 ,38286 ,0 ,0 ,63159 
2026년,02월,QTR,QR,카타르항공,국제,중동,카타르,DOH,도착,정기,화물,14 ,0 ,0 ,0 ,951936 ,0 ,1216 ,0 
2026년,02월,QTR,QR,카타르항공,국제,중동,카타르,DOH,도착,정기,여객,32 ,11994 ,36 ,120 ,472934 ,0 ,8632 ,262334 
2026년,02월,QTR,QR,카타르항공,국제,중동,카타르,DOH,출발,정기,화물,14 ,0 ,0 ,0 ,1231757 ,0 ,4855 ,0 
2026년,02월,QTR,QR,카타르항공,국제,중동,카타르,DOH,출발,정기,여객,32 ,9741 ,33 ,218 ,395697 ,0 ,8932 ,232190 
2026년,02월,RBA,BI,로얄 브루나이 에어라인,국제,동남아,브루나이,BWN,도착,정기,여객,12 ,1510 ,10 ,3 ,167 ,0 ,23 ,22273 
2026년,02월,RBA,BI,로얄 브루나이 에어라인,국제,동남아,브루나이,BWN,출발,정기,여객,12 ,1470 ,13 ,10 ,8030 ,0 ,245 ,28963 
2026년,02월,SAS,SK,스칸디나비안 항공,국제,유럽,덴마크,CPH,도착,정기,여객,12 ,2964 ,12 ,16 ,167451 ,0 ,0 ,43196 
2026년,02월,SAS,SK,스칸디나비안 항공,국제,유럽,덴마크,CPH,출발,정기,여객,12 ,2538 ,13 ,69 ,172134 ,0 ,0 ,48868 
2026년,02월,SIA,SQ,싱가폴항공,국제,동남아,싱가포르,SIN,도착,정기,화물,22 ,0 ,0 ,0 ,136573 ,0 ,0 ,0 
2026년,02월,SIA,SQ,싱가폴항공,국제,동남아,싱가포르,SIN,도착,정기,여객,98 ,30457 ,162 ,155 ,1060479 ,0 ,20936 ,467302 
2026년,02월,SIA,SQ,싱가폴항공,국제,동남아,싱가포르,SIN,출발,정기,여객,98 ,28890 ,173 ,139 ,710421 ,0 ,14408 ,519822 
2026년,02월,SIA,SQ,싱가폴항공,국제,동남아,태국,BKK,도착,정기,화물,0 ,0 ,0 ,0 ,253227 ,0 ,0 ,0 
2026년,02월,SIA,SQ,싱가폴항공,국제,미주,미국,CVG,출발,정기,화물,22 ,0 ,0 ,0 ,739815 ,0 ,0 ,0 
2026년,02월,SWM,ZA,스카이앙코르항공,국제,동남아,캄보디아,KTI,도착,정기,여객,23 ,3416 ,16 ,0 ,1656 ,0 ,0 ,41773 
2026년,02월,SWM,ZA,스카이앙코르항공,국제,동남아,캄보디아,KTI,출발,정기,여객,23 ,3454 ,37 ,0 ,9753 ,0 ,343 ,56812 
2026년,02월,TAX,XJ,타이에어아시아엑스,국제,동남아,태국,DMK,도착,정기,여객,34 ,9753 ,22 ,1 ,287157 ,0 ,0 ,97600 
2026년,02월,TAX,XJ,타이에어아시아엑스,국제,동남아,태국,DMK,출발,정기,여객,34 ,7586 ,30 ,31 ,229680 ,0 ,0 ,66266 
2026년,02월,TGW,TR,스쿠트항공,국제,동북아,대만,TPE,도착,정기,여객,0 ,9576 ,16 ,0 ,97698 ,0 ,23206 ,92110 
2026년,02월,TGW,TR,스쿠트항공,국제,동북아,대만,TPE,출발,정기,여객,0 ,9825 ,19 ,0 ,163469 ,0 ,0 ,139761 
2026년,02월,TGW,TR,스쿠트항공,국제,동남아,싱가포르,SIN,도착,정기,여객,40 ,3587 ,4 ,0 ,68077 ,0 ,17488 ,35904 
2026년,02월,TGW,TR,스쿠트항공,국제,동남아,싱가포르,SIN,출발,정기,여객,40 ,3508 ,8 ,0 ,52563 ,0 ,0 ,40652 
2026년,02월,THA,TG,타이항공,국제,동남아,태국,BKK,도착,정기,여객,68 ,19971 ,68 ,133 ,897124 ,0 ,187 ,361345 
2026년,02월,THA,TG,타이항공,국제,동남아,태국,BKK,출발,정기,여객,68 ,16987 ,63 ,109 ,857881 ,0 ,11011 ,306353 
2026년,02월,THY,TK,터키항공,국제,유럽,튀르키예,IST,도착,정기,화물,8 ,0 ,0 ,0 ,626891 ,0 ,0 ,0 
2026년,02월,THY,TK,터키항공,국제,유럽,튀르키예,IST,도착,정기,여객,44 ,14391 ,22 ,80 ,657571 ,0 ,2115 ,284402 
2026년,02월,THY,TK,터키항공,국제,유럽,튀르키예,IST,출발,정기,화물,8 ,0 ,0 ,0 ,666045 ,5709 ,0 ,0 
2026년,02월,THY,TK,터키항공,국제,유럽,튀르키예,IST,출발,정기,여객,44 ,12202 ,25 ,170 ,824768 ,0 ,0 ,257551 
2026년,02월,TLM,SL,타이라이언항공,국제,동남아,태국,DMK,도착,정기,여객,28 ,3131 ,2 ,0 ,20 ,0 ,0 ,41390 
2026년,02월,TLM,SL,타이라이언항공,국제,동남아,태국,DMK,출발,정기,여객,28 ,2842 ,3 ,10 ,22920 ,0 ,0 ,35340 
2026년,02월,TTW,IT,타이거에어타이완,국제,동북아,대만,TPE,도착,정기,여객,28 ,4809 ,12 ,0 ,2980 ,0 ,1348 ,45359 
2026년,02월,TTW,IT,타이거에어타이완,국제,동북아,대만,TPE,출발,정기,여객,28 ,4753 ,6 ,1 ,8668 ,0 ,0 ,61726 
2026년,02월,TUA,T5,투르크메니스탄 항공,국제,유럽,투르크메니스탄,ASB,도착,정기,화물,2 ,0 ,0 ,0 ,3163 ,0 ,0 ,0 
2026년,02월,TUA,T5,투르크메니스탄 항공,국제,유럽,투르크메니스탄,ASB,도착,정기,여객,4 ,478 ,2 ,2 ,52357 ,0 ,0 ,10538 
2026년,02월,TUA,T5,투르크메니스탄 항공,국제,유럽,투르크메니스탄,ASB,출발,정기,화물,2 ,0 ,0 ,0 ,81587 ,0 ,0 ,0 
2026년,02월,TUA,T5,투르크메니스탄 항공,국제,유럽,투르크메니스탄,ASB,출발,정기,여객,4 ,363 ,0 ,6 ,74078 ,0 ,0 ,9471 
2026년,02월,TVJ,VZ,타이비엣젯항공,국제,동남아,태국,BKK,도착,정기,여객,28 ,4889 ,14 ,0 ,32173 ,0 ,0 ,55796 
2026년,02월,TVJ,VZ,타이비엣젯항공,국제,동남아,태국,BKK,출발,정기,여객,28 ,4631 ,8 ,32 ,0 ,0 ,0 ,52691 
2026년,02월,TWB,TW,티웨이항공,국제,일본,일본,CTS,도착,정기,여객,28 ,8362 ,17 ,474 ,0 ,0 ,0 ,108226 
2026년,02월,TWB,TW,티웨이항공,국제,일본,일본,CTS,출발,정기,여객,28 ,8149 ,17 ,244 ,0 ,0 ,0 ,85339 
2026년,02월,TWB,TW,티웨이항공,국제,일본,일본,FUK,도착,정기,여객,84 ,26992 ,168 ,460 ,0 ,0 ,0 ,299421 
2026년,02월,TWB,TW,티웨이항공,국제,일본,일본,FUK,도착,부정기,여객,18 ,3187 ,22 ,34 ,0 ,0 ,0 ,34121 
2026년,02월,TWB,TW,티웨이항공,국제,일본,일본,FUK,출발,정기,여객,84 ,25867 ,181 ,314 ,0 ,0 ,0 ,219618 
2026년,02월,TWB,TW,티웨이항공,국제,일본,일본,FUK,출발,부정기,여객,18 ,3084 ,26 ,3 ,0 ,0 ,0 ,22776 
2026년,02월,TWB,TW,티웨이항공,국제,일본,일본,HSG,도착,정기,여객,28 ,5010 ,14 ,29 ,0 ,0 ,0 ,47234 
2026년,02월,TWB,TW,티웨이항공,국제,일본,일본,HSG,출발,정기,여객,28 ,4873 ,9 ,15 ,0 ,0 ,0 ,34296 
2026년,02월,TWB,TW,티웨이항공,국제,일본,일본,KIX,도착,정기,여객,84 ,22069 ,42 ,849 ,142193 ,0 ,0 ,246093 
2026년,02월,TWB,TW,티웨이항공,국제,일본,일본,KIX,도착,부정기,여객,23 ,4113 ,10 ,57 ,0 ,0 ,0 ,45190 
2026년,02월,TWB,TW,티웨이항공,국제,일본,일본,KIX,출발,정기,여객,84 ,21565 ,39 ,326 ,140240 ,0 ,5242 ,197842 
2026년,02월,TWB,TW,티웨이항공,국제,일본,일본,KIX,출발,부정기,여객,23 ,4076 ,10 ,18 ,0 ,0 ,0 ,34460 
2026년,02월,TWB,TW,티웨이항공,국제,일본,일본,KMJ,도착,정기,여객,28 ,4646 ,17 ,78 ,0 ,0 ,0 ,60872 
2026년,02월,TWB,TW,티웨이항공,국제,일본,일본,KMJ,출발,정기,여객,28 ,4914 ,5 ,46 ,0 ,0 ,0 ,60371 
2026년,02월,TWB,TW,티웨이항공,국제,일본,일본,NRT,도착,정기,여객,112 ,27450 ,44 ,1579 ,53519 ,0 ,0 ,328270 
2026년,02월,TWB,TW,티웨이항공,국제,일본,일본,NRT,출발,정기,여객,112 ,26402 ,25 ,660 ,253946 ,0 ,16615 ,258699 
2026년,02월,TWB,TW,티웨이항공,국제,일본,일본,OKA,도착,정기,여객,44 ,7873 ,160 ,147 ,0 ,0 ,0 ,84933 
2026년,02월,TWB,TW,티웨이항공,국제,일본,일본,OKA,도착,부정기,여객,2 ,357 ,6 ,0 ,0 ,0 ,0 ,3833 
2026년,02월,TWB,TW,티웨이항공,국제,일본,일본,OKA,출발,정기,여객,44 ,7862 ,159 ,57 ,0 ,0 ,0 ,69167 
2026년,02월,TWB,TW,티웨이항공,국제,일본,일본,OKA,출발,부정기,여객,2 ,365 ,9 ,1 ,0 ,0 ,0 ,3390 
2026년,02월,TWB,TW,티웨이항공,국제,중국,중국,HAK,도착,정기,여객,1 ,151 ,0 ,0 ,0 ,0 ,0 ,3171 
2026년,02월,TWB,TW,티웨이항공,국제,중국,중국,HAK,출발,정기,여객,1 ,8 ,0 ,0 ,0 ,0 ,0 ,74 
2026년,02월,TWB,TW,티웨이항공,국제,중국,중국,SHE,도착,정기,여객,10 ,1278 ,1 ,155 ,0 ,0 ,0 ,17258 
2026년,02월,TWB,TW,티웨이항공,국제,중국,중국,SHE,출발,정기,여객,10 ,1434 ,0 ,329 ,0 ,0 ,0 ,20635 
2026년,02월,TWB,TW,티웨이항공,국제,중국,중국,SYX,도착,정기,여객,8 ,875 ,1 ,0 ,0 ,0 ,0 ,13401 
2026년,02월,TWB,TW,티웨이항공,국제,중국,중국,SYX,출발,정기,여객,8 ,676 ,1 ,0 ,0 ,0 ,0 ,9292 
2026년,02월,TWB,TW,티웨이항공,국제,중국,중국,TAO,도착,정기,여객,28 ,4401 ,4 ,522 ,0 ,0 ,0 ,53103 
2026년,02월,TWB,TW,티웨이항공,국제,중국,중국,TAO,출발,정기,여객,28 ,4224 ,9 ,659 ,0 ,0 ,0 ,47800 
2026년,02월,TWB,TW,티웨이항공,국제,동북아,대만,KHH,도착,정기,여객,28 ,4907 ,15 ,39 ,0 ,0 ,0 ,58448 
2026년,02월,TWB,TW,티웨이항공,국제,동북아,대만,KHH,출발,정기,여객,28 ,5077 ,15 ,12 ,0 ,0 ,0 ,65483 
2026년,02월,TWB,TW,티웨이항공,국제,동북아,대만,RMQ,도착,정기,여객,28 ,4762 ,17 ,91 ,0 ,0 ,0 ,56552 
2026년,02월,TWB,TW,티웨이항공,국제,동북아,대만,RMQ,출발,정기,여객,28 ,4957 ,18 ,68 ,0 ,0 ,0 ,69280 
2026년,02월,TWB,TW,티웨이항공,국제,동북아,홍콩,HKG,도착,정기,여객,28 ,8886 ,1 ,272 ,202198 ,0 ,0 ,94627 
2026년,02월,TWB,TW,티웨이항공,국제,동북아,홍콩,HKG,출발,정기,여객,28 ,8550 ,6 ,303 ,69272 ,0 ,0 ,109753 
2026년,02월,TWB,TW,티웨이항공,국제,동남아,라오스,VTE,도착,정기,여객,28 ,4879 ,3 ,138 ,0 ,0 ,0 ,58549 
2026년,02월,TWB,TW,티웨이항공,국제,동남아,라오스,VTE,출발,정기,여객,28 ,4580 ,6 ,174 ,1009 ,0 ,0 ,52161 
2026년,02월,TWB,TW,티웨이항공,국제,동남아,말레이시아,BKI,도착,정기,여객,28 ,4602 ,16 ,163 ,0 ,0 ,0 ,55852 
2026년,02월,TWB,TW,티웨이항공,국제,동남아,말레이시아,BKI,출발,정기,여객,28 ,4049 ,15 ,128 ,0 ,0 ,0 ,44113 
2026년,02월,TWB,TW,티웨이항공,국제,동남아,베트남,CXR,도착,정기,여객,28 ,9041 ,70 ,108 ,0 ,0 ,0 ,111781 
2026년,02월,TWB,TW,티웨이항공,국제,동남아,베트남,CXR,출발,정기,여객,28 ,8971 ,84 ,97 ,0 ,0 ,0 ,86498 
2026년,02월,TWB,TW,티웨이항공,국제,동남아,베트남,DAD,도착,정기,여객,57 ,9227 ,39 ,380 ,55524 ,0 ,0 ,107842 
2026년,02월,TWB,TW,티웨이항공,국제,동남아,베트남,DAD,출발,정기,여객,56 ,9539 ,47 ,362 ,0 ,0 ,0 ,86744 
2026년,02월,TWB,TW,티웨이항공,국제,동남아,베트남,HAN,도착,부정기,여객,28 ,4741 ,15 ,70 ,26062 ,0 ,0 ,53947 
2026년,02월,TWB,TW,티웨이항공,국제,동남아,베트남,HAN,출발,부정기,여객,28 ,4912 ,19 ,194 ,54 ,0 ,0 ,53951 
2026년,02월,TWB,TW,티웨이항공,국제,동남아,베트남,PQC,도착,부정기,여객,28 ,4051 ,17 ,13 ,0 ,0 ,0 ,45854 
2026년,02월,TWB,TW,티웨이항공,국제,동남아,베트남,PQC,출발,부정기,여객,28 ,3709 ,24 ,13 ,0 ,0 ,0 ,33619 
2026년,02월,TWB,TW,티웨이항공,국제,동남아,싱가포르,SIN,도착,정기,여객,28 ,6388 ,12 ,177 ,146338 ,0 ,5670 ,79829 
2026년,02월,TWB,TW,티웨이항공,국제,동남아,싱가포르,SIN,출발,정기,여객,28 ,6238 ,17 ,69 ,181281 ,0 ,0 ,80484 
2026년,02월,TWB,TW,티웨이항공,국제,동남아,태국,BKK,도착,정기,여객,28 ,4744 ,3 ,121 ,6791 ,0 ,9659 ,53349 
2026년,02월,TWB,TW,티웨이항공,국제,동남아,태국,BKK,도착,부정기,여객,1 ,213 ,0 ,0 ,0 ,0 ,0 ,5047 
2026년,02월,TWB,TW,티웨이항공,국제,동남아,태국,BKK,출발,정기,여객,28 ,4496 ,9 ,227 ,23625 ,0 ,0 ,46097 
2026년,02월,TWB,TW,티웨이항공,국제,동남아,태국,BKK,출발,부정기,여객,2 ,541 ,2 ,1 ,0 ,0 ,0 ,8044 
2026년,02월,TWB,TW,티웨이항공,국제,동남아,태국,CNX,도착,정기,여객,28 ,4838 ,7 ,192 ,0 ,0 ,0 ,60562 
2026년,02월,TWB,TW,티웨이항공,국제,동남아,태국,CNX,출발,정기,여객,28 ,4276 ,7 ,172 ,0 ,0 ,0 ,42609 
2026년,02월,TWB,TW,티웨이항공,국제,동남아,필리핀,CEB,도착,정기,여객,28 ,4855 ,41 ,59 ,0 ,0 ,0 ,56256 
2026년,02월,TWB,TW,티웨이항공,국제,동남아,필리핀,CEB,출발,정기,여객,28 ,4607 ,49 ,37 ,0 ,0 ,0 ,45832 
2026년,02월,TWB,TW,티웨이항공,국제,동남아,필리핀,KLO,도착,정기,여객,28 ,4831 ,18 ,1 ,0 ,0 ,0 ,55020 
2026년,02월,TWB,TW,티웨이항공,국제,동남아,필리핀,KLO,출발,정기,여객,28 ,4661 ,21 ,4 ,0 ,0 ,0 ,46921 
2026년,02월,TWB,TW,티웨이항공,국제,미주,캐나다,YVR,도착,정기,여객,16 ,3096 ,15 ,52 ,13268 ,0 ,0 ,54794 
2026년,02월,TWB,TW,티웨이항공,국제,미주,캐나다,YVR,출발,정기,여객,16 ,2893 ,3 ,540 ,85629 ,0 ,0 ,61651 
2026년,02월,TWB,TW,티웨이항공,국제,대양주,호주,SYD,도착,정기,여객,20 ,5041 ,8 ,31 ,31545 ,0 ,0 ,89318 
2026년,02월,TWB,TW,티웨이항공,국제,대양주,호주,SYD,출발,정기,여객,20 ,5815 ,10 ,503 ,81393 ,0 ,3738 ,100638 
2026년,02월,TWB,TW,티웨이항공,국제,대양주,사이판,SPN,도착,정기,여객,28 ,4126 ,18 ,336 ,0 ,0 ,0 ,56154 
2026년,02월,TWB,TW,티웨이항공,국제,대양주,사이판,SPN,도착,부정기,여객,8 ,1447 ,11 ,10 ,0 ,0 ,0 ,17687 
2026년,02월,TWB,TW,티웨이항공,국제,대양주,사이판,SPN,출발,정기,여객,28 ,4011 ,20 ,403 ,0 ,0 ,0 ,52246 
2026년,02월,TWB,TW,티웨이항공,국제,대양주,사이판,SPN,출발,부정기,여객,8 ,1469 ,12 ,2 ,0 ,0 ,0 ,16569 
2026년,02월,TWB,TW,티웨이항공,국제,유럽,독일,FRA,도착,정기,여객,16 ,3385 ,7 ,77 ,184000 ,0 ,0 ,56710 
2026년,02월,TWB,TW,티웨이항공,국제,유럽,독일,FRA,출발,정기,여객,16 ,3092 ,6 ,81 ,40834 ,0 ,0 ,45937 
2026년,02월,TWB,TW,티웨이항공,국제,유럽,스페인,BCN,도착,정기,여객,16 ,3850 ,1 ,188 ,154375 ,0 ,0 ,74786 
2026년,02월,TWB,TW,티웨이항공,국제,유럽,스페인,BCN,출발,정기,여객,16 ,3566 ,4 ,97 ,103652 ,0 ,0 ,57722 
2026년,02월,TWB,TW,티웨이항공,국제,유럽,이탈리아,FCO,도착,정기,여객,16 ,4235 ,3 ,138 ,122181 ,0 ,0 ,77629 
2026년,02월,TWB,TW,티웨이항공,국제,유럽,이탈리아,FCO,출발,정기,여객,16 ,4082 ,2 ,90 ,113289 ,0 ,0 ,63378 
2026년,02월,TWB,TW,티웨이항공,국제,유럽,프랑스,CDG,도착,정기,여객,18 ,3817 ,8 ,259 ,134917 ,0 ,0 ,69821 
2026년,02월,TWB,TW,티웨이항공,국제,유럽,프랑스,CDG,출발,정기,여객,18 ,3322 ,7 ,171 ,26341 ,0 ,0 ,52237 
2026년,02월,TWB,TW,티웨이항공,국제,유럽,우즈베키스탄,TAS,도착,정기,여객,8 ,1279 ,15 ,322 ,0 ,0 ,0 ,65650 
2026년,02월,TWB,TW,티웨이항공,국제,유럽,우즈베키스탄,TAS,출발,정기,여객,8 ,765 ,10 ,419 ,0 ,0 ,0 ,60298 
2026년,02월,TWB,TW,티웨이항공,국제,유럽,키르기즈스탄,BSZ,도착,정기,여객,8 ,879 ,8 ,99 ,2701 ,0 ,0 ,16876 
2026년,02월,TWB,TW,티웨이항공,국제,유럽,키르기즈스탄,BSZ,출발,정기,여객,8 ,667 ,8 ,118 ,12158 ,0 ,72 ,12883 
2026년,02월,TWB,TW,티웨이항공,국제,기타,방글라데시,DAC,도착,부정기,여객,3 ,480 ,13 ,0 ,0 ,0 ,0 ,16914 
2026년,02월,TWB,TW,티웨이항공,국제,기타,방글라데시,DAC,출발,부정기,여객,3 ,242 ,7 ,0 ,0 ,0 ,0 ,10989 
2026년,02월,TZP,ZG,집에어 도쿄,국제,일본,일본,NRT,도착,정기,여객,28 ,7737 ,7 ,9 ,231338 ,0 ,2900 ,56051 
2026년,02월,TZP,ZG,집에어 도쿄,국제,일본,일본,NRT,출발,정기,여객,28 ,7096 ,12 ,9 ,120904 ,0 ,11241 ,64991 
2026년,02월,UAE,EK,에미리트항공,국제,중동,아랍에미리트,DXB,도착,정기,여객,40 ,16284 ,26 ,69 ,569223 ,0 ,3391 ,320072 
2026년,02월,UAE,EK,에미리트항공,국제,중동,아랍에미리트,DXB,출발,정기,여객,39 ,14730 ,36 ,71 ,543126 ,0 ,0 ,290786 
2026년,02월,UAL,UA,유나이티드항공,국제,미주,미국,SFO,도착,정기,여객,50 ,10743 ,35 ,1122 ,268774 ,0 ,24072 ,285525 
2026년,02월,UAL,UA,유나이티드항공,국제,미주,미국,SFO,출발,정기,여객,50 ,9469 ,35 ,1318 ,776415 ,0 ,5423 ,263810 
2026년,02월,UBA,UB,미얀마 항공,국제,동남아,미얀마,RGN,도착,부정기,여객,1 ,116 ,0 ,0 ,1192 ,0 ,0 ,3276 
2026년,02월,UBA,UB,미얀마 항공,국제,동남아,미얀마,RGN,출발,부정기,여객,1 ,16 ,0 ,0 ,0 ,0 ,997 ,2161 
2026년,02월,UPS,5X,유피에스항공,국제,일본,일본,KIX,출발,정기,화물,0 ,0 ,0 ,0 ,0 ,0 ,0 ,0 
2026년,02월,UPS,5X,유피에스항공,국제,일본,일본,NRT,도착,정기,화물,0 ,0 ,0 ,0 ,0 ,0 ,0 ,0 
2026년,02월,UPS,5X,유피에스항공,국제,중국,중국,CGO,도착,정기,화물,0 ,0 ,0 ,0 ,21737 ,0 ,0 ,0 
2026년,02월,UPS,5X,유피에스항공,국제,중국,중국,CGO,도착,부정기,화물,1 ,0 ,0 ,0 ,175 ,0 ,0 ,0 
2026년,02월,UPS,5X,유피에스항공,국제,중국,중국,CGO,출발,정기,화물,0 ,0 ,0 ,0 ,100452 ,0 ,0 ,0 
2026년,02월,UPS,5X,유피에스항공,국제,중국,중국,CGO,출발,부정기,화물,1 ,0 ,0 ,0 ,487 ,0 ,0 ,0 
2026년,02월,UPS,5X,유피에스항공,국제,중국,중국,PVG,도착,정기,화물,0 ,0 ,0 ,0 ,131790 ,0 ,0 ,0 
2026년,02월,UPS,5X,유피에스항공,국제,중국,중국,SZX,도착,정기,화물,0 ,0 ,0 ,0 ,481061 ,0 ,0 ,0 
2026년,02월,UPS,5X,유피에스항공,국제,중국,중국,SZX,출발,정기,화물,0 ,0 ,0 ,0 ,274220 ,0 ,0 ,0 
2026년,02월,UPS,5X,유피에스항공,국제,동북아,대만,TPE,도착,부정기,화물,1 ,0 ,0 ,0 ,0 ,0 ,0 ,0 
2026년,02월,UPS,5X,유피에스항공,국제,동북아,대만,TPE,출발,정기,화물,0 ,0 ,0 ,0 ,61138 ,0 ,0 ,0 
2026년,02월,UPS,5X,유피에스항공,국제,동북아,대만,TPE,출발,부정기,화물,1 ,0 ,0 ,0 ,3934 ,0 ,0 ,0 
2026년,02월,UPS,5X,유피에스항공,국제,동북아,홍콩,HKG,도착,부정기,화물,0 ,0 ,0 ,0 ,0 ,0 ,0 ,0 
2026년,02월,UPS,5X,유피에스항공,국제,동북아,홍콩,HKG,출발,정기,화물,0 ,0 ,0 ,0 ,42707 ,0 ,0 ,0 
2026년,02월,UPS,5X,유피에스항공,국제,동남아,베트남,HAN,도착,정기,화물,0 ,0 ,0 ,0 ,19664 ,0 ,0 ,0 
2026년,02월,UPS,5X,유피에스항공,국제,동남아,베트남,SGN,도착,부정기,화물,0 ,0 ,0 ,0 ,0 ,0 ,0 ,0 
2026년,02월,UPS,5X,유피에스항공,국제,동남아,싱가포르,SIN,도착,정기,화물,0 ,0 ,0 ,0 ,0 ,0 ,0 ,0 
2026년,02월,UPS,5X,유피에스항공,국제,미주,미국,ANC,도착,정기,화물,48 ,0 ,0 ,0 ,428633 ,0 ,0 ,0 
2026년,02월,UPS,5X,유피에스항공,국제,미주,미국,ANC,출발,정기,화물,68 ,0 ,0 ,0 ,930795 ,0 ,0 ,0 
2026년,02월,UPS,5X,유피에스항공,국제,미주,미국,ANC,출발,부정기,화물,0 ,0 ,0 ,0 ,0 ,0 ,0 ,0 
2026년,02월,UPS,5X,유피에스항공,국제,미주,미국,EWR,출발,정기,화물,0 ,0 ,0 ,0 ,0 ,0 ,0 ,0 
2026년,02월,UPS,5X,유피에스항공,국제,미주,미국,ONT,도착,정기,화물,0 ,0 ,0 ,0 ,0 ,0 ,0 ,0 
2026년,02월,UPS,5X,유피에스항공,국제,미주,미국,SDF,도착,정기,화물,49 ,0 ,0 ,0 ,0 ,0 ,0 ,0 
2026년,02월,UPS,5X,유피에스항공,국제,미주,미국,SDF,도착,부정기,화물,6 ,0 ,0 ,0 ,0 ,0 ,0 ,0 
2026년,02월,UPS,5X,유피에스항공,국제,미주,미국,SDF,출발,정기,화물,30 ,0 ,0 ,0 ,0 ,0 ,0 ,0 
2026년,02월,UPS,5X,유피에스항공,국제,미주,미국,SDF,출발,부정기,화물,6 ,0 ,0 ,0 ,0 ,0 ,0 ,0 
2026년,02월,UPS,5X,유피에스항공,국제,대양주,호주,SYD,도착,정기,화물,0 ,0 ,0 ,0 ,22546 ,0 ,0 ,0 
2026년,02월,UPS,5X,유피에스항공,국제,대양주,하와이,HNL,도착,정기,화물,0 ,0 ,0 ,0 ,447 ,0 ,0 ,0 
2026년,02월,UPS,5X,유피에스항공,국제,대양주,하와이,HNL,도착,부정기,화물,0 ,0 ,0 ,0 ,0 ,0 ,0 ,0 
2026년,02월,UPS,5X,유피에스항공,국제,유럽,독일,CGN,도착,정기,화물,0 ,0 ,0 ,0 ,0 ,0 ,0 ,0 
2026년,02월,UPS,5X,유피에스항공,국제,유럽,독일,CGN,출발,정기,화물,0 ,0 ,0 ,0 ,0 ,0 ,0 ,0 
2026년,02월,UPS,5X,유피에스항공,국제,중동,아랍에미리트,DWC,출발,정기,화물,0 ,0 ,0 ,0 ,335042 ,0 ,0 ,0 
2026년,02월,UPS,5X,유피에스항공,국제,중동,아랍에미리트,DXB,출발,정기,화물,0 ,0 ,0 ,0 ,0 ,0 ,0 ,0 
2026년,02월,UPS,5X,유피에스항공,국제,기타,인도,DEL,출발,정기,화물,0 ,0 ,0 ,0 ,0 ,0 ,0 ,0 
2026년,02월,UZB,HY,우즈베키스탄항공,국제,유럽,우즈베키스탄,TAS,도착,정기,여객,28 ,6169 ,81 ,171 ,84421 ,0 ,537 ,170310 
2026년,02월,UZB,HY,우즈베키스탄항공,국제,유럽,우즈베키스탄,TAS,출발,정기,여객,28 ,4882 ,70 ,300 ,167129 ,0 ,34093 ,173366 
2026년,02월,VJC,VJ,비엣제트항공,국제,동남아,베트남,CXR,도착,정기,여객,66 ,13710 ,75 ,10 ,41154 ,0 ,0 ,148730 
2026년,02월,VJC,VJ,비엣제트항공,국제,동남아,베트남,CXR,출발,정기,여객,66 ,13174 ,76 ,6 ,6 ,0 ,0 ,105741 
2026년,02월,VJC,VJ,비엣제트항공,국제,동남아,베트남,DAD,도착,정기,여객,65 ,13002 ,59 ,7 ,94196 ,0 ,0 ,146886 
2026년,02월,VJC,VJ,비엣제트항공,국제,동남아,베트남,DAD,출발,정기,여객,65 ,11976 ,62 ,23 ,3080 ,0 ,0 ,124508 
2026년,02월,VJC,VJ,비엣제트항공,국제,동남아,베트남,HAN,도착,정기,여객,56 ,9873 ,43 ,0 ,50220 ,0 ,0 ,153800 
2026년,02월,VJC,VJ,비엣제트항공,국제,동남아,베트남,HAN,출발,정기,여객,56 ,11088 ,58 ,11 ,30990 ,0 ,0 ,173032 
2026년,02월,VJC,VJ,비엣제트항공,국제,동남아,베트남,HPH,도착,정기,여객,28 ,5586 ,57 ,1 ,8824 ,0 ,0 ,114350 
2026년,02월,VJC,VJ,비엣제트항공,국제,동남아,베트남,HPH,출발,정기,여객,28 ,5354 ,88 ,2 ,0 ,0 ,0 ,108903 
2026년,02월,VJC,VJ,비엣제트항공,국제,동남아,베트남,PQC,도착,정기,여객,84 ,14623 ,104 ,11 ,0 ,0 ,0 ,161386 
2026년,02월,VJC,VJ,비엣제트항공,국제,동남아,베트남,PQC,출발,정기,여객,84 ,13189 ,95 ,4 ,0 ,0 ,0 ,114040 
2026년,02월,VJC,VJ,비엣제트항공,국제,동남아,베트남,SGN,도착,정기,여객,84 ,15238 ,99 ,0 ,45644 ,0 ,0 ,218723 
2026년,02월,VJC,VJ,비엣제트항공,국제,동남아,베트남,SGN,출발,정기,여객,84 ,14762 ,133 ,25 ,48789 ,0 ,2557 ,201870 
2026년,02월,VSV,DV,스캇항공,국제,유럽,카자흐스탄,CIT,도착,정기,여객,8 ,899 ,8 ,0 ,0 ,0 ,0 ,19710 
2026년,02월,VSV,DV,스캇항공,국제,유럽,카자흐스탄,CIT,출발,정기,여객,8 ,542 ,8 ,14 ,59 ,0 ,0 ,17249 
2026년,02월,XAX,D7,에어아시아엑스,국제,동남아,말레이시아,KUL,도착,정기,여객,54 ,17422 ,104 ,0 ,247340 ,0 ,10908 ,201508 
2026년,02월,XAX,D7,에어아시아엑스,국제,동남아,말레이시아,KUL,출발,정기,여객,54 ,16350 ,128 ,29 ,368667 ,0 ,0 ,208041 
2026년,03월,AAL,AA,아메리칸항공,국제,미주,미국,DFW,도착,정기,여객,31 ,7181 ,28 ,1004 ,17752 ,0 ,2638 ,174840 
2026년,03월,AAL,AA,아메리칸항공,국제,미주,미국,DFW,출발,정기,여객,31 ,6295 ,29 ,1575 ,260582 ,0 ,14990 ,172025 
2026년,03월,AAR,OZ,아시아나항공,국내,한국,한국,CJU,도착,부정기,여객,1 ,284 ,1 ,0 ,0 ,0 ,0 ,1641 
2026년,03월,AAR,OZ,아시아나항공,국제,일본,일본,CTS,도착,정기,여객,31 ,4430 ,12 ,710 ,0 ,0 ,0 ,79795 
2026년,03월,AAR,OZ,아시아나항공,국제,일본,일본,CTS,출발,정기,여객,31 ,4312 ,18 ,757 ,0 ,0 ,0 ,65263 
2026년,03월,AAR,OZ,아시아나항공,국제,일본,일본,FUK,도착,정기,여객,31 ,7678 ,174 ,716 ,66604 ,28345 ,0 ,112422 
2026년,03월,AAR,OZ,아시아나항공,국제,일본,일본,FUK,출발,정기,여객,31 ,7621 ,168 ,963 ,8054 ,91574 ,4404 ,92204 
2026년,03월,AAR,OZ,아시아나항공,국제,일본,일본,HND,도착,정기,여객,31 ,5989 ,10 ,2920 ,51330 ,0 ,0 ,110227 
2026년,03월,AAR,OZ,아시아나항공,국제,일본,일본,HND,출발,정기,여객,31 ,6289 ,23 ,2711 ,76685 ,18329 ,10678 ,122987 
2026년,03월,AAR,OZ,아시아나항공,국제,일본,일본,KIX,도착,정기,여객,93 ,13491 ,61 ,3706 ,45285 ,11147 ,0 ,217518 
2026년,03월,AAR,OZ,아시아나항공,국제,일본,일본,KIX,출발,정기,여객,93 ,12396 ,63 ,5509 ,34282 ,17662 ,30269 ,235538 
2026년,03월,AAR,OZ,아시아나항공,국제,일본,일본,KMI,도착,정기,여객,29 ,4533 ,13 ,167 ,0 ,0 ,0 ,82737 
2026년,03월,AAR,OZ,아시아나항공,국제,일본,일본,KMI,출발,정기,여객,29 ,4319 ,13 ,214 ,0 ,0 ,0 ,72142 
2026년,03월,AAR,OZ,아시아나항공,국제,일본,일본,NGO,도착,정기,여객,62 ,12391 ,87 ,1737 ,219 ,174 ,0 ,174433 
2026년,03월,AAR,OZ,아시아나항공,국제,일본,일본,NGO,출발,정기,여객,62 ,12732 ,82 ,2135 ,16836 ,112590 ,8690 ,184176 
2026년,03월,AAR,OZ,아시아나항공,국제,일본,일본,NRT,도착,정기,여객,93 ,22947 ,112 ,5355 ,321638 ,47317 ,0 ,379454 
2026년,03월,AAR,OZ,아시아나항공,국제,일본,일본,NRT,출발,정기,여객,93 ,21720 ,100 ,7553 ,199763 ,258471 ,61085 ,384742 
2026년,03월,AAR,OZ,아시아나항공,국제,일본,일본,OKA,도착,정기,여객,31 ,5220 ,161 ,777 ,53 ,0 ,0 ,92726 
2026년,03월,AAR,OZ,아시아나항공,국제,일본,일본,OKA,출발,정기,여객,31 ,4851 ,177 ,617 ,98 ,10435 ,0 ,64130 
2026년,03월,AAR,OZ,아시아나항공,국제,일본,일본,SDJ,도착,정기,여객,23 ,3502 ,17 ,534 ,25 ,0 ,0 ,48249 
2026년,03월,AAR,OZ,아시아나항공,국제,일본,일본,SDJ,출발,정기,여객,23 ,3359 ,22 ,495 ,36 ,0 ,0 ,52319 
2026년,03월,AAR,OZ,아시아나항공,국제,중국,중국,CAN,도착,정기,여객,62 ,13866 ,10 ,3031 ,359926 ,84292 ,16289 ,273803 
2026년,03월,AAR,OZ,아시아나항공,국제,중국,중국,CAN,출발,정기,여객,62 ,12589 ,32 ,3812 ,71227 ,15704 ,0 ,250911 
2026년,03월,AAR,OZ,아시아나항공,국제,중국,중국,CGQ,도착,정기,여객,31 ,4130 ,20 ,743 ,0 ,14057 ,430 ,77865 
2026년,03월,AAR,OZ,아시아나항공,국제,중국,중국,CGQ,출발,정기,여객,31 ,2734 ,13 ,466 ,289 ,0 ,0 ,44291 
2026년,03월,AAR,OZ,아시아나항공,국제,중국,중국,CKG,도착,정기,여객,2 ,315 ,0 ,40 ,166 ,0 ,0 ,4427 
2026년,03월,AAR,OZ,아시아나항공,국제,중국,중국,CKG,출발,정기,여객,3 ,348 ,0 ,43 ,772 ,21 ,0 ,4634 
2026년,03월,AAR,OZ,아시아나항공,국제,중국,중국,CSX,도착,정기,여객,18 ,2853 ,0 ,235 ,0 ,0 ,14576 ,39195 
2026년,03월,AAR,OZ,아시아나항공,국제,중국,중국,CSX,출발,정기,여객,18 ,2598 ,0 ,171 ,38 ,0 ,0 ,31637 
2026년,03월,AAR,OZ,아시아나항공,국제,중국,중국,DLC,도착,정기,여객,32 ,7483 ,22 ,776 ,110036 ,24068 ,71411 ,101054 
2026년,03월,AAR,OZ,아시아나항공,국제,중국,중국,DLC,출발,정기,여객,32 ,5385 ,18 ,592 ,66371 ,24433 ,0 ,60735 
2026년,03월,AAR,OZ,아시아나항공,국제,중국,중국,HGH,도착,정기,여객,31 ,8135 ,10 ,592 ,219698 ,38917 ,1329 ,118586 
2026년,03월,AAR,OZ,아시아나항공,국제,중국,중국,HGH,출발,정기,여객,31 ,7730 ,14 ,381 ,5501 ,1469 ,0 ,102345 
2026년,03월,AAR,OZ,아시아나항공,국제,중국,중국,HRB,도착,정기,여객,31 ,4403 ,27 ,520 ,898 ,5347 ,0 ,80955 
2026년,03월,AAR,OZ,아시아나항공,국제,중국,중국,HRB,출발,정기,여객,31 ,3311 ,31 ,325 ,0 ,0 ,0 ,52265 
2026년,03월,AAR,OZ,아시아나항공,국제,중국,중국,NKG,도착,정기,여객,15 ,2261 ,3 ,394 ,729 ,894 ,0 ,38373 
2026년,03월,AAR,OZ,아시아나항공,국제,중국,중국,NKG,출발,정기,여객,15 ,1980 ,7 ,230 ,148 ,0 ,0 ,30705 
2026년,03월,AAR,OZ,아시아나항공,국제,중국,중국,PEK,도착,정기,여객,82 ,12412 ,26 ,2607 ,24702 ,39914 ,4676 ,223650 
2026년,03월,AAR,OZ,아시아나항공,국제,중국,중국,PEK,출발,정기,여객,81 ,11721 ,16 ,1832 ,12615 ,2222 ,1187 ,198051 
2026년,03월,AAR,OZ,아시아나항공,국제,중국,중국,PVG,도착,정기,여객,116 ,23887 ,47 ,3643 ,416568 ,227778 ,0 ,358173 
2026년,03월,AAR,OZ,아시아나항공,국제,중국,중국,PVG,출발,정기,여객,116 ,20025 ,49 ,3429 ,199137 ,105642 ,0 ,286591 
2026년,03월,AAR,OZ,아시아나항공,국제,중국,중국,SZX,도착,정기,여객,31 ,8269 ,12 ,557 ,233609 ,123499 ,12771 ,110815 
2026년,03월,AAR,OZ,아시아나항공,국제,중국,중국,SZX,출발,정기,여객,31 ,8503 ,13 ,239 ,127789 ,35592 ,0 ,93172 
2026년,03월,AAR,OZ,아시아나항공,국제,중국,중국,TFU,도착,정기,여객,2 ,281 ,0 ,85 ,0 ,0 ,0 ,4643 
2026년,03월,AAR,OZ,아시아나항공,국제,중국,중국,TFU,출발,정기,여객,3 ,216 ,0 ,129 ,0 ,344 ,0 ,4822 
2026년,03월,AAR,OZ,아시아나항공,국제,중국,중국,TSN,도착,정기,여객,19 ,2878 ,3 ,453 ,3578 ,436 ,0 ,45902 
2026년,03월,AAR,OZ,아시아나항공,국제,중국,중국,TSN,출발,정기,여객,19 ,2176 ,3 ,418 ,110 ,4632 ,0 ,34108 
2026년,03월,AAR,OZ,아시아나항공,국제,중국,중국,XIY,도착,정기,여객,23 ,2943 ,1 ,613 ,0 ,310 ,0 ,51855 
2026년,03월,AAR,OZ,아시아나항공,국제,중국,중국,XIY,출발,정기,여객,23 ,2603 ,3 ,313 ,1171 ,2435 ,0 ,33721 
2026년,03월,AAR,OZ,아시아나항공,국제,중국,중국,YNJ,도착,정기,여객,31 ,5196 ,26 ,274 ,0 ,0 ,9514 ,92028 
2026년,03월,AAR,OZ,아시아나항공,국제,중국,중국,YNJ,출발,정기,여객,31 ,3796 ,19 ,209 ,133 ,0 ,0 ,47866 
2026년,03월,AAR,OZ,아시아나항공,국제,중국,중국,YNZ,도착,정기,여객,9 ,1266 ,1 ,33 ,0 ,0 ,0 ,22908 
2026년,03월,AAR,OZ,아시아나항공,국제,중국,중국,YNZ,출발,정기,여객,9 ,1257 ,0 ,10 ,0 ,0 ,0 ,21831 
2026년,03월,AAR,OZ,아시아나항공,국제,동북아,대만,TPE,도착,정기,여객,62 ,22007 ,75 ,1076 ,425162 ,59040 ,0 ,298294 
2026년,03월,AAR,OZ,아시아나항공,국제,동북아,대만,TPE,출발,정기,여객,62 ,20591 ,74 ,762 ,211252 ,66377 ,0 ,253770 
2026년,03월,AAR,OZ,아시아나항공,국제,동북아,홍콩,HKG,도착,정기,여객,62 ,12114 ,38 ,1684 ,213470 ,89021 ,0 ,183041 
2026년,03월,AAR,OZ,아시아나항공,국제,동북아,홍콩,HKG,출발,정기,여객,62 ,10118 ,26 ,1564 ,113057 ,29710 ,0 ,149866 
2026년,03월,AAR,OZ,아시아나항공,국제,동북아,몽골,UBN,도착,정기,여객,14 ,1934 ,21 ,311 ,208 ,424 ,0 ,41742 
2026년,03월,AAR,OZ,아시아나항공,국제,동북아,몽골,UBN,출발,정기,여객,13 ,1373 ,12 ,503 ,0 ,0 ,0 ,49157 
2026년,03월,AAR,OZ,아시아나항공,국제,동남아,베트남,DAD,도착,정기,여객,31 ,4711 ,15 ,1246 ,17298 ,595 ,0 ,106332 
2026년,03월,AAR,OZ,아시아나항공,국제,동남아,베트남,DAD,출발,정기,여객,31 ,4139 ,16 ,1057 ,4019 ,3153 ,0 ,65293 
2026년,03월,AAR,OZ,아시아나항공,국제,동남아,베트남,DAD,출발,부정기,여객,1 ,0 ,0 ,0 ,0 ,0 ,0 ,0 
2026년,03월,AAR,OZ,아시아나항공,국제,동남아,베트남,HAN,도착,정기,여객,62 ,17161 ,89 ,1669 ,345571 ,270226 ,0 ,317462 
2026년,03월,AAR,OZ,아시아나항공,국제,동남아,베트남,HAN,출발,정기,여객,62 ,15544 ,44 ,2495 ,122579 ,87309 ,0 ,230302 
2026년,03월,AAR,OZ,아시아나항공,국제,동남아,베트남,SGN,도착,정기,여객,62 ,6558 ,99 ,4729 ,11505 ,14302 ,0 ,314316 
2026년,03월,AAR,OZ,아시아나항공,국제,동남아,베트남,SGN,출발,정기,여객,62 ,5195 ,39 ,3970 ,2825 ,5598 ,0 ,199404 
2026년,03월,AAR,OZ,아시아나항공,국제,동남아,싱가포르,SIN,도착,정기,여객,31 ,7704 ,30 ,1428 ,201167 ,113698 ,0 ,129447 
2026년,03월,AAR,OZ,아시아나항공,국제,동남아,싱가포르,SIN,출발,정기,여객,31 ,6885 ,27 ,593 ,269756 ,22714 ,0 ,109864 
2026년,03월,AAR,OZ,아시아나항공,국제,동남아,인도네시아,CGK,도착,정기,여객,31 ,6510 ,50 ,1972 ,64269 ,68894 ,3083 ,150052 
2026년,03월,AAR,OZ,아시아나항공,국제,동남아,인도네시아,CGK,출발,정기,여객,31 ,5399 ,47 ,1113 ,186602 ,46627 ,0 ,139812 
2026년,03월,AAR,OZ,아시아나항공,국제,동남아,캄보디아,KTI,도착,정기,여객,27 ,4120 ,42 ,752 ,6417 ,9434 ,0 ,105402 
2026년,03월,AAR,OZ,아시아나항공,국제,동남아,캄보디아,KTI,출발,정기,여객,27 ,3050 ,54 ,682 ,106 ,0 ,0 ,82410 
2026년,03월,AAR,OZ,아시아나항공,국제,동남아,태국,BKK,도착,정기,여객,62 ,15546 ,46 ,4672 ,276979 ,6492 ,0 ,377663 
2026년,03월,AAR,OZ,아시아나항공,국제,동남아,태국,BKK,출발,정기,여객,62 ,15050 ,64 ,2564 ,93195 ,3486 ,0 ,313110 
2026년,03월,AAR,OZ,아시아나항공,국제,동남아,태국,HKT,도착,정기,여객,31 ,8252 ,47 ,822 ,95596 ,0 ,0 ,127744 
2026년,03월,AAR,OZ,아시아나항공,국제,동남아,태국,HKT,출발,정기,여객,31 ,7837 ,40 ,545 ,4008 ,4166 ,0 ,96824 
2026년,03월,AAR,OZ,아시아나항공,국제,동남아,필리핀,CEB,도착,정기,여객,29 ,3942 ,24 ,938 ,2102 ,351 ,0 ,75747 
2026년,03월,AAR,OZ,아시아나항공,국제,동남아,필리핀,CEB,출발,정기,여객,28 ,3217 ,30 ,715 ,0 ,3 ,0 ,55877 
2026년,03월,AAR,OZ,아시아나항공,국제,동남아,필리핀,CRK,도착,정기,여객,30 ,4232 ,9 ,933 ,0 ,0 ,0 ,101730 
2026년,03월,AAR,OZ,아시아나항공,국제,동남아,필리핀,CRK,출발,정기,여객,29 ,3376 ,3 ,694 ,231 ,0 ,0 ,81760 
2026년,03월,AAR,OZ,아시아나항공,국제,동남아,필리핀,MNL,도착,정기,여객,62 ,10475 ,38 ,7512 ,138970 ,170403 ,0 ,391891 
2026년,03월,AAR,OZ,아시아나항공,국제,동남아,필리핀,MNL,출발,정기,여객,62 ,9264 ,47 ,4916 ,322331 ,151929 ,0 ,317183 
2026년,03월,AAR,OZ,아시아나항공,국제,미주,미국,JFK,도착,정기,여객,32 ,3498 ,21 ,5898 ,29559 ,2958 ,0 ,239998 
2026년,03월,AAR,OZ,아시아나항공,국제,미주,미국,JFK,출발,정기,여객,34 ,3794 ,18 ,6612 ,137025 ,86917 ,0 ,307407 
2026년,03월,AAR,OZ,아시아나항공,국제,미주,미국,LAX,도착,정기,여객,31 ,6089 ,44 ,9000 ,70724 ,23716 ,0 ,357306 
2026년,03월,AAR,OZ,아시아나항공,국제,미주,미국,LAX,출발,정기,여객,31 ,4926 ,64 ,9683 ,84185 ,6299 ,0 ,430304 
2026년,03월,AAR,OZ,아시아나항공,국제,미주,미국,SEA,도착,정기,여객,23 ,2309 ,15 ,4383 ,16979 ,33308 ,0 ,150525 
2026년,03월,AAR,OZ,아시아나항공,국제,미주,미국,SEA,출발,정기,여객,23 ,1551 ,16 ,5016 ,18593 ,119911 ,0 ,178658 
2026년,03월,AAR,OZ,아시아나항공,국제,미주,미국,SFO,도착,정기,여객,31 ,3398 ,16 ,5862 ,78501 ,2390 ,0 ,209220 
2026년,03월,AAR,OZ,아시아나항공,국제,미주,미국,SFO,출발,정기,여객,31 ,2786 ,28 ,6225 ,122097 ,143189 ,0 ,235102 
2026년,03월,AAR,OZ,아시아나항공,국제,대양주,호주,MEL,도착,부정기,여객,12 ,3428 ,50 ,276 ,29568 ,0 ,0 ,69699 
2026년,03월,AAR,OZ,아시아나항공,국제,대양주,호주,MEL,출발,부정기,여객,12 ,2786 ,30 ,23 ,24652 ,67510 ,0 ,53735 
2026년,03월,AAR,OZ,아시아나항공,국제,대양주,호주,SYD,도착,정기,여객,31 ,13777 ,105 ,982 ,34791 ,170 ,0 ,254389 
2026년,03월,AAR,OZ,아시아나항공,국제,대양주,호주,SYD,출발,정기,여객,31 ,10279 ,68 ,530 ,148445 ,43785 ,2387 ,171130 
2026년,03월,AAR,OZ,아시아나항공,국제,대양주,하와이,HNL,도착,정기,여객,23 ,3129 ,21 ,3064 ,0 ,0 ,0 ,130136 
2026년,03월,AAR,OZ,아시아나항공,국제,대양주,하와이,HNL,출발,정기,여객,22 ,2681 ,19 ,2305 ,139349 ,8912 ,0 ,103143 
2026년,03월,AAR,OZ,아시아나항공,국제,유럽,독일,FRA,도착,정기,여객,18 ,4645 ,27 ,737 ,110864 ,54671 ,0 ,104089 
2026년,03월,AAR,OZ,아시아나항공,국제,유럽,독일,FRA,출발,정기,여객,18 ,4595 ,23 ,820 ,59272 ,34522 ,0 ,110456 
2026년,03월,AAR,OZ,아시아나항공,국제,유럽,스페인,BCN,도착,정기,여객,22 ,6046 ,9 ,938 ,105786 ,48899 ,0 ,134361 
2026년,03월,AAR,OZ,아시아나항공,국제,유럽,스페인,BCN,출발,정기,여객,22 ,5807 ,7 ,1201 ,54119 ,29500 ,0 ,112402 
2026년,03월,AAR,OZ,아시아나항공,국제,유럽,영국,LHR,도착,정기,여객,31 ,6366 ,27 ,3087 ,212163 ,89037 ,0 ,168514 
2026년,03월,AAR,OZ,아시아나항공,국제,유럽,영국,LHR,출발,정기,여객,31 ,5517 ,30 ,3825 ,115996 ,60651 ,0 ,178091 
2026년,03월,AAR,OZ,아시아나항공,국제,유럽,이탈리아,FCO,도착,정기,여객,17 ,3816 ,4 ,1270 ,153600 ,5262 ,0 ,95583 
2026년,03월,AAR,OZ,아시아나항공,국제,유럽,이탈리아,FCO,출발,정기,여객,18 ,4157 ,4 ,1283 ,24345 ,47465 ,0 ,91713 
2026년,03월,AAR,OZ,아시아나항공,국제,유럽,이탈리아,MXP,출발,정기,여객,1 ,252 ,2 ,52 ,3096 ,5008 ,0 ,5221 
2026년,03월,AAR,OZ,아시아나항공,국제,유럽,체코,PRG,도착,정기,여객,13 ,3041 ,4 ,892 ,97613 ,62468 ,0 ,67326 
2026년,03월,AAR,OZ,아시아나항공,국제,유럽,체코,PRG,출발,정기,여객,14 ,3314 ,8 ,951 ,75534 ,4726 ,0 ,72206 
2026년,03월,AAR,OZ,아시아나항공,국제,유럽,프랑스,CDG,도착,정기,여객,23 ,5563 ,13 ,1361 ,204981 ,51828 ,0 ,128811 
2026년,03월,AAR,OZ,아시아나항공,국제,유럽,프랑스,CDG,출발,정기,여객,22 ,4951 ,23 ,1746 ,82480 ,37055 ,3279 ,120481 
2026년,03월,AAR,OZ,아시아나항공,국제,유럽,우즈베키스탄,TAS,도착,정기,여객,1 ,259 ,1 ,11 ,0 ,0 ,0 ,8577 
2026년,03월,AAR,OZ,아시아나항공,국제,유럽,우즈베키스탄,TAS,출발,정기,여객,1 ,143 ,4 ,141 ,3522 ,613 ,0 ,5872 
2026년,03월,AAR,OZ,아시아나항공,국제,유럽,카자흐스탄,ALA,도착,정기,여객,1 ,230 ,1 ,28 ,0 ,0 ,0 ,3630 
2026년,03월,AAR,OZ,아시아나항공,국제,유럽,카자흐스탄,ALA,출발,정기,여객,2 ,298 ,2 ,270 ,125 ,146 ,0 ,11893 
2026년,03월,AAR,OZ,아시아나항공,국제,유럽,튀르키예,IST,도착,정기,여객,13 ,3462 ,4 ,364 ,139776 ,22762 ,0 ,66818 
2026년,03월,AAR,OZ,아시아나항공,국제,유럽,튀르키예,IST,출발,정기,여객,13 ,3080 ,6 ,688 ,52636 ,39517 ,0 ,65095 
2026년,03월,ABL,BX,에어 부산,국제,일본,일본,FUK,도착,정기,여객,62 ,13678 ,86 ,0 ,0 ,0 ,0 ,134145 
2026년,03월,ABL,BX,에어 부산,국제,일본,일본,FUK,출발,정기,여객,62 ,13353 ,99 ,40 ,0 ,0 ,0 ,107746 
2026년,03월,ABL,BX,에어 부산,국제,일본,일본,KIX,도착,정기,여객,93 ,17076 ,38 ,4 ,0 ,0 ,0 ,177175 
2026년,03월,ABL,BX,에어 부산,국제,일본,일본,KIX,출발,정기,여객,93 ,18178 ,39 ,73 ,0 ,0 ,0 ,165810 
2026년,03월,ABL,BX,에어 부산,국제,일본,일본,NRT,도착,정기,여객,62 ,11626 ,13 ,0 ,0 ,0 ,0 ,117593 
2026년,03월,ABL,BX,에어 부산,국제,일본,일본,NRT,출발,정기,여객,62 ,11678 ,13 ,16 ,34662 ,0 ,0 ,117017 
2026년,03월,ABL,BX,에어 부산,국제,동북아,홍콩,HKG,도착,부정기,여객,2 ,387 ,1 ,0 ,0 ,0 ,0 ,3947 
2026년,03월,ABL,BX,에어 부산,국제,동북아,홍콩,HKG,출발,부정기,여객,3 ,449 ,1 ,4 ,0 ,0 ,0 ,5042 
2026년,03월,ABL,BX,에어 부산,국제,동남아,베트남,CXR,도착,정기,여객,19 ,4272 ,27 ,1 ,0 ,0 ,0 ,50873 
2026년,03월,ABL,BX,에어 부산,국제,동남아,베트남,CXR,출발,정기,여객,19 ,4183 ,27 ,1 ,0 ,0 ,0 ,38368 
2026년,03월,ABL,BX,에어 부산,국제,동남아,태국,BKK,도착,정기,여객,29 ,6473 ,6 ,97 ,17157 ,0 ,0 ,76102 
2026년,03월,ABL,BX,에어 부산,국제,동남아,태국,BKK,출발,정기,여객,28 ,4941 ,4 ,30 ,0 ,0 ,0 ,54241 
2026년,03월,ABL,BX,에어 부산,국제,동남아,필리핀,TAG,도착,부정기,여객,17 ,3113 ,13 ,0 ,0 ,0 ,0 ,33797 
2026년,03월,ABL,BX,에어 부산,국제,동남아,필리핀,TAG,출발,부정기,여객,16 ,2554 ,9 ,4 ,0 ,0 ,0 ,26388 
2026년,03월,ACA,AC,캐나다항공,국제,미주,캐나다,YVR,도착,정기,여객,31 ,6947 ,40 ,2185 ,238601 ,0 ,1240 ,191247 
2026년,03월,ACA,AC,캐나다항공,국제,미주,캐나다,YVR,출발,정기,여객,31 ,6055 ,30 ,3150 ,261432 ,0 ,2667 ,268212 
2026년,03월,ACA,AC,캐나다항공,국제,미주,캐나다,YYZ,도착,정기,여객,22 ,3920 ,24 ,2593 ,99621 ,0 ,0 ,144438 
2026년,03월,ACA,AC,캐나다항공,국제,미주,캐나다,YYZ,출발,정기,여객,22 ,2965 ,25 ,3568 ,124194 ,0 ,3305 ,193389 
2026년,03월,AFR,AF,프랑스항공,국제,유럽,프랑스,CDG,도착,정기,여객,29 ,7723 ,26 ,583 ,383789 ,0 ,5020 ,139667 
2026년,03월,AFR,AF,프랑스항공,국제,유럽,프랑스,CDG,출발,정기,여객,29 ,7065 ,30 ,1040 ,294490 ,0 ,13060 ,156829 
2026년,03월,AHK,LD,에어홍콩,국제,동북아,홍콩,HKG,도착,정기,화물,26 ,0 ,0 ,0 ,1032889 ,102154 ,0 ,0 
2026년,03월,AHK,LD,에어홍콩,국제,동북아,홍콩,HKG,출발,정기,화물,26 ,0 ,0 ,0 ,1221009 ,0 ,0 ,0 
2026년,03월,AIC,AI,인도항공,국제,기타,인도,DEL,도착,정기,여객,22 ,4663 ,27 ,848 ,176199 ,0 ,0 ,151700 
2026년,03월,AIC,AI,인도항공,국제,기타,인도,DEL,출발,정기,여객,22 ,3011 ,10 ,48 ,264392 ,0 ,7805 ,75446 
2026년,03월,AIH,KJ,에어제타,국제,일본,일본,KIX,도착,정기,화물,20 ,0 ,0 ,0 ,213462 ,98499 ,0 ,0 
2026년,03월,AIH,KJ,에어제타,국제,일본,일본,KIX,출발,정기,화물,20 ,0 ,0 ,0 ,144705 ,92926 ,12366 ,0 
2026년,03월,AIH,KJ,에어제타,국제,일본,일본,NRT,도착,정기,화물,17 ,0 ,0 ,0 ,528143 ,310586 ,0 ,0 
2026년,03월,AIH,KJ,에어제타,국제,일본,일본,NRT,도착,부정기,화물,6 ,0 ,0 ,0 ,209727 ,226862 ,0 ,0 
2026년,03월,AIH,KJ,에어제타,국제,일본,일본,NRT,출발,정기,화물,17 ,0 ,0 ,0 ,648337 ,153014 ,23598 ,0 
2026년,03월,AIH,KJ,에어제타,국제,일본,일본,NRT,출발,부정기,화물,6 ,0 ,0 ,0 ,320883 ,100014 ,18526 ,0 
2026년,03월,AIH,KJ,에어제타,국제,중국,중국,CAN,도착,정기,화물,0 ,0 ,0 ,0 ,166136 ,959990 ,237 ,0 
2026년,03월,AIH,KJ,에어제타,국제,중국,중국,CTU,도착,정기,화물,17 ,0 ,0 ,0 ,191969 ,45449 ,0 ,0 
2026년,03월,AIH,KJ,에어제타,국제,중국,중국,CTU,출발,정기,화물,17 ,0 ,0 ,0 ,118143 ,28382 ,0 ,0 
2026년,03월,AIH,KJ,에어제타,국제,중국,중국,PVG,도착,정기,화물,41 ,0 ,0 ,0 ,1025243 ,1373485 ,0 ,0 
2026년,03월,AIH,KJ,에어제타,국제,중국,중국,PVG,출발,정기,화물,42 ,0 ,0 ,0 ,1026520 ,527732 ,0 ,0 
2026년,03월,AIH,KJ,에어제타,국제,중국,중국,TAO,도착,정기,화물,26 ,0 ,0 ,0 ,116157 ,367577 ,0 ,0 
2026년,03월,AIH,KJ,에어제타,국제,중국,중국,TAO,출발,정기,화물,26 ,0 ,0 ,0 ,210666 ,60098 ,0 ,0 
2026년,03월,AIH,KJ,에어제타,국제,중국,중국,TSN,도착,정기,화물,15 ,0 ,0 ,0 ,83060 ,149750 ,35996 ,0 
2026년,03월,AIH,KJ,에어제타,국제,중국,중국,TSN,출발,정기,화물,15 ,0 ,0 ,0 ,78782 ,119178 ,0 ,0 
2026년,03월,AIH,KJ,에어제타,국제,중국,중국,YNT,도착,정기,화물,46 ,0 ,0 ,0 ,565210 ,147985 ,5766 ,0 
2026년,03월,AIH,KJ,에어제타,국제,중국,중국,YNT,출발,정기,화물,46 ,0 ,0 ,0 ,434807 ,86618 ,0 ,0 
2026년,03월,AIH,KJ,에어제타,국제,동북아,홍콩,HKG,도착,정기,화물,35 ,0 ,0 ,0 ,390161 ,3276143 ,0 ,0 
2026년,03월,AIH,KJ,에어제타,국제,동북아,홍콩,HKG,도착,부정기,화물,4 ,0 ,0 ,0 ,31596 ,18629 ,0 ,0 
2026년,03월,AIH,KJ,에어제타,국제,동북아,홍콩,HKG,출발,정기,화물,35 ,0 ,0 ,0 ,727738 ,244246 ,79122 ,0 
2026년,03월,AIH,KJ,에어제타,국제,동북아,홍콩,HKG,출발,부정기,화물,4 ,0 ,0 ,0 ,44400 ,2350 ,0 ,0 
2026년,03월,AIH,KJ,에어제타,국제,동남아,베트남,HAN,도착,정기,화물,75 ,0 ,0 ,0 ,1000129 ,321657 ,0 ,0 
2026년,03월,AIH,KJ,에어제타,국제,동남아,베트남,HAN,도착,부정기,화물,6 ,0 ,0 ,0 ,0 ,594885 ,0 ,0 
2026년,03월,AIH,KJ,에어제타,국제,동남아,베트남,HAN,출발,정기,화물,77 ,0 ,0 ,0 ,2475142 ,380962 ,817 ,0 
2026년,03월,AIH,KJ,에어제타,국제,동남아,베트남,HAN,출발,부정기,화물,6 ,0 ,0 ,0 ,182545 ,46984 ,0 ,0 
2026년,03월,AIH,KJ,에어제타,국제,동남아,싱가포르,SIN,도착,부정기,화물,10 ,0 ,0 ,0 ,309764 ,188328 ,0 ,0 
2026년,03월,AIH,KJ,에어제타,국제,동남아,싱가포르,SIN,출발,부정기,화물,11 ,0 ,0 ,0 ,278866 ,480291 ,1629 ,0 
2026년,03월,AIH,KJ,에어제타,국제,동남아,태국,BKK,도착,부정기,화물,0 ,0 ,0 ,0 ,184557 ,127409 ,0 ,0 
2026년,03월,AIH,KJ,에어제타,국제,동남아,태국,BKK,출발,부정기,화물,0 ,0 ,0 ,0 ,9851 ,32873 ,493 ,0 
2026년,03월,AIH,KJ,에어제타,국제,미주,미국,ANC,도착,정기,화물,0 ,0 ,0 ,0 ,221010 ,210245 ,0 ,0 
2026년,03월,AIH,KJ,에어제타,국제,미주,미국,ANC,도착,부정기,화물,0 ,0 ,0 ,0 ,0 ,0 ,0 ,0 
2026년,03월,AIH,KJ,에어제타,국제,미주,미국,ANC,출발,정기,화물,0 ,0 ,0 ,0 ,12 ,0 ,0 ,0 
2026년,03월,AIH,KJ,에어제타,국제,미주,미국,ANC,출발,부정기,화물,0 ,0 ,0 ,0 ,0 ,0 ,0 ,0 
2026년,03월,AIH,KJ,에어제타,국제,미주,미국,ATL,도착,정기,화물,14 ,0 ,0 ,0 ,311400 ,274012 ,0 ,0 
2026년,03월,AIH,KJ,에어제타,국제,미주,미국,ATL,출발,정기,화물,13 ,0 ,0 ,0 ,121476 ,142513 ,0 ,0 
2026년,03월,AIH,KJ,에어제타,국제,미주,미국,DFW,출발,정기,화물,0 ,0 ,0 ,0 ,267139 ,318917 ,0 ,0 
2026년,03월,AIH,KJ,에어제타,국제,미주,미국,JFK,출발,정기,화물,0 ,0 ,0 ,0 ,284907 ,940569 ,2081 ,0 
2026년,03월,AIH,KJ,에어제타,국제,미주,미국,LAX,도착,정기,화물,4 ,0 ,0 ,0 ,146155 ,34830 ,0 ,0 
2026년,03월,AIH,KJ,에어제타,국제,미주,미국,LAX,도착,부정기,화물,3 ,0 ,0 ,0 ,78113 ,22530 ,0 ,0 
2026년,03월,AIH,KJ,에어제타,국제,미주,미국,LAX,출발,정기,화물,4 ,0 ,0 ,0 ,923320 ,1276822 ,0 ,0 
2026년,03월,AIH,KJ,에어제타,국제,미주,미국,LAX,출발,부정기,화물,5 ,0 ,0 ,0 ,145514 ,332927 ,0 ,0 
2026년,03월,AIH,KJ,에어제타,국제,미주,미국,ORD,도착,부정기,화물,3 ,0 ,0 ,0 ,149039 ,16142 ,0 ,0 
2026년,03월,AIH,KJ,에어제타,국제,미주,미국,ORD,출발,정기,화물,0 ,0 ,0 ,0 ,562522 ,1462378 ,2857 ,0 
2026년,03월,AIH,KJ,에어제타,국제,미주,미국,ORD,출발,부정기,화물,3 ,0 ,0 ,0 ,0 ,308892 ,0 ,0 
2026년,03월,AIH,KJ,에어제타,국제,미주,미국,SEA,도착,정기,화물,18 ,0 ,0 ,0 ,632188 ,180547 ,0 ,0 
2026년,03월,AIH,KJ,에어제타,국제,미주,미국,SEA,출발,정기,화물,18 ,0 ,0 ,0 ,0 ,1311 ,0 ,0 
2026년,03월,AIH,KJ,에어제타,국제,미주,미국,SFO,도착,정기,화물,25 ,0 ,0 ,0 ,1108391 ,374472 ,0 ,0 
2026년,03월,AIH,KJ,에어제타,국제,미주,미국,SFO,출발,정기,화물,25 ,0 ,0 ,0 ,57116 ,266789 ,0 ,0 
2026년,03월,AIH,KJ,에어제타,국제,유럽,독일,FRA,도착,정기,화물,27 ,0 ,0 ,0 ,1848162 ,264111 ,0 ,0 
2026년,03월,AIH,KJ,에어제타,국제,유럽,독일,FRA,출발,정기,화물,26 ,0 ,0 ,0 ,324393 ,885694 ,6298 ,0 
2026년,03월,AIH,KJ,에어제타,국제,유럽,벨기에,BRU,도착,정기,화물,14 ,0 ,0 ,0 ,920194 ,144702 ,0 ,0 
2026년,03월,AIH,KJ,에어제타,국제,유럽,벨기에,BRU,출발,정기,화물,13 ,0 ,0 ,0 ,0 ,0 ,0 ,0 
2026년,03월,AIH,KJ,에어제타,국제,유럽,영국,STN,출발,정기,화물,0 ,0 ,0 ,0 ,169531 ,404381 ,764 ,0 
2026년,03월,AIH,KJ,에어제타,국제,유럽,오스트리아,VIE,출발,정기,화물,0 ,0 ,0 ,0 ,455896 ,431893 ,0 ,0 
2026년,03월,AIH,KJ,에어제타,국제,유럽,이탈리아,MXP,도착,정기,화물,9 ,0 ,0 ,0 ,601936 ,130897 ,0 ,0 
2026년,03월,AIH,KJ,에어제타,국제,유럽,이탈리아,MXP,출발,정기,화물,9 ,0 ,0 ,0 ,90510 ,365551 ,0 ,0 
2026년,03월,AIH,KJ,에어제타,국제,유럽,카자흐스탄,ALA,출발,정기,화물,0 ,0 ,0 ,0 ,23031 ,49666 ,0 ,0 
2026년,03월,AJX,NQ,에어재팬,국제,일본,일본,NRT,도착,정기,여객,28 ,8581 ,39 ,0 ,172103 ,497 ,5333 ,59897 
2026년,03월,AJX,NQ,에어재팬,국제,일본,일본,NRT,출발,정기,여객,28 ,7900 ,50 ,17 ,152901 ,0 ,0 ,87642 
2026년,03월,ALK,UL,스리랑칸 에어라인즈,국제,기타,스리랑카,CMB,도착,정기,여객,9 ,2295 ,26 ,242 ,103761 ,0 ,166 ,67246 
2026년,03월,ALK,UL,스리랑칸 에어라인즈,국제,기타,스리랑카,CMB,출발,정기,여객,9 ,2009 ,30 ,100 ,89206 ,0 ,3862 ,67858 
2026년,03월,AMU,NX,마카오항공,국제,동북아,마카오,MFM,도착,정기,여객,60 ,9163 ,42 ,14 ,119175 ,0 ,1043 ,120954 
2026년,03월,AMU,NX,마카오항공,국제,동북아,마카오,MFM,도착,부정기,여객,2 ,266 ,0 ,0 ,1156 ,0 ,0 ,3101 
2026년,03월,AMU,NX,마카오항공,국제,동북아,마카오,MFM,출발,정기,여객,61 ,8126 ,31 ,8 ,10772 ,0 ,0 ,100483 
2026년,03월,AMU,NX,마카오항공,국제,동북아,마카오,MFM,출발,부정기,여객,2 ,215 ,0 ,1 ,0 ,0 ,0 ,3373 
2026년,03월,AMX,AM,아에로멕시코,국제,미주,멕시코,MEX,도착,정기,여객,20 ,3007 ,16 ,620 ,4949 ,0 ,0 ,67803 
2026년,03월,AMX,AM,아에로멕시코,국제,미주,멕시코,MEX,출발,정기,여객,23 ,5043 ,27 ,632 ,145045 ,0 ,0 ,147775 
2026년,03월,AMX,AM,아에로멕시코,국제,미주,멕시코,MTY,도착,정기,여객,3 ,2286 ,4 ,47 ,287 ,0 ,0 ,42813 
2026년,03월,ANA,NH,전일본항공,국제,일본,일본,NRT,도착,정기,화물,25 ,0 ,0 ,0 ,746264 ,4187 ,84774 ,0 
2026년,03월,ANA,NH,전일본항공,국제,일본,일본,NRT,출발,정기,화물,25 ,0 ,0 ,0 ,896187 ,0 ,14087 ,0 
2026년,03월,APG,Z2,필리핀에어아시아,국제,동남아,필리핀,MNL,도착,정기,여객,28 ,4744 ,37 ,0 ,2954 ,0 ,0 ,56104 
2026년,03월,APG,Z2,필리핀에어아시아,국제,동남아,필리핀,MNL,출발,정기,여객,28 ,3511 ,35 ,3 ,2460 ,0 ,0 ,67564 
2026년,03월,APJ,MM,피치 항공,국제,일본,일본,HND,도착,정기,여객,30 ,5356 ,3 ,0 ,0 ,0 ,0 ,45204 
2026년,03월,APJ,MM,피치 항공,국제,일본,일본,HND,출발,정기,여객,31 ,5398 ,4 ,0 ,0 ,0 ,0 ,67517 
2026년,03월,APJ,MM,피치 항공,국제,일본,일본,KIX,도착,정기,여객,124 ,20023 ,56 ,0 ,0 ,0 ,0 ,174394 
2026년,03월,APJ,MM,피치 항공,국제,일본,일본,KIX,출발,정기,여객,123 ,20608 ,63 ,0 ,9024 ,0 ,0 ,210226 
2026년,03월,APZ,YP,에어 프레미아,국제,일본,일본,NRT,도착,정기,여객,33 ,9790 ,46 ,515 ,307450 ,0 ,0 ,127762 
2026년,03월,APZ,YP,에어 프레미아,국제,일본,일본,NRT,출발,정기,여객,33 ,9410 ,50 ,997 ,343181 ,6405 ,34069 ,131771 
2026년,03월,APZ,YP,에어 프레미아,국제,동북아,홍콩,HKG,도착,정기,여객,22 ,6235 ,14 ,586 ,207657 ,0 ,1208 ,86974 
2026년,03월,APZ,YP,에어 프레미아,국제,동북아,홍콩,HKG,출발,정기,여객,22 ,5798 ,14 ,740 ,37728 ,1658 ,0 ,100490 
2026년,03월,APZ,YP,에어 프레미아,국제,동남아,베트남,DAD,도착,정기,여객,26 ,8123 ,40 ,105 ,382798 ,0 ,0 ,107318 
2026년,03월,APZ,YP,에어 프레미아,국제,동남아,베트남,DAD,출발,정기,여객,25 ,7471 ,41 ,72 ,4190 ,4846 ,0 ,78538 
2026년,03월,APZ,YP,에어 프레미아,국제,동남아,태국,BKK,도착,정기,여객,27 ,7940 ,35 ,835 ,410588 ,0 ,0 ,130777 
2026년,03월,APZ,YP,에어 프레미아,국제,동남아,태국,BKK,출발,정기,여객,27 ,6942 ,46 ,811 ,314124 ,26909 ,5990 ,123180 
2026년,03월,APZ,YP,에어 프레미아,국제,미주,미국,EWR,도착,정기,여객,31 ,6736 ,52 ,1854 ,50035 ,0 ,0 ,162867 
2026년,03월,APZ,YP,에어 프레미아,국제,미주,미국,EWR,출발,정기,여객,31 ,5894 ,50 ,1353 ,223407 ,75598 ,747 ,174859 
2026년,03월,APZ,YP,에어 프레미아,국제,미주,미국,LAX,도착,정기,여객,43 ,10785 ,76 ,701 ,375550 ,0 ,0 ,227384 
2026년,03월,APZ,YP,에어 프레미아,국제,미주,미국,LAX,도착,부정기,여객,1 ,119 ,0 ,0 ,4316 ,0 ,0 ,5122 
2026년,03월,APZ,YP,에어 프레미아,국제,미주,미국,LAX,출발,정기,여객,42 ,8662 ,44 ,1090 ,489257 ,85939 ,7245 ,228870 
2026년,03월,APZ,YP,에어 프레미아,국제,미주,미국,LAX,출발,부정기,화물,1 ,0 ,0 ,0 ,9889 ,4469 ,0 ,0 
2026년,03월,APZ,YP,에어 프레미아,국제,미주,미국,SFO,도착,정기,여객,18 ,4336 ,34 ,201 ,64202 ,0 ,0 ,81541 
2026년,03월,APZ,YP,에어 프레미아,국제,미주,미국,SFO,출발,정기,여객,18 ,4133 ,25 ,319 ,126578 ,33995 ,0 ,95354 
2026년,03월,APZ,YP,에어 프레미아,국제,대양주,하와이,HNL,도착,정기,여객,19 ,3815 ,21 ,84 ,0 ,0 ,0 ,72468 
2026년,03월,APZ,YP,에어 프레미아,국제,대양주,하와이,HNL,도착,부정기,여객,0 ,0 ,0 ,0 ,0 ,0 ,0 ,0 
2026년,03월,APZ,YP,에어 프레미아,국제,대양주,하와이,HNL,출발,정기,여객,18 ,3488 ,14 ,150 ,44551 ,158958 ,0 ,63509 
2026년,03월,ASA,AS,알래스카 항공,국제,미주,미국,SEA,도착,정기,여객,23 ,5198 ,26 ,1356 ,45262 ,0 ,769 ,152377 
2026년,03월,ASA,AS,알래스카 항공,국제,미주,미국,SEA,출발,정기,여객,22 ,4033 ,21 ,2154 ,250286 ,0 ,0 ,178917 
2026년,03월,ASV,RS,에어서울,국제,일본,일본,FUK,도착,정기,여객,58 ,11376 ,90 ,3 ,169 ,0 ,0 ,109737 
2026년,03월,ASV,RS,에어서울,국제,일본,일본,FUK,출발,정기,여객,58 ,11077 ,101 ,33 ,0 ,0 ,0 ,90919 
2026년,03월,ASV,RS,에어서울,국제,일본,일본,KIX,도착,정기,여객,68 ,13164 ,36 ,0 ,18404 ,0 ,0 ,126649 
2026년,03월,ASV,RS,에어서울,국제,일본,일본,KIX,도착,부정기,여객,1 ,202 ,0 ,0 ,1073 ,0 ,0 ,1783 
2026년,03월,ASV,RS,에어서울,국제,일본,일본,KIX,출발,정기,여객,69 ,13581 ,49 ,63 ,1866 ,0 ,0 ,129503 
2026년,03월,ASV,RS,에어서울,국제,일본,일본,KIX,출발,부정기,여객,1 ,212 ,0 ,0 ,0 ,0 ,0 ,2331 
2026년,03월,ASV,RS,에어서울,국제,일본,일본,NRT,도착,정기,여객,107 ,21124 ,64 ,23 ,69475 ,0 ,0 ,198410 
2026년,03월,ASV,RS,에어서울,국제,일본,일본,NRT,출발,정기,여객,107 ,21388 ,60 ,88 ,50059 ,0 ,0 ,216857 
2026년,03월,ASV,RS,에어서울,국제,일본,일본,TAK,도착,정기,여객,29 ,5749 ,22 ,0 ,0 ,0 ,0 ,56339 
2026년,03월,ASV,RS,에어서울,국제,일본,일본,TAK,출발,정기,여객,29 ,5412 ,15 ,7 ,0 ,0 ,0 ,47558 
2026년,03월,ASV,RS,에어서울,국제,일본,일본,YGJ,도착,정기,여객,30 ,5816 ,15 ,0 ,0 ,0 ,0 ,54325 
2026년,03월,ASV,RS,에어서울,국제,일본,일본,YGJ,출발,정기,여객,30 ,5784 ,20 ,5 ,0 ,0 ,0 ,47896 
2026년,03월,ASV,RS,에어서울,국제,중국,중국,DYG,도착,정기,여객,13 ,2119 ,0 ,0 ,0 ,0 ,0 ,26951 
2026년,03월,ASV,RS,에어서울,국제,중국,중국,DYG,출발,정기,여객,13 ,2314 ,0 ,0 ,0 ,0 ,0 ,25056 
2026년,03월,ASV,RS,에어서울,국제,동남아,베트남,CXR,도착,정기,여객,31 ,6138 ,51 ,2 ,25584 ,0 ,0 ,72431 
2026년,03월,ASV,RS,에어서울,국제,동남아,베트남,CXR,출발,정기,여객,31 ,5786 ,63 ,0 ,0 ,0 ,0 ,52483 
2026년,03월,ASV,RS,에어서울,국제,동남아,베트남,DAD,도착,정기,여객,31 ,6291 ,22 ,17 ,53052 ,0 ,0 ,68481 
2026년,03월,ASV,RS,에어서울,국제,동남아,베트남,DAD,출발,정기,여객,31 ,5787 ,25 ,37 ,0 ,0 ,0 ,43485 
2026년,03월,ASV,RS,에어서울,국제,대양주,괌,GUM,도착,정기,여객,20 ,2020 ,17 ,0 ,0 ,0 ,0 ,23978 
2026년,03월,ASV,RS,에어서울,국제,대양주,괌,GUM,출발,정기,여객,20 ,1747 ,16 ,9 ,0 ,0 ,0 ,27500 
2026년,03월,AXM,AK,에어아시아버하드,국제,동남아,말레이시아,BKI,도착,정기,여객,30 ,4953 ,23 ,0 ,0 ,0 ,0 ,47464 
2026년,03월,AXM,AK,에어아시아버하드,국제,동남아,말레이시아,BKI,출발,정기,여객,30 ,3703 ,27 ,15 ,0 ,0 ,0 ,40439 
2026년,03월,AZG,7L,실크웨이웨스트항공,국제,유럽,아제르바이잔,GYD,도착,정기,화물,9 ,0 ,0 ,0 ,843499 ,0 ,0 ,0 
2026년,03월,AZG,7L,실크웨이웨스트항공,국제,유럽,아제르바이잔,GYD,도착,부정기,화물,4 ,0 ,0 ,0 ,226832 ,0 ,0 ,0 
2026년,03월,AZG,7L,실크웨이웨스트항공,국제,유럽,아제르바이잔,GYD,출발,정기,화물,8 ,0 ,0 ,0 ,864429 ,0 ,0 ,0 
2026년,03월,AZG,7L,실크웨이웨스트항공,국제,유럽,아제르바이잔,GYD,출발,부정기,화물,3 ,0 ,0 ,0 ,316167 ,0 ,0 ,0 
2026년,03월,BOX,3S,에어로로직,국제,중국,중국,PVG,출발,정기,화물,0 ,0 ,0 ,0 ,0 ,0 ,0 ,0 
2026년,03월,BOX,3S,에어로로직,국제,동북아,홍콩,HKG,출발,정기,화물,0 ,0 ,0 ,0 ,82608 ,0 ,0 ,0 
2026년,03월,BOX,3S,에어로로직,국제,동북아,홍콩,HKG,출발,부정기,화물,1 ,0 ,0 ,0 ,0 ,0 ,0 ,0 
2026년,03월,BOX,3S,에어로로직,국제,유럽,독일,LEJ,도착,정기,화물,35 ,0 ,0 ,0 ,2659860 ,0 ,0 ,0 
2026년,03월,BOX,3S,에어로로직,국제,유럽,독일,LEJ,도착,부정기,화물,1 ,0 ,0 ,0 ,79586 ,0 ,0 ,0 
2026년,03월,BOX,3S,에어로로직,국제,유럽,독일,LEJ,출발,정기,화물,34 ,0 ,0 ,0 ,0 ,0 ,0 ,0 
2026년,03월,CAL,CI,중화항공,국제,동북아,대만,KHH,도착,정기,여객,31 ,4999 ,22 ,100 ,7557 ,0 ,0 ,71503 
2026년,03월,CAL,CI,중화항공,국제,동북아,대만,KHH,출발,정기,여객,31 ,4872 ,22 ,4 ,8840 ,0 ,0 ,91275 
2026년,03월,CAL,CI,중화항공,국제,동북아,대만,TPE,도착,정기,여객,62 ,15125 ,55 ,623 ,357536 ,0 ,11724 ,213414 
2026년,03월,CAL,CI,중화항공,국제,동북아,대만,TPE,출발,정기,여객,62 ,14980 ,56 ,251 ,423791 ,0 ,12930 ,272436 
2026년,03월,CBJ,JD,북경수도항공,국제,중국,중국,LJG,도착,부정기,여객,8 ,841 ,0 ,0 ,0 ,0 ,0 ,9735 
2026년,03월,CBJ,JD,북경수도항공,국제,중국,중국,LJG,출발,부정기,여객,8 ,970 ,0 ,0 ,0 ,0 ,0 ,10485 
2026년,03월,CCA,CA,중국국제항공,국제,중국,중국,CKG,도착,정기,여객,23 ,3631 ,8 ,35 ,19671 ,0 ,0 ,47233 
2026년,03월,CCA,CA,중국국제항공,국제,중국,중국,CKG,도착,부정기,여객,8 ,1201 ,2 ,9 ,3195 ,0 ,0 ,15641 
2026년,03월,CCA,CA,중국국제항공,국제,중국,중국,CKG,출발,정기,여객,23 ,3213 ,0 ,14 ,22538 ,0 ,0 ,40142 
2026년,03월,CCA,CA,중국국제항공,국제,중국,중국,CKG,출발,부정기,여객,8 ,1000 ,4 ,9 ,8097 ,0 ,0 ,12220 
2026년,03월,CCA,CA,중국국제항공,국제,중국,중국,HGH,도착,정기,여객,31 ,7010 ,12 ,51 ,169216 ,0 ,0 ,104514 
2026년,03월,CCA,CA,중국국제항공,국제,중국,중국,HGH,출발,정기,여객,31 ,6519 ,14 ,29 ,8921 ,0 ,0 ,91334 
2026년,03월,CCA,CA,중국국제항공,국제,중국,중국,PEK,도착,정기,여객,105 ,19911 ,58 ,1324 ,574666 ,0 ,1643 ,319141 
2026년,03월,CCA,CA,중국국제항공,국제,중국,중국,PEK,출발,정기,여객,105 ,17539 ,39 ,410 ,127312 ,0 ,5330 ,276640 
2026년,03월,CCA,CA,중국국제항공,국제,중국,중국,PKX,도착,정기,여객,31 ,3748 ,5 ,867 ,12205 ,0 ,0 ,61524 
2026년,03월,CCA,CA,중국국제항공,국제,중국,중국,PKX,출발,정기,여객,31 ,3986 ,3 ,37 ,0 ,0 ,0 ,57023 
2026년,03월,CCA,CA,중국국제항공,국제,중국,중국,TFU,도착,정기,여객,33 ,5530 ,9 ,112 ,35585 ,0 ,1509 ,88808 
2026년,03월,CCA,CA,중국국제항공,국제,중국,중국,TFU,출발,정기,여객,33 ,4497 ,4 ,52 ,25427 ,0 ,0 ,58793 
2026년,03월,CCA,CA,중국국제항공,국제,중국,중국,TSN,도착,정기,여객,31 ,4069 ,5 ,507 ,10329 ,0 ,0 ,57561 
2026년,03월,CCA,CA,중국국제항공,국제,중국,중국,TSN,출발,정기,여객,31 ,3888 ,3 ,45 ,3387 ,0 ,0 ,51728 
2026년,03월,CCA,CA,중국국제항공,국제,중국,중국,WNZ,도착,정기,여객,13 ,2002 ,3 ,2 ,2955 ,0 ,0 ,26759 
2026년,03월,CCA,CA,중국국제항공,국제,중국,중국,WNZ,출발,정기,여객,13 ,1868 ,3 ,7 ,0 ,0 ,0 ,25906 
2026년,03월,CCA,CA,중국국제항공,국제,중국,중국,YNJ,도착,정기,여객,31 ,4645 ,11 ,11 ,0 ,0 ,5967 ,75341 
2026년,03월,CCA,CA,중국국제항공,국제,중국,중국,YNJ,출발,정기,여객,31 ,3754 ,13 ,111 ,0 ,0 ,8135 ,51859 
2026년,03월,CDG,SC,산동항공,국제,중국,중국,SYX,도착,정기,여객,28 ,437 ,4 ,0 ,0 ,0 ,0 ,5840 
2026년,03월,CDG,SC,산동항공,국제,중국,중국,SYX,출발,정기,여객,28 ,463 ,2 ,1 ,0 ,0 ,0 ,5352 
2026년,03월,CDG,SC,산동항공,국제,중국,중국,TAO,도착,정기,여객,185 ,29365 ,31 ,406 ,232354 ,0 ,7415 ,444042 
2026년,03월,CDG,SC,산동항공,국제,중국,중국,TAO,출발,정기,여객,185 ,25626 ,29 ,370 ,5237 ,0 ,0 ,309254 
2026년,03월,CDG,SC,산동항공,국제,중국,중국,TNA,도착,정기,여객,67 ,14495 ,20 ,177 ,123327 ,0 ,0 ,193391 
2026년,03월,CDG,SC,산동항공,국제,중국,중국,TNA,출발,정기,여객,68 ,12832 ,11 ,190 ,4241 ,0 ,0 ,162798 
2026년,03월,CEB,5J,세부퍼시픽항공,국제,동남아,필리핀,CEB,도착,정기,여객,24 ,5250 ,38 ,6 ,7078 ,0 ,0 ,61982 
2026년,03월,CEB,5J,세부퍼시픽항공,국제,동남아,필리핀,CEB,출발,정기,여객,24 ,3473 ,30 ,4 ,385 ,0 ,0 ,48760 
2026년,03월,CEB,5J,세부퍼시픽항공,국제,동남아,필리핀,MNL,도착,정기,여객,62 ,18419 ,85 ,22 ,100214 ,0 ,0 ,239402 
2026년,03월,CEB,5J,세부퍼시픽항공,국제,동남아,필리핀,MNL,출발,정기,여객,62 ,13626 ,73 ,16 ,142829 ,0 ,0 ,233172 
2026년,03월,CES,MU,중국동방항공,국제,중국,중국,HGH,도착,정기,여객,31 ,5400 ,7 ,14 ,33231 ,0 ,0 ,60585 
2026년,03월,CES,MU,중국동방항공,국제,중국,중국,HGH,출발,정기,여객,31 ,5074 ,9 ,13 ,9662 ,0 ,0 ,67488 
2026년,03월,CES,MU,중국동방항공,국제,중국,중국,KMG,도착,정기,여객,18 ,2558 ,4 ,0 ,23243 ,0 ,0 ,38572 
2026년,03월,CES,MU,중국동방항공,국제,중국,중국,KMG,출발,정기,여객,18 ,2370 ,1 ,11 ,0 ,0 ,0 ,33355 
2026년,03월,CES,MU,중국동방항공,국제,중국,중국,NKG,도착,정기,여객,62 ,10273 ,16 ,120 ,103837 ,0 ,0 ,133631 
2026년,03월,CES,MU,중국동방항공,국제,중국,중국,NKG,출발,정기,여객,62 ,9528 ,4 ,182 ,8108 ,0 ,0 ,126941 
2026년,03월,CES,MU,중국동방항공,국제,중국,중국,PKX,도착,정기,여객,31 ,5266 ,5 ,30 ,8371 ,0 ,0 ,131314 
2026년,03월,CES,MU,중국동방항공,국제,중국,중국,PKX,출발,정기,여객,31 ,4486 ,4 ,18 ,0 ,0 ,0 ,99767 
2026년,03월,CES,MU,중국동방항공,국제,중국,중국,PVG,도착,정기,여객,137 ,31871 ,58 ,129 ,516993 ,0 ,0 ,492793 
2026년,03월,CES,MU,중국동방항공,국제,중국,중국,PVG,출발,정기,여객,137 ,30543 ,45 ,123 ,406588 ,0 ,3902 ,411948 
2026년,03월,CES,MU,중국동방항공,국제,중국,중국,TAO,도착,정기,여객,123 ,22521 ,34 ,167 ,251355 ,0 ,0 ,311670 
2026년,03월,CES,MU,중국동방항공,국제,중국,중국,TAO,출발,정기,여객,123 ,19014 ,33 ,147 ,3313 ,0 ,0 ,215972 
2026년,03월,CES,MU,중국동방항공,국제,중국,중국,WEH,도착,정기,여객,31 ,4457 ,22 ,258 ,36228 ,0 ,0 ,93944 
2026년,03월,CES,MU,중국동방항공,국제,중국,중국,WEH,출발,정기,여객,31 ,4276 ,15 ,205 ,21704 ,0 ,0 ,62016 
2026년,03월,CES,MU,중국동방항공,국제,중국,중국,WUX,도착,정기,여객,31 ,4748 ,8 ,3 ,47557 ,0 ,0 ,54100 
2026년,03월,CES,MU,중국동방항공,국제,중국,중국,WUX,출발,정기,여객,31 ,4731 ,10 ,9 ,537 ,0 ,0 ,58458 
2026년,03월,CES,MU,중국동방항공,국제,중국,중국,XIY,도착,정기,여객,57 ,1460 ,1 ,3 ,26189 ,0 ,0 ,18273 
2026년,03월,CES,MU,중국동방항공,국제,중국,중국,XIY,출발,정기,여객,58 ,1385 ,0 ,13 ,15208 ,0 ,0 ,17991 
2026년,03월,CES,MU,중국동방항공,국제,중국,중국,YNJ,도착,정기,여객,3 ,384 ,0 ,0 ,0 ,0 ,0 ,6263 
2026년,03월,CES,MU,중국동방항공,국제,중국,중국,YNJ,출발,정기,여객,3 ,337 ,2 ,0 ,0 ,0 ,0 ,3860 
2026년,03월,CES,MU,중국동방항공,국제,중국,중국,YNT,도착,정기,여객,61 ,11986 ,12 ,308 ,122521 ,0 ,0 ,173871 
2026년,03월,CES,MU,중국동방항공,국제,중국,중국,YNT,출발,정기,여객,60 ,10530 ,12 ,178 ,97026 ,0 ,0 ,124698 
2026년,03월,CHH,HU,중국해남항공,국제,중국,중국,HAK,도착,정기,여객,17 ,2713 ,5 ,4 ,7896 ,0 ,0 ,46461 
2026년,03월,CHH,HU,중국해남항공,국제,중국,중국,HAK,출발,정기,여객,17 ,1722 ,2 ,7 ,9 ,0 ,0 ,33274 
2026년,03월,CKK,CK,중국화물항공,국제,중국,중국,PVG,도착,정기,화물,13 ,0 ,0 ,0 ,1020844 ,54058 ,0 ,0 
2026년,03월,CKK,CK,중국화물항공,국제,중국,중국,PVG,출발,정기,화물,13 ,0 ,0 ,0 ,553004 ,0 ,0 ,0 
2026년,03월,CKS,K4,칼리타항공,국제,일본,일본,NGO,출발,정기,화물,0 ,0 ,0 ,0 ,1261648 ,0 ,0 ,0 
2026년,03월,CKS,K4,칼리타항공,국제,일본,일본,NRT,도착,정기,화물,0 ,0 ,0 ,0 ,303797 ,0 ,0 ,0 
2026년,03월,CKS,K4,칼리타항공,국제,일본,일본,NRT,도착,부정기,화물,0 ,0 ,0 ,0 ,22450 ,0 ,0 ,0 
2026년,03월,CKS,K4,칼리타항공,국제,중국,중국,CGO,도착,정기,화물,0 ,0 ,0 ,0 ,0 ,0 ,0 ,0 
2026년,03월,CKS,K4,칼리타항공,국제,중국,중국,PVG,출발,정기,화물,0 ,0 ,0 ,0 ,15352 ,0 ,0 ,0 
2026년,03월,CKS,K4,칼리타항공,국제,중국,중국,PVG,출발,부정기,화물,1 ,0 ,0 ,0 ,0 ,0 ,0 ,0 
2026년,03월,CKS,K4,칼리타항공,국제,중국,중국,XIY,출발,부정기,화물,0 ,0 ,0 ,0 ,0 ,0 ,0 ,0 
2026년,03월,CKS,K4,칼리타항공,국제,동북아,대만,TPE,도착,정기,화물,0 ,0 ,0 ,0 ,0 ,0 ,0 ,0 
2026년,03월,CKS,K4,칼리타항공,국제,동북아,홍콩,HKG,도착,정기,화물,1 ,0 ,0 ,0 ,0 ,0 ,0 ,0 
2026년,03월,CKS,K4,칼리타항공,국제,동북아,홍콩,HKG,출발,정기,화물,0 ,0 ,0 ,0 ,1043579 ,0 ,0 ,0 
2026년,03월,CKS,K4,칼리타항공,국제,동북아,홍콩,HKG,출발,부정기,화물,1 ,0 ,0 ,0 ,10364 ,0 ,0 ,0 
2026년,03월,CKS,K4,칼리타항공,국제,동남아,베트남,HAN,도착,정기,화물,8 ,0 ,0 ,0 ,31390 ,0 ,0 ,0 
2026년,03월,CKS,K4,칼리타항공,국제,동남아,베트남,HAN,도착,부정기,화물,1 ,0 ,0 ,0 ,9030 ,0 ,0 ,0 
2026년,03월,CKS,K4,칼리타항공,국제,동남아,베트남,HAN,출발,정기,화물,6 ,0 ,0 ,0 ,0 ,0 ,0 ,0 
2026년,03월,CKS,K4,칼리타항공,국제,동남아,베트남,HAN,출발,부정기,화물,15 ,0 ,0 ,0 ,0 ,0 ,0 ,0 
2026년,03월,CKS,K4,칼리타항공,국제,동남아,싱가포르,SIN,출발,부정기,화물,3 ,0 ,0 ,0 ,0 ,0 ,0 ,0 
2026년,03월,CKS,K4,칼리타항공,국제,미주,미국,ANC,도착,정기,화물,1 ,0 ,0 ,0 ,0 ,0 ,0 ,0 
2026년,03월,CKS,K4,칼리타항공,국제,미주,미국,ANC,도착,부정기,화물,0 ,0 ,0 ,0 ,0 ,0 ,0 ,0 
2026년,03월,CKS,K4,칼리타항공,국제,미주,미국,ANC,출발,정기,화물,27 ,0 ,0 ,0 ,32199 ,0 ,0 ,0 
2026년,03월,CKS,K4,칼리타항공,국제,미주,미국,ANC,출발,부정기,화물,2 ,0 ,0 ,0 ,111083 ,0 ,0 ,0 
2026년,03월,CKS,K4,칼리타항공,국제,미주,미국,CVG,도착,정기,화물,36 ,0 ,0 ,0 ,673310 ,0 ,0 ,0 
2026년,03월,CKS,K4,칼리타항공,국제,미주,미국,CVG,도착,부정기,화물,3 ,0 ,0 ,0 ,45835 ,0 ,0 ,0 
2026년,03월,CKS,K4,칼리타항공,국제,미주,미국,CVG,출발,정기,화물,60 ,0 ,0 ,0 ,65830 ,0 ,0 ,0 
2026년,03월,CKS,K4,칼리타항공,국제,미주,미국,DFW,도착,정기,화물,1 ,0 ,0 ,0 ,0 ,0 ,0 ,0 
2026년,03월,CKS,K4,칼리타항공,국제,미주,미국,DTW,도착,정기,화물,1 ,0 ,0 ,0 ,0 ,0 ,0 ,0 
2026년,03월,CKS,K4,칼리타항공,국제,미주,미국,LAX,도착,정기,화물,23 ,0 ,0 ,0 ,228515 ,0 ,0 ,0 
2026년,03월,CKS,K4,칼리타항공,국제,미주,미국,LAX,도착,부정기,화물,11 ,0 ,0 ,0 ,1584 ,0 ,0 ,0 
2026년,03월,CKS,K4,칼리타항공,국제,미주,미국,ORD,도착,정기,화물,34 ,0 ,0 ,0 ,206219 ,0 ,0 ,0 
2026년,03월,CKS,K4,칼리타항공,국제,미주,미국,ORD,도착,부정기,화물,7 ,0 ,0 ,0 ,0 ,0 ,0 ,0 
2026년,03월,CKS,K4,칼리타항공,국제,미주,미국,ORD,출발,정기,화물,17 ,0 ,0 ,0 ,0 ,0 ,0 ,0 
2026년,03월,CKS,K4,칼리타항공,국제,미주,미국,ORD,출발,부정기,화물,1 ,0 ,0 ,0 ,0 ,0 ,0 ,0 
2026년,03월,CKS,K4,칼리타항공,국제,미주,미국,OSC,도착,정기,화물,1 ,0 ,0 ,0 ,0 ,0 ,0 ,0 
2026년,03월,CKS,K4,칼리타항공,국제,미주,미국,OSC,도착,부정기,화물,2 ,0 ,0 ,0 ,0 ,0 ,0 ,0 
2026년,03월,CKS,K4,칼리타항공,국제,미주,미국,SUU,도착,부정기,화물,0 ,0 ,0 ,0 ,0 ,0 ,0 ,0 
2026년,03월,CLX,CV,카고룩스항공,국제,일본,일본,NRT,도착,정기,화물,0 ,0 ,0 ,0 ,0 ,0 ,0 ,0 
2026년,03월,CLX,CV,카고룩스항공,국제,동남아,태국,BKK,도착,정기,화물,0 ,0 ,0 ,0 ,0 ,0 ,0 ,0 
2026년,03월,CLX,CV,카고룩스항공,국제,유럽,룩셈부르크,LUX,도착,정기,화물,13 ,0 ,0 ,0 ,536186 ,0 ,0 ,0 
2026년,03월,CLX,CV,카고룩스항공,국제,유럽,룩셈부르크,LUX,출발,정기,화물,13 ,0 ,0 ,0 ,1025543 ,40 ,0 ,0 
2026년,03월,CLX,CV,카고룩스항공,국제,유럽,아제르바이잔,GYD,출발,정기,화물,0 ,0 ,0 ,0 ,159557 ,0 ,0 ,0 
2026년,03월,CPA,CX,캐세이퍼시픽항공,국제,일본,일본,KIX,도착,정기,화물,0 ,0 ,0 ,0 ,0 ,0 ,0 ,0 
2026년,03월,CPA,CX,캐세이퍼시픽항공,국제,일본,일본,KIX,출발,정기,화물,0 ,0 ,0 ,0 ,0 ,0 ,0 ,0 
2026년,03월,CPA,CX,캐세이퍼시픽항공,국제,동북아,홍콩,HKG,도착,정기,화물,13 ,0 ,0 ,0 ,479576 ,0 ,945 ,0 
2026년,03월,CPA,CX,캐세이퍼시픽항공,국제,동북아,홍콩,HKG,도착,정기,여객,126 ,38019 ,119 ,1005 ,827182 ,0 ,69295 ,570271 
2026년,03월,CPA,CX,캐세이퍼시픽항공,국제,동북아,홍콩,HKG,출발,정기,화물,13 ,0 ,0 ,0 ,371616 ,0 ,0 ,0 
2026년,03월,CPA,CX,캐세이퍼시픽항공,국제,동북아,홍콩,HKG,출발,정기,여객,126 ,30995 ,87 ,405 ,479051 ,0 ,6558 ,538838 
2026년,03월,CQH,9C,춘추항공,국제,중국,중국,PVG,도착,정기,여객,18 ,3294 ,2 ,0 ,11828 ,0 ,2300 ,30229 
2026년,03월,CQH,9C,춘추항공,국제,중국,중국,PVG,출발,정기,여객,18 ,3055 ,3 ,2 ,0 ,0 ,2866 ,31922 
2026년,03월,CQH,9C,춘추항공,국제,중국,중국,SJW,도착,정기,여객,9 ,1571 ,4 ,0 ,0 ,0 ,0 ,16463 
2026년,03월,CQH,9C,춘추항공,국제,중국,중국,SJW,출발,정기,여객,9 ,1318 ,3 ,2 ,0 ,0 ,0 ,14063 
2026년,03월,CQH,9C,춘추항공,국제,중국,중국,YTY,도착,정기,여객,9 ,1547 ,2 ,0 ,0 ,0 ,0 ,16390 
2026년,03월,CQH,9C,춘추항공,국제,중국,중국,YTY,출발,정기,여객,9 ,1390 ,2 ,4 ,0 ,0 ,0 ,16898 
2026년,03월,CRK,HX,홍콩항공,국제,동북아,홍콩,HKG,도착,정기,여객,38 ,6733 ,15 ,91 ,27106 ,615 ,0 ,82695 
2026년,03월,CRK,HX,홍콩항공,국제,동북아,홍콩,HKG,도착,부정기,여객,15 ,2536 ,2 ,19 ,13106 ,461 ,0 ,29625 
2026년,03월,CRK,HX,홍콩항공,국제,동북아,홍콩,HKG,출발,정기,여객,38 ,5870 ,11 ,14 ,21799 ,0 ,0 ,90651 
2026년,03월,CRK,HX,홍콩항공,국제,동북아,홍콩,HKG,출발,부정기,여객,15 ,2045 ,1 ,48 ,6295 ,0 ,0 ,24782 
2026년,03월,CSC,3U,사천항공,국제,중국,중국,DYG,도착,정기,여객,31 ,4600 ,0 ,0 ,283 ,0 ,0 ,59318 
2026년,03월,CSC,3U,사천항공,국제,중국,중국,DYG,출발,정기,여객,31 ,5118 ,0 ,0 ,0 ,0 ,0 ,54435 
2026년,03월,CSC,3U,사천항공,국제,중국,중국,TFU,도착,정기,여객,13 ,2332 ,5 ,0 ,6951 ,0 ,0 ,34153 
2026년,03월,CSC,3U,사천항공,국제,중국,중국,TFU,출발,정기,여객,13 ,1769 ,4 ,9 ,8786 ,0 ,0 ,25080 
2026년,03월,CSH,FM,상하이 항공,국제,중국,중국,PVG,도착,정기,여객,31 ,4964 ,4 ,21 ,25171 ,0 ,0 ,62761 
2026년,03월,CSH,FM,상하이 항공,국제,중국,중국,PVG,출발,정기,여객,31 ,4830 ,9 ,120 ,46 ,0 ,0 ,84974 
2026년,03월,CSN,CZ,중국남방항공,국제,중국,중국,CAN,도착,정기,여객,93 ,18294 ,56 ,122 ,312525 ,0 ,9614 ,317995 
2026년,03월,CSN,CZ,중국남방항공,국제,중국,중국,CAN,출발,정기,여객,93 ,17015 ,72 ,195 ,51056 ,0 ,5607 ,286695 
2026년,03월,CSN,CZ,중국남방항공,국제,중국,중국,CGO,도착,정기,여객,18 ,2713 ,5 ,1 ,6826 ,0 ,0 ,34752 
2026년,03월,CSN,CZ,중국남방항공,국제,중국,중국,CGO,출발,정기,여객,18 ,2404 ,1 ,25 ,370 ,0 ,0 ,31612 
2026년,03월,CSN,CZ,중국남방항공,국제,중국,중국,CGQ,도착,정기,여객,34 ,4302 ,15 ,23 ,3319 ,0 ,2095 ,63878 
2026년,03월,CSN,CZ,중국남방항공,국제,중국,중국,CGQ,도착,부정기,여객,13 ,1885 ,2 ,3 ,0 ,0 ,0 ,29984 
2026년,03월,CSN,CZ,중국남방항공,국제,중국,중국,CGQ,출발,정기,여객,34 ,3668 ,13 ,28 ,279 ,0 ,4810 ,49791 
2026년,03월,CSN,CZ,중국남방항공,국제,중국,중국,CGQ,출발,부정기,여객,13 ,563 ,1 ,13 ,0 ,0 ,0 ,7766 
2026년,03월,CSN,CZ,중국남방항공,국제,중국,중국,CSX,도착,정기,여객,9 ,1361 ,1 ,4 ,4154 ,0 ,0 ,16543 
2026년,03월,CSN,CZ,중국남방항공,국제,중국,중국,CSX,출발,정기,여객,9 ,1014 ,0 ,2 ,219 ,0 ,0 ,12089 
2026년,03월,CSN,CZ,중국남방항공,국제,중국,중국,DLC,도착,정기,여객,93 ,15340 ,24 ,47 ,99333 ,0 ,1011 ,213509 
2026년,03월,CSN,CZ,중국남방항공,국제,중국,중국,DLC,출발,정기,여객,93 ,12727 ,30 ,208 ,39109 ,0 ,6246 ,140094 
2026년,03월,CSN,CZ,중국남방항공,국제,중국,중국,HRB,도착,정기,여객,30 ,4059 ,21 ,30 ,6584 ,0 ,172 ,62617 
2026년,03월,CSN,CZ,중국남방항공,국제,중국,중국,HRB,출발,정기,여객,30 ,2383 ,11 ,70 ,154 ,0 ,5013 ,35488 
2026년,03월,CSN,CZ,중국남방항공,국제,중국,중국,PKX,도착,정기,여객,31 ,5739 ,10 ,2 ,10230 ,0 ,0 ,128773 
2026년,03월,CSN,CZ,중국남방항공,국제,중국,중국,PKX,출발,정기,여객,31 ,5320 ,5 ,76 ,23429 ,0 ,0 ,123646 
2026년,03월,CSN,CZ,중국남방항공,국제,중국,중국,PVG,도착,정기,여객,62 ,10560 ,9 ,17 ,135838 ,0 ,0 ,130164 
2026년,03월,CSN,CZ,중국남방항공,국제,중국,중국,PVG,출발,정기,여객,62 ,9742 ,8 ,135 ,7869 ,0 ,3977 ,114341 
2026년,03월,CSN,CZ,중국남방항공,국제,중국,중국,SHE,도착,정기,여객,62 ,10068 ,23 ,41 ,25262 ,0 ,3563 ,140695 
2026년,03월,CSN,CZ,중국남방항공,국제,중국,중국,SHE,출발,정기,여객,62 ,8468 ,21 ,180 ,4232 ,0 ,0 ,111233 
2026년,03월,CSN,CZ,중국남방항공,국제,중국,중국,SZX,도착,정기,여객,31 ,5067 ,6 ,12 ,23567 ,0 ,0 ,67161 
2026년,03월,CSN,CZ,중국남방항공,국제,중국,중국,SZX,출발,정기,여객,31 ,4746 ,6 ,5 ,4048 ,0 ,0 ,63500 
2026년,03월,CSN,CZ,중국남방항공,국제,중국,중국,YNJ,도착,정기,여객,29 ,4484 ,15 ,0 ,530 ,0 ,7426 ,72268 
2026년,03월,CSN,CZ,중국남방항공,국제,중국,중국,YNJ,출발,정기,여객,29 ,3818 ,18 ,8 ,0 ,0 ,10752 ,51540 
2026년,03월,CSS,O3,슌펑(순풍) 항공,국제,중국,중국,EHU,도착,정기,화물,22 ,0 ,0 ,0 ,497620 ,0 ,0 ,0 
2026년,03월,CSS,O3,슌펑(순풍) 항공,국제,중국,중국,EHU,출발,정기,화물,22 ,0 ,0 ,0 ,134109 ,0 ,0 ,0 
2026년,03월,CSS,O3,슌펑(순풍) 항공,국제,중국,중국,YNT,도착,정기,화물,22 ,0 ,0 ,0 ,386283 ,0 ,0 ,0 
2026년,03월,CSS,O3,슌펑(순풍) 항공,국제,중국,중국,YNT,출발,정기,화물,22 ,0 ,0 ,0 ,258371 ,0 ,0 ,0 
2026년,03월,CSZ,ZH,심천항공,국제,중국,중국,SZX,도착,정기,여객,62 ,9171 ,8 ,112 ,64520 ,0 ,0 ,112510 
2026년,03월,CSZ,ZH,심천항공,국제,중국,중국,SZX,출발,정기,여객,62 ,8509 ,5 ,58 ,9225 ,0 ,0 ,109199 
2026년,03월,CSZ,ZH,심천항공,국제,중국,중국,WUX,도착,정기,여객,13 ,1998 ,4 ,0 ,13976 ,0 ,0 ,23572 
2026년,03월,CSZ,ZH,심천항공,국제,중국,중국,WUX,출발,정기,여객,13 ,1879 ,5 ,3 ,0 ,0 ,0 ,25146 
2026년,03월,CXA,MF,중국하문항공,국제,중국,중국,FOC,도착,정기,여객,31 ,5017 ,10 ,48 ,1734 ,0 ,0 ,72288 
2026년,03월,CXA,MF,중국하문항공,국제,중국,중국,FOC,출발,정기,여객,31 ,3505 ,6 ,175 ,7 ,0 ,0 ,56212 
2026년,03월,CXA,MF,중국하문항공,국제,중국,중국,XMN,도착,정기,여객,31 ,4913 ,17 ,96 ,32992 ,0 ,0 ,64698 
2026년,03월,CXA,MF,중국하문항공,국제,중국,중국,XMN,출발,정기,여객,31 ,4867 ,7 ,40 ,15181 ,0 ,0 ,64673 
2026년,03월,CYZ,CF,중국우정항공,국제,중국,중국,CGO,도착,정기,화물,13 ,0 ,0 ,0 ,197132 ,0 ,4012 ,0 
2026년,03월,CYZ,CF,중국우정항공,국제,중국,중국,CGO,출발,정기,화물,13 ,0 ,0 ,0 ,102418 ,0 ,2928 ,0 
2026년,03월,CYZ,CF,중국우정항공,국제,중국,중국,XIY,도착,정기,화물,13 ,0 ,0 ,0 ,186183 ,0 ,150 ,0 
2026년,03월,CYZ,CF,중국우정항공,국제,중국,중국,XIY,출발,정기,화물,13 ,0 ,0 ,0 ,136124 ,0 ,0 ,0 
2026년,03월,DAL,DL,델타항공,국제,미주,미국,ATL,도착,정기,여객,62 ,8976 ,84 ,7602 ,82901 ,121 ,1149 ,429030 
2026년,03월,DAL,DL,델타항공,국제,미주,미국,ATL,출발,정기,여객,62 ,7767 ,46 ,8902 ,659951 ,0 ,0 ,492620 
2026년,03월,DAL,DL,델타항공,국제,미주,미국,ATL,출발,부정기,화물,1 ,0 ,0 ,0 ,15253 ,0 ,0 ,0 
2026년,03월,DAL,DL,델타항공,국제,미주,미국,DTW,도착,정기,여객,31 ,4196 ,44 ,4129 ,102012 ,0 ,2 ,197740 
2026년,03월,DAL,DL,델타항공,국제,미주,미국,DTW,출발,정기,여객,31 ,3087 ,19 ,5430 ,369118 ,0 ,0 ,246460 
2026년,03월,DAL,DL,델타항공,국제,미주,미국,LAX,출발,부정기,화물,2 ,0 ,0 ,0 ,14945 ,0 ,0 ,0 
2026년,03월,DAL,DL,델타항공,국제,미주,미국,MSP,도착,정기,여객,29 ,3653 ,40 ,4187 ,89602 ,0 ,0 ,175200 
2026년,03월,DAL,DL,델타항공,국제,미주,미국,MSP,출발,정기,여객,29 ,3008 ,18 ,4857 ,346250 ,0 ,0 ,216940 
2026년,03월,DAL,DL,델타항공,국제,미주,미국,SEA,도착,정기,여객,31 ,5048 ,30 ,3997 ,52407 ,0 ,598 ,199060 
2026년,03월,DAL,DL,델타항공,국제,미주,미국,SEA,출발,정기,여객,31 ,3894 ,34 ,4702 ,315487 ,0 ,0 ,229660 
2026년,03월,DAL,DL,델타항공,국제,미주,미국,SEA,출발,부정기,화물,2 ,0 ,0 ,0 ,34857 ,0 ,0 ,0 
2026년,03월,DAL,DL,델타항공,국제,미주,미국,SLC,도착,정기,여객,15 ,2230 ,29 ,1922 ,46570 ,0 ,0 ,90820 
2026년,03월,DAL,DL,델타항공,국제,미주,미국,SLC,출발,정기,여객,15 ,1839 ,16 ,2131 ,181322 ,0 ,0 ,104740 
2026년,03월,DHK,D0,DHL AIR LIMITED,국제,동북아,홍콩,HKG,출발,부정기,화물,0 ,0 ,0 ,0 ,2203 ,7006 ,0 ,0 
2026년,03월,DHK,D0,DHL AIR LIMITED,국제,유럽,독일,LEJ,출발,부정기,화물,0 ,0 ,0 ,0 ,0 ,0 ,0 ,0 
2026년,03월,DHK,D0,DHL AIR LIMITED,국제,유럽,영국,EMA,도착,부정기,화물,1 ,0 ,0 ,0 ,74466 ,0 ,0 ,0 
2026년,03월,DHK,D0,DHL AIR LIMITED,국제,유럽,영국,EMA,출발,부정기,화물,1 ,0 ,0 ,0 ,0 ,0 ,0 ,0 
2026년,03월,DLH,LH,루프트한자항공,국제,유럽,독일,FRA,도착,정기,여객,31 ,8715 ,53 ,170 ,293317 ,0 ,13615 ,142649 
2026년,03월,DLH,LH,루프트한자항공,국제,유럽,독일,FRA,출발,정기,여객,31 ,8211 ,44 ,706 ,197213 ,0 ,2531 ,181417 
2026년,03월,DLH,LH,루프트한자항공,국제,유럽,독일,MUC,도착,정기,여객,23 ,6455 ,22 ,155 ,239897 ,0 ,41 ,106612 
2026년,03월,DLH,LH,루프트한자항공,국제,유럽,독일,MUC,출발,정기,여객,23 ,6036 ,37 ,532 ,207164 ,0 ,0 ,126618 
2026년,03월,EOK,RF,에어로케이,국제,일본,일본,IBR,도착,정기,여객,13 ,1516 ,7 ,0 ,0 ,0 ,0 ,15853 
2026년,03월,EOK,RF,에어로케이,국제,일본,일본,IBR,출발,정기,여객,13 ,1407 ,14 ,2 ,0 ,0 ,0 ,17031 
2026년,03월,EOK,RF,에어로케이,국제,일본,일본,KIX,도착,정기,여객,61 ,9540 ,16 ,0 ,0 ,0 ,0 ,85785 
2026년,03월,EOK,RF,에어로케이,국제,일본,일본,KIX,출발,정기,여객,62 ,8907 ,8 ,62 ,0 ,0 ,0 ,85021 
2026년,03월,EOK,RF,에어로케이,국제,일본,일본,OBO,도착,정기,여객,8 ,1123 ,2 ,0 ,0 ,0 ,0 ,10744 
2026년,03월,EOK,RF,에어로케이,국제,일본,일본,OBO,출발,정기,여객,8 ,1077 ,2 ,0 ,0 ,0 ,0 ,10650 
2026년,03월,EOK,RF,에어로케이,국제,중국,중국,TNA,도착,정기,여객,1 ,151 ,0 ,0 ,0 ,0 ,0 ,1560 
2026년,03월,EOK,RF,에어로케이,국제,중국,중국,TNA,출발,정기,여객,1 ,135 ,1 ,1 ,0 ,0 ,0 ,1342 
2026년,03월,EOK,RF,에어로케이,국제,동북아,대만,HUN,도착,부정기,여객,8 ,1054 ,4 ,0 ,0 ,0 ,0 ,11612 
2026년,03월,EOK,RF,에어로케이,국제,동북아,대만,HUN,출발,부정기,여객,8 ,1164 ,6 ,1 ,0 ,0 ,0 ,16030 
2026년,03월,ESR,ZE,이스타 항공,국내,한국,한국,CJU,도착,부정기,여객,1 ,183 ,1 ,0 ,0 ,0 ,0 ,1049 
2026년,03월,ESR,ZE,이스타 항공,국제,일본,일본,CTS,도착,정기,여객,87 ,15683 ,33 ,5 ,0 ,0 ,0 ,174838 
2026년,03월,ESR,ZE,이스타 항공,국제,일본,일본,CTS,출발,정기,여객,87 ,14741 ,29 ,58 ,0 ,0 ,0 ,138648 
2026년,03월,ESR,ZE,이스타 항공,국제,일본,일본,FUK,도착,정기,여객,93 ,17100 ,87 ,1 ,0 ,0 ,0 ,170116 
2026년,03월,ESR,ZE,이스타 항공,국제,일본,일본,FUK,출발,정기,여객,93 ,16735 ,84 ,14 ,0 ,0 ,0 ,144439 
2026년,03월,ESR,ZE,이스타 항공,국제,일본,일본,KIX,도착,정기,여객,64 ,11803 ,29 ,0 ,2178 ,0 ,0 ,119664 
2026년,03월,ESR,ZE,이스타 항공,국제,일본,일본,KIX,출발,정기,여객,64 ,11578 ,27 ,29 ,11078 ,0 ,0 ,117865 
2026년,03월,ESR,ZE,이스타 항공,국제,일본,일본,KOJ,도착,정기,여객,2 ,376 ,1 ,0 ,0 ,0 ,0 ,5405 
2026년,03월,ESR,ZE,이스타 항공,국제,일본,일본,KOJ,출발,정기,여객,2 ,311 ,0 ,0 ,0 ,0 ,0 ,3161 
2026년,03월,ESR,ZE,이스타 항공,국제,일본,일본,NRT,도착,정기,여객,90 ,16562 ,27 ,1 ,8056 ,11925 ,0 ,157744 
2026년,03월,ESR,ZE,이스타 항공,국제,일본,일본,NRT,출발,정기,여객,90 ,16653 ,26 ,17 ,32506 ,21866 ,0 ,178100 
2026년,03월,ESR,ZE,이스타 항공,국제,일본,일본,OKA,도착,정기,여객,31 ,5504 ,82 ,0 ,0 ,0 ,0 ,55190 
2026년,03월,ESR,ZE,이스타 항공,국제,일본,일본,OKA,출발,정기,여객,31 ,5492 ,101 ,4 ,0 ,0 ,0 ,44058 
2026년,03월,ESR,ZE,이스타 항공,국제,일본,일본,TKS,도착,정기,여객,13 ,2314 ,9 ,0 ,0 ,0 ,0 ,20729 
2026년,03월,ESR,ZE,이스타 항공,국제,일본,일본,TKS,출발,정기,여객,13 ,2288 ,8 ,1 ,0 ,0 ,0 ,19454 
2026년,03월,ESR,ZE,이스타 항공,국제,중국,중국,CGO,도착,정기,여객,2 ,358 ,2 ,0 ,0 ,0 ,0 ,3383 
2026년,03월,ESR,ZE,이스타 항공,국제,중국,중국,CGO,출발,정기,여객,2 ,308 ,0 ,0 ,0 ,0 ,0 ,2839 
2026년,03월,ESR,ZE,이스타 항공,국제,중국,중국,PVG,도착,정기,여객,30 ,5519 ,1 ,2 ,32747 ,0 ,0 ,49440 
2026년,03월,ESR,ZE,이스타 항공,국제,중국,중국,PVG,출발,정기,여객,31 ,5143 ,2 ,85 ,14215 ,0 ,0 ,47256 
2026년,03월,ESR,ZE,이스타 항공,국제,중국,중국,YNT,도착,정기,여객,29 ,5020 ,6 ,21 ,41076 ,0 ,0 ,46804 
2026년,03월,ESR,ZE,이스타 항공,국제,중국,중국,YNT,출발,정기,여객,29 ,3302 ,7 ,10 ,31429 ,0 ,0 ,24824 
2026년,03월,ESR,ZE,이스타 항공,국제,동북아,대만,TPE,도착,정기,여객,18 ,3288 ,6 ,0 ,3205 ,4762 ,0 ,34114 
2026년,03월,ESR,ZE,이스타 항공,국제,동북아,대만,TPE,출발,정기,여객,18 ,3084 ,5 ,6 ,5115 ,0 ,0 ,22356 
2026년,03월,ESR,ZE,이스타 항공,국제,동북아,홍콩,HKG,출발,정기,여객,1 ,110 ,0 ,0 ,0 ,0 ,0 ,1422 
2026년,03월,ESR,ZE,이스타 항공,국제,동남아,베트남,CXR,도착,정기,여객,34 ,6292 ,38 ,1 ,0 ,0 ,0 ,72886 
2026년,03월,ESR,ZE,이스타 항공,국제,동남아,베트남,CXR,출발,정기,여객,33 ,5381 ,29 ,2 ,0 ,0 ,0 ,45526 
2026년,03월,ESR,ZE,이스타 항공,국제,동남아,베트남,DAD,도착,정기,여객,34 ,6340 ,19 ,2 ,35207 ,0 ,0 ,71171 
2026년,03월,ESR,ZE,이스타 항공,국제,동남아,베트남,DAD,출발,정기,여객,33 ,5146 ,13 ,5 ,4167 ,0 ,0 ,42457 
2026년,03월,ESR,ZE,이스타 항공,국제,동남아,베트남,PQC,도착,정기,여객,33 ,5930 ,58 ,0 ,0 ,0 ,0 ,70409 
2026년,03월,ESR,ZE,이스타 항공,국제,동남아,베트남,PQC,출발,정기,여객,33 ,5173 ,51 ,3 ,0 ,0 ,0 ,50233 
2026년,03월,ESR,ZE,이스타 항공,국제,동남아,인도네시아,MDC,도착,부정기,여객,31 ,4259 ,2 ,0 ,0 ,0 ,0 ,48464 
2026년,03월,ESR,ZE,이스타 항공,국제,동남아,인도네시아,MDC,출발,부정기,여객,31 ,4147 ,1 ,0 ,0 ,0 ,0 ,43558 
2026년,03월,ESR,ZE,이스타 항공,국제,동남아,태국,BKK,도착,정기,여객,29 ,5377 ,7 ,25 ,20195 ,0 ,0 ,58327 
2026년,03월,ESR,ZE,이스타 항공,국제,동남아,태국,BKK,출발,정기,여객,28 ,4045 ,6 ,26 ,39652 ,35 ,0 ,43015 
2026년,03월,ESR,ZE,이스타 항공,국제,동남아,태국,CNX,도착,정기,여객,30 ,5523 ,8 ,13 ,0 ,0 ,0 ,63270 
2026년,03월,ESR,ZE,이스타 항공,국제,동남아,태국,CNX,출발,정기,여객,29 ,4725 ,10 ,15 ,0 ,0 ,0 ,49002 
2026년,03월,ETD,EY,에티하드 항공,국제,중동,아랍에미리트,AUH,도착,정기,여객,12 ,2645 ,25 ,113 ,81626 ,0 ,1572 ,42528 
2026년,03월,ETD,EY,에티하드 항공,국제,중동,아랍에미리트,AUH,도착,부정기,여객,1 ,259 ,4 ,21 ,15434 ,0 ,0 ,4748 
2026년,03월,ETD,EY,에티하드 항공,국제,중동,아랍에미리트,AUH,출발,정기,여객,13 ,1711 ,14 ,53 ,236526 ,0 ,0 ,39743 
2026년,03월,ETD,EY,에티하드 항공,국제,중동,아랍에미리트,AUH,출발,부정기,여객,1 ,80 ,0 ,2 ,14458 ,0 ,0 ,2601 
2026년,03월,ETH,ET,에티오피아 항공,국제,일본,일본,NRT,도착,정기,여객,26 ,1927 ,6 ,19 ,18802 ,0 ,24 ,26901 
2026년,03월,ETH,ET,에티오피아 항공,국제,일본,일본,NRT,출발,정기,여객,26 ,1724 ,7 ,30 ,43909 ,0 ,0 ,24277 
2026년,03월,ETH,ET,에티오피아 항공,국제,동북아,홍콩,HKG,도착,정기,화물,0 ,0 ,0 ,0 ,0 ,0 ,0 ,0 
2026년,03월,ETH,ET,에티오피아 항공,국제,동북아,홍콩,HKG,출발,정기,화물,0 ,0 ,0 ,0 ,257231 ,0 ,0 ,0 
2026년,03월,ETH,ET,에티오피아 항공,국제,동남아,말레이시아,KUL,출발,정기,화물,0 ,0 ,0 ,0 ,0 ,0 ,0 ,0 
2026년,03월,ETH,ET,에티오피아 항공,국제,유럽,네덜란드,MST,도착,정기,화물,0 ,0 ,0 ,0 ,0 ,0 ,0 ,0 
2026년,03월,ETH,ET,에티오피아 항공,국제,유럽,노르웨이,OSL,도착,정기,화물,0 ,0 ,0 ,0 ,1195530 ,0 ,0 ,0 
2026년,03월,ETH,ET,에티오피아 항공,국제,유럽,벨기에,LGG,도착,정기,화물,0 ,0 ,0 ,0 ,0 ,0 ,0 ,0 
2026년,03월,ETH,ET,에티오피아 항공,국제,유럽,영국,EMA,도착,정기,화물,0 ,0 ,0 ,0 ,0 ,0 ,0 ,0 
2026년,03월,ETH,ET,에티오피아 항공,국제,유럽,헝가리,BUD,도착,정기,화물,0 ,0 ,0 ,0 ,0 ,0 ,0 ,0 
2026년,03월,ETH,ET,에티오피아 항공,국제,중동,사우디아라비아,JED,도착,정기,화물,0 ,0 ,0 ,0 ,0 ,0 ,0 ,0 
2026년,03월,ETH,ET,에티오피아 항공,국제,기타,나이지리아,LOS,도착,정기,화물,0 ,0 ,0 ,0 ,0 ,0 ,0 ,0 
2026년,03월,ETH,ET,에티오피아 항공,국제,기타,에티오피아,ADD,도착,정기,화물,13 ,0 ,0 ,0 ,0 ,0 ,0 ,0 
2026년,03월,ETH,ET,에티오피아 항공,국제,기타,에티오피아,ADD,도착,정기,여객,26 ,2717 ,15 ,167 ,10963 ,0 ,282 ,77541 
2026년,03월,ETH,ET,에티오피아 항공,국제,기타,에티오피아,ADD,출발,정기,화물,13 ,0 ,0 ,0 ,63387 ,0 ,0 ,0 
2026년,03월,ETH,ET,에티오피아 항공,국제,기타,에티오피아,ADD,출발,정기,여객,27 ,2870 ,14 ,779 ,35755 ,0 ,0 ,130145 
2026년,03월,EVA,BR,에바항공,국제,동북아,대만,KHH,도착,정기,여객,31 ,5372 ,33 ,70 ,5113 ,0 ,0 ,71642 
2026년,03월,EVA,BR,에바항공,국제,동북아,대만,KHH,출발,정기,여객,31 ,5242 ,25 ,55 ,765 ,0 ,0 ,98457 
2026년,03월,EVA,BR,에바항공,국제,동북아,대만,TPE,도착,정기,여객,80 ,22311 ,121 ,775 ,810293 ,0 ,5299 ,300110 
2026년,03월,EVA,BR,에바항공,국제,동북아,대만,TPE,출발,정기,여객,80 ,21663 ,130 ,469 ,568587 ,0 ,0 ,382371 
2026년,03월,FDX,FX,FedEX항공,국제,일본,일본,KIX,도착,정기,화물,0 ,0 ,0 ,0 ,1984 ,0 ,0 ,0 
2026년,03월,FDX,FX,FedEX항공,국제,일본,일본,KIX,출발,정기,화물,0 ,0 ,0 ,0 ,505586 ,239779 ,0 ,0 
2026년,03월,FDX,FX,FedEX항공,국제,일본,일본,NRT,도착,정기,화물,0 ,0 ,0 ,0 ,329394 ,646867 ,0 ,0 
2026년,03월,FDX,FX,FedEX항공,국제,중국,중국,CAN,도착,정기,화물,0 ,0 ,0 ,0 ,1012947 ,441948 ,0 ,0 
2026년,03월,FDX,FX,FedEX항공,국제,중국,중국,CAN,출발,정기,화물,0 ,0 ,0 ,0 ,1061983 ,164104 ,0 ,0 
2026년,03월,FDX,FX,FedEX항공,국제,중국,중국,PEK,도착,정기,화물,0 ,0 ,0 ,0 ,181181 ,228150 ,0 ,0 
2026년,03월,FDX,FX,FedEX항공,국제,중국,중국,PEK,출발,정기,화물,0 ,0 ,0 ,0 ,2656 ,88721 ,0 ,0 
2026년,03월,FDX,FX,FedEX항공,국제,중국,중국,PVG,출발,정기,화물,0 ,0 ,0 ,0 ,132534 ,18872 ,0 ,0 
2026년,03월,FDX,FX,FedEX항공,국제,중국,중국,SZX,출발,정기,화물,0 ,0 ,0 ,0 ,27686 ,41241 ,0 ,0 
2026년,03월,FDX,FX,FedEX항공,국제,중국,중국,XMN,도착,정기,화물,0 ,0 ,0 ,0 ,104280 ,57670 ,0 ,0 
2026년,03월,FDX,FX,FedEX항공,국제,동북아,대만,TPE,도착,정기,화물,0 ,0 ,0 ,0 ,130802 ,130390 ,0 ,0 
2026년,03월,FDX,FX,FedEX항공,국제,동북아,대만,TPE,출발,정기,화물,0 ,0 ,0 ,0 ,698683 ,44045 ,0 ,0 
2026년,03월,FDX,FX,FedEX항공,국제,동북아,홍콩,HKG,출발,정기,화물,0 ,0 ,0 ,0 ,90971 ,363794 ,0 ,0 
2026년,03월,FDX,FX,FedEX항공,국제,동남아,베트남,HAN,출발,정기,화물,0 ,0 ,0 ,0 ,5462 ,4296 ,0 ,0 
2026년,03월,FDX,FX,FedEX항공,국제,동남아,필리핀,CRK,도착,정기,화물,0 ,0 ,0 ,0 ,0 ,0 ,0 ,0 
2026년,03월,FDX,FX,FedEX항공,국제,미주,미국,ANC,도착,정기,화물,105 ,0 ,0 ,0 ,516762 ,89568 ,0 ,0 
2026년,03월,FDX,FX,FedEX항공,국제,미주,미국,ANC,출발,정기,화물,73 ,0 ,0 ,0 ,631595 ,131207 ,0 ,0 
2026년,03월,FDX,FX,FedEX항공,국제,미주,미국,IND,도착,정기,화물,17 ,0 ,0 ,0 ,0 ,0 ,0 ,0 
2026년,03월,FDX,FX,FedEX항공,국제,미주,미국,IND,출발,정기,화물,38 ,0 ,0 ,0 ,0 ,0 ,0 ,0 
2026년,03월,FDX,FX,FedEX항공,국제,미주,미국,MEM,도착,정기,화물,55 ,0 ,0 ,0 ,165036 ,1891 ,0 ,0 
2026년,03월,FDX,FX,FedEX항공,국제,미주,미국,MEM,출발,정기,화물,54 ,0 ,0 ,0 ,0 ,0 ,0 ,0 
2026년,03월,FDX,FX,FedEX항공,국제,미주,미국,OAK,도착,정기,화물,4 ,0 ,0 ,0 ,0 ,0 ,0 ,0 
2026년,03월,FDX,FX,FedEX항공,국제,미주,미국,OAK,출발,정기,화물,17 ,0 ,0 ,0 ,0 ,0 ,0 ,0 
2026년,03월,FIN,AY,핀에어,국제,유럽,핀란드,HEL,도착,정기,여객,31 ,9123 ,34 ,374 ,680505 ,0 ,660 ,148874 
2026년,03월,FIN,AY,핀에어,국제,유럽,핀란드,HEL,출발,정기,여객,31 ,7683 ,28 ,1920 ,446937 ,0 ,0 ,175027 
2026년,03월,GCR,GS,톈진(천진) 에어라인,국제,중국,중국,TSN,도착,정기,여객,19 ,2033 ,4 ,0 ,0 ,0 ,0 ,24049 
2026년,03월,GCR,GS,톈진(천진) 에어라인,국제,중국,중국,TSN,출발,정기,여객,19 ,1843 ,4 ,5 ,0 ,0 ,0 ,22130 
2026년,03월,GEC,LH,루프트한자항공,국제,일본,일본,NRT,도착,정기,화물,0 ,0 ,0 ,0 ,46140 ,0 ,868 ,0 
2026년,03월,GEC,LH,루프트한자항공,국제,일본,일본,NRT,도착,부정기,화물,0 ,0 ,0 ,0 ,0 ,0 ,0 ,0 
2026년,03월,GEC,LH,루프트한자항공,국제,유럽,독일,FRA,도착,정기,화물,30 ,0 ,0 ,0 ,339736 ,0 ,4362 ,0 
2026년,03월,GEC,LH,루프트한자항공,국제,유럽,독일,FRA,도착,부정기,화물,1 ,0 ,0 ,0 ,18629 ,0 ,0 ,0 
2026년,03월,GEC,LH,루프트한자항공,국제,유럽,독일,FRA,출발,정기,화물,30 ,0 ,0 ,0 ,888267 ,135 ,9210 ,0 
2026년,03월,GEC,LH,루프트한자항공,국제,유럽,독일,FRA,출발,부정기,화물,1 ,0 ,0 ,0 ,30837 ,0 ,546 ,0 
2026년,03월,GIA,GA,가루다 인도네시아항공,국제,동남아,인도네시아,CGK,도착,정기,여객,26 ,5431 ,50 ,484 ,153819 ,0 ,1638 ,106213 
2026년,03월,GIA,GA,가루다 인도네시아항공,국제,동남아,인도네시아,CGK,출발,정기,여객,26 ,4782 ,39 ,104 ,255932 ,0 ,18680 ,118423 
2026년,03월,GTI,5Y,아틀라스항공,국제,일본,일본,NGO,도착,정기,화물,0 ,0 ,0 ,0 ,0 ,0 ,0 ,0 
2026년,03월,GTI,5Y,아틀라스항공,국제,일본,일본,NRT,출발,정기,화물,0 ,0 ,0 ,0 ,14690 ,0 ,0 ,0 
2026년,03월,GTI,5Y,아틀라스항공,국제,중국,중국,CGO,출발,정기,화물,0 ,0 ,0 ,0 ,0 ,0 ,0 ,0 
2026년,03월,GTI,5Y,아틀라스항공,국제,중국,중국,CKG,출발,정기,화물,0 ,0 ,0 ,0 ,51217 ,0 ,0 ,0 
2026년,03월,GTI,5Y,아틀라스항공,국제,중국,중국,CTU,도착,정기,화물,0 ,0 ,0 ,0 ,0 ,0 ,0 ,0 
2026년,03월,GTI,5Y,아틀라스항공,국제,중국,중국,EHU,출발,정기,화물,0 ,0 ,0 ,0 ,0 ,0 ,0 ,0 
2026년,03월,GTI,5Y,아틀라스항공,국제,중국,중국,PVG,출발,정기,화물,0 ,0 ,0 ,0 ,2 ,0 ,0 ,0 
2026년,03월,GTI,5Y,아틀라스항공,국제,중국,중국,SZX,출발,정기,화물,0 ,0 ,0 ,0 ,0 ,0 ,0 ,0 
2026년,03월,GTI,5Y,아틀라스항공,국제,중국,중국,XMN,출발,정기,화물,6 ,0 ,0 ,0 ,0 ,0 ,0 ,0 
2026년,03월,GTI,5Y,아틀라스항공,국제,동북아,대만,TPE,도착,정기,화물,0 ,0 ,0 ,0 ,0 ,0 ,0 ,0 
2026년,03월,GTI,5Y,아틀라스항공,국제,동북아,대만,TPE,출발,정기,화물,0 ,0 ,0 ,0 ,502644 ,2453 ,0 ,0 
2026년,03월,GTI,5Y,아틀라스항공,국제,동북아,홍콩,HKG,도착,정기,화물,5 ,0 ,0 ,0 ,61830 ,0 ,0 ,0 
2026년,03월,GTI,5Y,아틀라스항공,국제,동북아,홍콩,HKG,출발,정기,화물,0 ,0 ,0 ,0 ,4689 ,0 ,0 ,0 
2026년,03월,GTI,5Y,아틀라스항공,국제,동남아,베트남,HAN,출발,정기,화물,0 ,0 ,0 ,0 ,947305 ,0 ,0 ,0 
2026년,03월,GTI,5Y,아틀라스항공,국제,동남아,싱가포르,SIN,출발,정기,화물,0 ,0 ,0 ,0 ,78396 ,0 ,0 ,0 
2026년,03월,GTI,5Y,아틀라스항공,국제,미주,미국,ANC,도착,정기,화물,0 ,0 ,0 ,0 ,0 ,0 ,0 ,0 
2026년,03월,GTI,5Y,아틀라스항공,국제,미주,미국,ANC,도착,부정기,여객,0 ,0 ,0 ,0 ,0 ,0 ,0 ,0 
2026년,03월,GTI,5Y,아틀라스항공,국제,미주,미국,ANC,출발,정기,화물,0 ,0 ,0 ,0 ,0 ,0 ,0 ,0 
2026년,03월,GTI,5Y,아틀라스항공,국제,미주,미국,ANC,출발,부정기,화물,0 ,0 ,0 ,0 ,0 ,0 ,0 ,0 
2026년,03월,GTI,5Y,아틀라스항공,국제,미주,미국,ATL,도착,정기,화물,2 ,0 ,0 ,0 ,0 ,0 ,0 ,0 
2026년,03월,GTI,5Y,아틀라스항공,국제,미주,미국,ATL,출발,정기,화물,1 ,0 ,0 ,0 ,0 ,0 ,0 ,0 
2026년,03월,GTI,5Y,아틀라스항공,국제,미주,미국,CVG,도착,정기,화물,1 ,0 ,0 ,0 ,0 ,0 ,0 ,0 
2026년,03월,GTI,5Y,아틀라스항공,국제,미주,미국,CVG,출발,정기,화물,14 ,0 ,0 ,0 ,0 ,0 ,0 ,0 
2026년,03월,GTI,5Y,아틀라스항공,국제,미주,미국,DFW,도착,정기,화물,6 ,0 ,0 ,0 ,14385 ,0 ,0 ,0 
2026년,03월,GTI,5Y,아틀라스항공,국제,미주,미국,DFW,출발,정기,화물,18 ,0 ,0 ,0 ,0 ,0 ,0 ,0 
2026년,03월,GTI,5Y,아틀라스항공,국제,미주,미국,JFK,도착,정기,화물,1 ,0 ,0 ,0 ,0 ,0 ,0 ,0 
2026년,03월,GTI,5Y,아틀라스항공,국제,미주,미국,LAX,도착,정기,화물,14 ,0 ,0 ,0 ,50167 ,0 ,0 ,0 
2026년,03월,GTI,5Y,아틀라스항공,국제,미주,미국,LAX,출발,정기,화물,16 ,0 ,0 ,0 ,0 ,0 ,0 ,0 
2026년,03월,GTI,5Y,아틀라스항공,국제,미주,미국,MIA,도착,정기,화물,25 ,0 ,0 ,0 ,0 ,0 ,0 ,0 
2026년,03월,GTI,5Y,아틀라스항공,국제,미주,미국,MIA,도착,부정기,여객,1 ,65 ,0 ,0 ,0 ,0 ,0 ,2994 
2026년,03월,GTI,5Y,아틀라스항공,국제,미주,미국,MIA,출발,정기,화물,30 ,0 ,0 ,0 ,247594 ,22692 ,0 ,0 
2026년,03월,GTI,5Y,아틀라스항공,국제,미주,미국,MIA,출발,부정기,화물,1 ,0 ,0 ,0 ,0 ,0 ,0 ,0 
2026년,03월,GTI,5Y,아틀라스항공,국제,미주,미국,ORD,도착,정기,화물,84 ,0 ,0 ,0 ,776136 ,0 ,0 ,0 
2026년,03월,GTI,5Y,아틀라스항공,국제,미주,미국,ORD,도착,부정기,화물,1 ,0 ,0 ,0 ,1 ,29 ,0 ,0 
2026년,03월,GTI,5Y,아틀라스항공,국제,미주,미국,ORD,출발,정기,화물,93 ,0 ,0 ,0 ,778713 ,110501 ,0 ,0 
2026년,03월,GTI,5Y,아틀라스항공,국제,미주,미국,ORD,출발,부정기,화물,1 ,0 ,0 ,0 ,75431 ,18843 ,0 ,0 
2026년,03월,GTI,5Y,아틀라스항공,국제,미주,캐나다,YYZ,도착,정기,화물,0 ,0 ,0 ,0 ,0 ,0 ,0 ,0 
2026년,03월,GTI,5Y,아틀라스항공,국제,대양주,괌,GUM,도착,정기,화물,0 ,0 ,0 ,0 ,0 ,0 ,0 ,0 
2026년,03월,GTI,5Y,아틀라스항공,국제,대양주,하와이,HNL,도착,정기,화물,0 ,0 ,0 ,0 ,0 ,0 ,0 ,0 
2026년,03월,GTI,5Y,아틀라스항공,국제,유럽,네덜란드,AMS,도착,정기,화물,0 ,0 ,0 ,0 ,1218976 ,0 ,0 ,0 
2026년,03월,GTI,5Y,아틀라스항공,국제,유럽,네덜란드,AMS,출발,정기,화물,0 ,0 ,0 ,0 ,0 ,0 ,0 ,0 
2026년,03월,GTI,5Y,아틀라스항공,국제,유럽,네덜란드,AMS,출발,부정기,화물,0 ,0 ,0 ,0 ,0 ,0 ,0 ,0 
2026년,03월,GTI,5Y,아틀라스항공,국제,유럽,벨기에,LGG,도착,정기,화물,0 ,0 ,0 ,0 ,0 ,0 ,0 ,0 
2026년,03월,GTI,5Y,아틀라스항공,국제,유럽,스위스,ZRH,도착,정기,화물,0 ,0 ,0 ,0 ,0 ,0 ,0 ,0 
2026년,03월,GTI,5Y,아틀라스항공,국제,유럽,스페인,MAD,도착,정기,화물,0 ,0 ,0 ,0 ,0 ,0 ,0 ,0 
2026년,03월,GTI,5Y,아틀라스항공,국제,유럽,스페인,ZAZ,도착,정기,화물,0 ,0 ,0 ,0 ,266117 ,0 ,0 ,0 
2026년,03월,GTI,5Y,아틀라스항공,국제,유럽,스페인,ZAZ,출발,정기,화물,0 ,0 ,0 ,0 ,0 ,0 ,0 ,0 
2026년,03월,GTI,5Y,아틀라스항공,국제,유럽,아제르바이잔,GYD,출발,부정기,화물,0 ,0 ,0 ,0 ,0 ,0 ,0 ,0 
2026년,03월,GTI,5Y,아틀라스항공,국제,유럽,카자흐스탄,ALA,도착,정기,화물,0 ,0 ,0 ,0 ,0 ,0 ,0 ,0 
2026년,03월,GTI,5Y,아틀라스항공,국제,유럽,카자흐스탄,ALA,출발,정기,화물,0 ,0 ,0 ,0 ,0 ,0 ,0 ,0 
2026년,03월,GTI,5Y,아틀라스항공,국제,유럽,튀르키예,IST,출발,부정기,화물,0 ,0 ,0 ,0 ,75445 ,15096 ,0 ,0 
2026년,03월,HKE,UO,홍콩익스프레스,국제,동북아,홍콩,HKG,도착,정기,여객,138 ,30061 ,30 ,0 ,38452 ,0 ,440 ,245150 
2026년,03월,HKE,UO,홍콩익스프레스,국제,동북아,홍콩,HKG,도착,부정기,여객,12 ,2049 ,6 ,0 ,741 ,0 ,443 ,17966 
2026년,03월,HKE,UO,홍콩익스프레스,국제,동북아,홍콩,HKG,출발,정기,여객,138 ,24588 ,38 ,30 ,22056 ,0 ,0 ,249618 
2026년,03월,HKE,UO,홍콩익스프레스,국제,동북아,홍콩,HKG,출발,부정기,여객,12 ,1856 ,0 ,1 ,0 ,0 ,0 ,24637 
2026년,03월,HLF,I9,중국센트럴항공,국제,중국,중국,SZX,출발,정기,화물,4 ,0 ,0 ,0 ,14768 ,0 ,0 ,0 
2026년,03월,HLF,I9,중국센트럴항공,국제,중국,중국,YNT,도착,정기,화물,23 ,0 ,0 ,0 ,344939 ,0 ,0 ,0 
2026년,03월,HLF,I9,중국센트럴항공,국제,중국,중국,YNT,출발,정기,화물,23 ,0 ,0 ,0 ,236167 ,0 ,0 ,0 
2026년,03월,HLF,I9,중국센트럴항공,국제,유럽,독일,LEJ,도착,정기,화물,4 ,0 ,0 ,0 ,200445 ,0 ,0 ,0 
2026년,03월,HVN,VN,베트남항공,국제,동남아,베트남,CXR,도착,정기,여객,31 ,5946 ,62 ,7 ,21495 ,0 ,0 ,93372 
2026년,03월,HVN,VN,베트남항공,국제,동남아,베트남,CXR,출발,정기,여객,31 ,5334 ,61 ,34 ,0 ,0 ,0 ,62484 
2026년,03월,HVN,VN,베트남항공,국제,동남아,베트남,DAD,도착,정기,여객,31 ,5833 ,33 ,304 ,15304 ,0 ,0 ,111379 
2026년,03월,HVN,VN,베트남항공,국제,동남아,베트남,DAD,출발,정기,여객,31 ,4983 ,36 ,105 ,950 ,0 ,0 ,62297 
2026년,03월,HVN,VN,베트남항공,국제,동남아,베트남,HAN,도착,정기,여객,62 ,19306 ,184 ,772 ,602202 ,0 ,3528 ,481580 
2026년,03월,HVN,VN,베트남항공,국제,동남아,베트남,HAN,도착,부정기,여객,2 ,388 ,2 ,0 ,1110 ,0 ,0 ,7588 
2026년,03월,HVN,VN,베트남항공,국제,동남아,베트남,HAN,출발,정기,여객,62 ,16700 ,167 ,707 ,635862 ,0 ,0 ,337395 
2026년,03월,HVN,VN,베트남항공,국제,동남아,베트남,HAN,출발,부정기,여객,2 ,364 ,2 ,12 ,0 ,0 ,0 ,5869 
2026년,03월,HVN,VN,베트남항공,국제,동남아,베트남,SGN,도착,정기,여객,62 ,15028 ,250 ,1512 ,297305 ,0 ,511 ,450844 
2026년,03월,HVN,VN,베트남항공,국제,동남아,베트남,SGN,출발,정기,여객,62 ,11978 ,139 ,356 ,385682 ,0 ,0 ,242783 
2026년,03월,HYT,YG,원통화물항공,국제,중국,중국,WNZ,도착,정기,화물,22 ,0 ,0 ,0 ,554323 ,0 ,0 ,0 
2026년,03월,HYT,YG,원통화물항공,국제,중국,중국,WNZ,출발,정기,화물,22 ,0 ,0 ,0 ,324602 ,0 ,0 ,0 
2026년,03월,ICV,C8,카고룩스 이탈리아,국제,중국,중국,CGO,출발,정기,화물,0 ,0 ,0 ,0 ,52139 ,0 ,0 ,0 
2026년,03월,ICV,C8,카고룩스 이탈리아,국제,동북아,대만,TPE,출발,정기,화물,0 ,0 ,0 ,0 ,240962 ,0 ,0 ,0 
2026년,03월,ICV,C8,카고룩스 이탈리아,국제,미주,미국,ANC,출발,정기,화물,0 ,0 ,0 ,0 ,0 ,0 ,0 ,0 
2026년,03월,ICV,C8,카고룩스 이탈리아,국제,미주,미국,DFW,출발,정기,화물,0 ,0 ,0 ,0 ,43849 ,0 ,0 ,0 
2026년,03월,ICV,C8,카고룩스 이탈리아,국제,미주,미국,IAH,출발,정기,화물,0 ,0 ,0 ,0 ,48033 ,0 ,0 ,0 
2026년,03월,ICV,C8,카고룩스 이탈리아,국제,유럽,이탈리아,MXP,도착,정기,화물,16 ,0 ,0 ,0 ,1227865 ,0 ,0 ,0 
2026년,03월,ICV,C8,카고룩스 이탈리아,국제,유럽,이탈리아,MXP,출발,정기,화물,16 ,0 ,0 ,0 ,349853 ,0 ,0 ,0 
2026년,03월,ICV,C8,카고룩스 이탈리아,국제,유럽,투르크메니스탄,ASB,출발,정기,화물,0 ,0 ,0 ,0 ,0 ,0 ,0 ,0 
2026년,03월,IGA,TE,스카이택시,국제,유럽,폴란드,RZE,도착,부정기,화물,1 ,0 ,0 ,0 ,0 ,0 ,0 ,0 
2026년,03월,IGA,TE,스카이택시,국제,유럽,프랑스,CHR,도착,부정기,화물,0 ,0 ,0 ,0 ,165 ,0 ,0 ,0 
2026년,03월,IGA,TE,스카이택시,국제,기타,지부티,JIB,도착,부정기,화물,0 ,0 ,0 ,0 ,0 ,0 ,0 ,0 
2026년,03월,JAL,JL,일본항공,국제,일본,일본,NGO,도착,정기,화물,21 ,0 ,0 ,0 ,525024 ,5136 ,0 ,0 
2026년,03월,JAL,JL,일본항공,국제,일본,일본,NRT,도착,정기,화물,4 ,0 ,0 ,0 ,83248 ,0 ,0 ,0 
2026년,03월,JAL,JL,일본항공,국제,일본,일본,NRT,출발,정기,화물,25 ,0 ,0 ,0 ,835623 ,0 ,0 ,0 
2026년,03월,JDL,JG,장쑤징동화물항공사,국제,중국,중국,NKG,도착,정기,화물,13 ,0 ,0 ,0 ,238514 ,0 ,22 ,0 
2026년,03월,JDL,JG,장쑤징동화물항공사,국제,중국,중국,NKG,출발,정기,화물,12 ,0 ,0 ,0 ,57666 ,0 ,0 ,0 
2026년,03월,JDL,JG,장쑤징동화물항공사,국제,중국,중국,NKG,출발,부정기,화물,1 ,0 ,0 ,0 ,10511 ,0 ,0 ,0 
2026년,03월,JDL,JG,장쑤징동화물항공사,국제,중국,중국,WUX,도착,정기,화물,31 ,0 ,0 ,0 ,469146 ,0 ,0 ,0 
2026년,03월,JDL,JG,장쑤징동화물항공사,국제,중국,중국,WUX,출발,정기,화물,31 ,0 ,0 ,0 ,197818 ,0 ,0 ,0 
2026년,03월,JJA,7C,제주항공,국내,한국,한국,CJU,도착,부정기,여객,4 ,741 ,4 ,0 ,0 ,0 ,0 ,3988 
2026년,03월,JJA,7C,제주항공,국제,일본,일본,CTS,도착,정기,여객,33 ,5748 ,10 ,113 ,0 ,0 ,0 ,69977 
2026년,03월,JJA,7C,제주항공,국제,일본,일본,CTS,출발,정기,여객,33 ,4818 ,18 ,679 ,0 ,0 ,0 ,57545 
2026년,03월,JJA,7C,제주항공,국제,일본,일본,FSZ,도착,정기,여객,61 ,10125 ,49 ,25 ,0 ,0 ,0 ,101165 
2026년,03월,JJA,7C,제주항공,국제,일본,일본,FSZ,출발,정기,여객,62 ,10422 ,51 ,39 ,0 ,0 ,0 ,109831 
2026년,03월,JJA,7C,제주항공,국제,일본,일본,FUK,도착,정기,여객,135 ,23711 ,181 ,348 ,0 ,0 ,0 ,235323 
2026년,03월,JJA,7C,제주항공,국제,일본,일본,FUK,도착,부정기,여객,1 ,173 ,1 ,0 ,0 ,0 ,0 ,1784 
2026년,03월,JJA,7C,제주항공,국제,일본,일본,FUK,출발,정기,여객,135 ,23261 ,179 ,621 ,0 ,0 ,0 ,206836 
2026년,03월,JJA,7C,제주항공,국제,일본,일본,FUK,출발,부정기,여객,1 ,136 ,0 ,2 ,0 ,0 ,0 ,1244 
2026년,03월,JJA,7C,제주항공,국제,일본,일본,HIJ,도착,정기,여객,62 ,10630 ,27 ,186 ,0 ,0 ,0 ,105044 
2026년,03월,JJA,7C,제주항공,국제,일본,일본,HIJ,출발,정기,여객,62 ,10320 ,34 ,324 ,0 ,0 ,0 ,112582 
2026년,03월,JJA,7C,제주항공,국제,일본,일본,HKD,도착,정기,여객,18 ,2973 ,7 ,17 ,0 ,0 ,0 ,32092 
2026년,03월,JJA,7C,제주항공,국제,일본,일본,HKD,출발,정기,여객,18 ,2926 ,6 ,31 ,0 ,0 ,0 ,24556 
2026년,03월,JJA,7C,제주항공,국제,일본,일본,KIX,도착,정기,여객,217 ,36631 ,122 ,606 ,19198 ,0 ,0 ,341347 
2026년,03월,JJA,7C,제주항공,국제,일본,일본,KIX,출발,정기,여객,217 ,35978 ,133 ,1760 ,14913 ,2873 ,14880 ,345337 
2026년,03월,JJA,7C,제주항공,국제,일본,일본,KOJ,도착,정기,여객,28 ,4451 ,13 ,17 ,0 ,0 ,0 ,55221 
2026년,03월,JJA,7C,제주항공,국제,일본,일본,KOJ,출발,정기,여객,28 ,4022 ,15 ,53 ,0 ,0 ,0 ,42695 
2026년,03월,JJA,7C,제주항공,국제,일본,일본,MYJ,도착,정기,여객,62 ,10477 ,51 ,81 ,0 ,0 ,0 ,106410 
2026년,03월,JJA,7C,제주항공,국제,일본,일본,MYJ,출발,정기,여객,62 ,10416 ,55 ,125 ,0 ,0 ,0 ,88318 
2026년,03월,JJA,7C,제주항공,국제,일본,일본,NGO,도착,정기,여객,62 ,10304 ,35 ,163 ,7136 ,0 ,0 ,112597 
2026년,03월,JJA,7C,제주항공,국제,일본,일본,NGO,출발,정기,여객,62 ,9990 ,38 ,281 ,0 ,50 ,8888 ,111008 
2026년,03월,JJA,7C,제주항공,국제,일본,일본,NRT,도착,정기,여객,171 ,29466 ,89 ,465 ,42995 ,0 ,0 ,301476 
2026년,03월,JJA,7C,제주항공,국제,일본,일본,NRT,출발,정기,여객,171 ,29237 ,104 ,1390 ,59477 ,3722 ,3808 ,315095 
2026년,03월,JJA,7C,제주항공,국제,일본,일본,OIT,도착,정기,여객,29 ,4993 ,65 ,7 ,0 ,0 ,0 ,59622 
2026년,03월,JJA,7C,제주항공,국제,일본,일본,OIT,출발,정기,여객,29 ,5100 ,61 ,12 ,0 ,0 ,0 ,55626 
2026년,03월,JJA,7C,제주항공,국제,일본,일본,OKA,도착,정기,여객,31 ,5366 ,139 ,25 ,0 ,0 ,0 ,59837 
2026년,03월,JJA,7C,제주항공,국제,일본,일본,OKA,출발,정기,여객,31 ,5134 ,119 ,36 ,0 ,0 ,0 ,49474 
2026년,03월,JJA,7C,제주항공,국제,중국,중국,HRB,도착,정기,여객,13 ,1963 ,9 ,214 ,0 ,0 ,0 ,25695 
2026년,03월,JJA,7C,제주항공,국제,중국,중국,HRB,출발,정기,여객,13 ,1454 ,3 ,20 ,0 ,0 ,0 ,15638 
2026년,03월,JJA,7C,제주항공,국제,중국,중국,JMU,도착,정기,여객,4 ,663 ,5 ,0 ,0 ,0 ,0 ,8463 
2026년,03월,JJA,7C,제주항공,국제,중국,중국,JMU,출발,정기,여객,4 ,503 ,5 ,1 ,0 ,0 ,0 ,6172 
2026년,03월,JJA,7C,제주항공,국제,중국,중국,KWL,도착,정기,여객,12 ,1589 ,0 ,4 ,0 ,0 ,0 ,17712 
2026년,03월,JJA,7C,제주항공,국제,중국,중국,KWL,출발,정기,여객,12 ,1892 ,0 ,1 ,0 ,0 ,0 ,18146 
2026년,03월,JJA,7C,제주항공,국제,중국,중국,SJW,도착,정기,여객,1 ,168 ,0 ,1 ,0 ,0 ,0 ,1738 
2026년,03월,JJA,7C,제주항공,국제,중국,중국,SJW,출발,정기,여객,1 ,112 ,0 ,0 ,0 ,0 ,0 ,1214 
2026년,03월,JJA,7C,제주항공,국제,중국,중국,TAO,도착,정기,여객,31 ,4947 ,7 ,755 ,9777 ,0 ,11372 ,59357 
2026년,03월,JJA,7C,제주항공,국제,중국,중국,TAO,출발,정기,여객,31 ,4885 ,4 ,151 ,23091 ,624 ,0 ,40551 
2026년,03월,JJA,7C,제주항공,국제,중국,중국,WEH,도착,정기,여객,33 ,5295 ,19 ,514 ,48330 ,0 ,0 ,68634 
2026년,03월,JJA,7C,제주항공,국제,중국,중국,WEH,출발,정기,여객,33 ,4961 ,10 ,123 ,12803 ,42161 ,0 ,50154 
2026년,03월,JJA,7C,제주항공,국제,중국,중국,YNJ,도착,정기,여객,25 ,3496 ,6 ,88 ,0 ,0 ,12189 ,40988 
2026년,03월,JJA,7C,제주항공,국제,중국,중국,YNJ,출발,정기,여객,25 ,3358 ,9 ,87 ,0 ,0 ,0 ,35469 
2026년,03월,JJA,7C,제주항공,국제,동북아,대만,TPE,도착,정기,여객,31 ,5439 ,7 ,93 ,8401 ,0 ,0 ,60967 
2026년,03월,JJA,7C,제주항공,국제,동북아,대만,TPE,출발,정기,여객,31 ,5301 ,10 ,38 ,17231 ,179 ,0 ,46580 
2026년,03월,JJA,7C,제주항공,국제,동북아,마카오,MFM,도착,정기,여객,31 ,5488 ,49 ,31 ,13401 ,0 ,0 ,46675 
2026년,03월,JJA,7C,제주항공,국제,동북아,마카오,MFM,출발,정기,여객,31 ,5355 ,44 ,6 ,574 ,0 ,2127 ,42709 
2026년,03월,JJA,7C,제주항공,국제,동북아,홍콩,HKG,도착,정기,여객,30 ,5513 ,16 ,92 ,5774 ,0 ,4414 ,55607 
2026년,03월,JJA,7C,제주항공,국제,동북아,홍콩,HKG,출발,정기,여객,31 ,5440 ,14 ,33 ,1757 ,0 ,0 ,58473 
2026년,03월,JJA,7C,제주항공,국제,동북아,몽골,UBN,도착,정기,여객,14 ,2139 ,13 ,286 ,92 ,0 ,0 ,33350 
2026년,03월,JJA,7C,제주항공,국제,동북아,몽골,UBN,출발,정기,여객,14 ,1908 ,21 ,419 ,336 ,385 ,370 ,35019 
2026년,03월,JJA,7C,제주항공,국제,동남아,라오스,VTE,도착,정기,여객,31 ,5404 ,11 ,133 ,11369 ,0 ,0 ,66080 
2026년,03월,JJA,7C,제주항공,국제,동남아,라오스,VTE,출발,정기,여객,31 ,4492 ,10 ,142 ,1049 ,0 ,657 ,52402 
2026년,03월,JJA,7C,제주항공,국제,동남아,말레이시아,BKI,도착,정기,여객,19 ,3206 ,7 ,179 ,0 ,0 ,0 ,44726 
2026년,03월,JJA,7C,제주항공,국제,동남아,말레이시아,BKI,출발,정기,여객,18 ,2858 ,6 ,129 ,0 ,0 ,0 ,36981 
2026년,03월,JJA,7C,제주항공,국제,동남아,베트남,CXR,도착,정기,여객,31 ,5437 ,26 ,76 ,0 ,0 ,0 ,65184 
2026년,03월,JJA,7C,제주항공,국제,동남아,베트남,CXR,출발,정기,여객,31 ,5514 ,35 ,57 ,0 ,0 ,0 ,49364 
2026년,03월,JJA,7C,제주항공,국제,동남아,베트남,DAD,도착,정기,여객,50 ,8698 ,78 ,386 ,52371 ,0 ,0 ,104009 
2026년,03월,JJA,7C,제주항공,국제,동남아,베트남,DAD,출발,정기,여객,49 ,7812 ,65 ,182 ,3044 ,0 ,0 ,66773 
2026년,03월,JJA,7C,제주항공,국제,동남아,베트남,HAN,도착,정기,여객,20 ,3408 ,12 ,255 ,24114 ,0 ,0 ,48056 
2026년,03월,JJA,7C,제주항공,국제,동남아,베트남,HAN,출발,정기,여객,20 ,2907 ,8 ,236 ,6742 ,0 ,1619 ,34701 
2026년,03월,JJA,7C,제주항공,국제,동남아,베트남,PQC,도착,정기,여객,31 ,5376 ,40 ,193 ,0 ,0 ,0 ,66498 
2026년,03월,JJA,7C,제주항공,국제,동남아,베트남,PQC,출발,정기,여객,31 ,5124 ,41 ,116 ,0 ,0 ,0 ,50759 
2026년,03월,JJA,7C,제주항공,국제,동남아,싱가포르,SIN,도착,정기,여객,31 ,4780 ,12 ,262 ,0 ,0 ,0 ,55471 
2026년,03월,JJA,7C,제주항공,국제,동남아,싱가포르,SIN,출발,정기,여객,31 ,4076 ,12 ,181 ,23349 ,0 ,0 ,47388 
2026년,03월,JJA,7C,제주항공,국제,동남아,인도네시아,BTH,도착,정기,여객,9 ,1166 ,4 ,25 ,0 ,0 ,0 ,16376 
2026년,03월,JJA,7C,제주항공,국제,동남아,인도네시아,BTH,출발,정기,여객,8 ,806 ,1 ,8 ,968 ,0 ,0 ,11780 
2026년,03월,JJA,7C,제주항공,국제,동남아,인도네시아,DPS,도착,정기,여객,30 ,4440 ,22 ,457 ,0 ,0 ,0 ,64448 
2026년,03월,JJA,7C,제주항공,국제,동남아,인도네시아,DPS,출발,정기,여객,30 ,3488 ,12 ,115 ,5681 ,0 ,0 ,40793 
2026년,03월,JJA,7C,제주항공,국제,동남아,태국,BKK,도착,정기,여객,31 ,4656 ,15 ,1069 ,35766 ,0 ,0 ,68798 
2026년,03월,JJA,7C,제주항공,국제,동남아,태국,BKK,출발,정기,여객,31 ,5059 ,17 ,206 ,3978 ,0 ,0 ,67445 
2026년,03월,JJA,7C,제주항공,국제,동남아,태국,CNX,도착,정기,여객,19 ,3312 ,4 ,114 ,0 ,0 ,0 ,40459 
2026년,03월,JJA,7C,제주항공,국제,동남아,태국,CNX,출발,정기,여객,18 ,2636 ,7 ,78 ,0 ,0 ,0 ,27013 
2026년,03월,JJA,7C,제주항공,국제,동남아,필리핀,CEB,도착,정기,여객,30 ,5013 ,26 ,314 ,0 ,0 ,0 ,61995 
2026년,03월,JJA,7C,제주항공,국제,동남아,필리핀,CEB,출발,정기,여객,29 ,4698 ,24 ,201 ,7255 ,1936 ,0 ,52035 
2026년,03월,JJA,7C,제주항공,국제,동남아,필리핀,CRK,도착,정기,여객,31 ,5022 ,19 ,157 ,0 ,0 ,0 ,60935 
2026년,03월,JJA,7C,제주항공,국제,동남아,필리핀,CRK,출발,정기,여객,31 ,4652 ,22 ,125 ,7980 ,20613 ,0 ,67549 
2026년,03월,JJA,7C,제주항공,국제,동남아,필리핀,MNL,도착,정기,여객,31 ,4685 ,23 ,664 ,178 ,0 ,0 ,71802 
2026년,03월,JJA,7C,제주항공,국제,동남아,필리핀,MNL,출발,정기,여객,31 ,4416 ,32 ,377 ,11107 ,0 ,1646 ,70042 
2026년,03월,JJA,7C,제주항공,국제,동남아,필리핀,TAG,도착,정기,여객,33 ,5463 ,31 ,40 ,0 ,0 ,0 ,63833 
2026년,03월,JJA,7C,제주항공,국제,동남아,필리핀,TAG,출발,정기,여객,33 ,4802 ,32 ,11 ,0 ,0 ,0 ,50434 
2026년,03월,JJA,7C,제주항공,국제,대양주,사이판,SPN,도착,정기,여객,28 ,4126 ,67 ,134 ,0 ,0 ,0 ,56434 
2026년,03월,JJA,7C,제주항공,국제,대양주,사이판,SPN,출발,정기,여객,28 ,3585 ,60 ,86 ,10162 ,274 ,0 ,46776 
2026년,03월,JNA,LJ,진 에어,국내,한국,한국,CJU,도착,부정기,여객,1 ,188 ,0 ,0 ,0 ,0 ,0 ,877 
2026년,03월,JNA,LJ,진 에어,국제,일본,일본,CTS,도착,정기,여객,30 ,5765 ,20 ,214 ,0 ,0 ,0 ,69653 
2026년,03월,JNA,LJ,진 에어,국제,일본,일본,CTS,출발,정기,여객,30 ,4903 ,19 ,398 ,0 ,0 ,0 ,53081 
2026년,03월,JNA,LJ,진 에어,국제,일본,일본,FUK,도착,정기,여객,156 ,30630 ,250 ,125 ,0 ,0 ,0 ,311430 
2026년,03월,JNA,LJ,진 에어,국제,일본,일본,FUK,출발,정기,여객,156 ,30948 ,255 ,205 ,0 ,0 ,0 ,263416 
2026년,03월,JNA,LJ,진 에어,국제,일본,일본,ISG,도착,정기,여객,23 ,3321 ,50 ,3 ,0 ,0 ,0 ,36683 
2026년,03월,JNA,LJ,진 에어,국제,일본,일본,ISG,출발,정기,여객,23 ,3305 ,52 ,13 ,0 ,0 ,0 ,30650 
2026년,03월,JNA,LJ,진 에어,국제,일본,일본,KIX,도착,정기,여객,127 ,23454 ,92 ,152 ,17774 ,0 ,0 ,237817 
2026년,03월,JNA,LJ,진 에어,국제,일본,일본,KIX,출발,정기,여객,127 ,23406 ,92 ,417 ,34091 ,0 ,0 ,213935 
2026년,03월,JNA,LJ,진 에어,국제,일본,일본,KKJ,도착,정기,여객,31 ,5669 ,23 ,3 ,0 ,0 ,0 ,67715 
2026년,03월,JNA,LJ,진 에어,국제,일본,일본,KKJ,출발,정기,여객,31 ,5545 ,26 ,6 ,0 ,0 ,0 ,58338 
2026년,03월,JNA,LJ,진 에어,국제,일본,일본,NGO,도착,정기,여객,62 ,21246 ,60 ,75 ,6412 ,0 ,2 ,200613 
2026년,03월,JNA,LJ,진 에어,국제,일본,일본,NGO,출발,정기,여객,62 ,20846 ,65 ,494 ,26988 ,0 ,11912 ,211784 
2026년,03월,JNA,LJ,진 에어,국제,일본,일본,NRT,도착,정기,여객,123 ,31838 ,98 ,171 ,273285 ,0 ,0 ,301934 
2026년,03월,JNA,LJ,진 에어,국제,일본,일본,NRT,출발,정기,여객,123 ,32011 ,102 ,429 ,424416 ,0 ,15916 ,327065 
2026년,03월,JNA,LJ,진 에어,국제,일본,일본,OKA,도착,정기,여객,31 ,7885 ,299 ,132 ,0 ,0 ,0 ,87758 
2026년,03월,JNA,LJ,진 에어,국제,일본,일본,OKA,출발,정기,여객,31 ,7964 ,371 ,48 ,0 ,0 ,0 ,73003 
2026년,03월,JNA,LJ,진 에어,국제,일본,일본,SHI,도착,정기,여객,23 ,3149 ,65 ,1 ,0 ,0 ,0 ,38194 
2026년,03월,JNA,LJ,진 에어,국제,일본,일본,SHI,출발,정기,여객,23 ,3219 ,65 ,6 ,0 ,0 ,0 ,32630 
2026년,03월,JNA,LJ,진 에어,국제,일본,일본,TAK,도착,정기,여객,31 ,5642 ,18 ,11 ,0 ,0 ,0 ,57694 
2026년,03월,JNA,LJ,진 에어,국제,일본,일본,TAK,출발,정기,여객,31 ,5581 ,18 ,15 ,0 ,0 ,0 ,55010 
2026년,03월,JNA,LJ,진 에어,국제,중국,중국,TAO,도착,정기,여객,28 ,4928 ,11 ,21 ,21208 ,0 ,0 ,56868 
2026년,03월,JNA,LJ,진 에어,국제,중국,중국,TAO,출발,정기,여객,28 ,4302 ,4 ,149 ,98 ,0 ,0 ,43921 
2026년,03월,JNA,LJ,진 에어,국제,동북아,대만,RMQ,도착,정기,여객,62 ,10996 ,57 ,56 ,0 ,0 ,0 ,117056 
2026년,03월,JNA,LJ,진 에어,국제,동북아,대만,RMQ,출발,정기,여객,62 ,10699 ,47 ,43 ,0 ,0 ,0 ,121621 
2026년,03월,JNA,LJ,진 에어,국제,동북아,대만,TPE,도착,정기,여객,30 ,11110 ,30 ,234 ,156108 ,0 ,0 ,123600 
2026년,03월,JNA,LJ,진 에어,국제,동북아,대만,TPE,출발,정기,여객,31 ,11215 ,23 ,59 ,254031 ,0 ,5641 ,96859 
2026년,03월,JNA,LJ,진 에어,국제,동남아,말레이시아,BKI,도착,정기,여객,4 ,659 ,3 ,22 ,0 ,0 ,0 ,7879 
2026년,03월,JNA,LJ,진 에어,국제,동남아,말레이시아,BKI,출발,정기,여객,3 ,339 ,1 ,2 ,1194 ,0 ,0 ,4322 
2026년,03월,JNA,LJ,진 에어,국제,동남아,베트남,CXR,도착,정기,여객,34 ,6081 ,45 ,33 ,0 ,0 ,0 ,74485 
2026년,03월,JNA,LJ,진 에어,국제,동남아,베트남,CXR,출발,정기,여객,33 ,5586 ,48 ,45 ,0 ,0 ,0 ,55270 
2026년,03월,JNA,LJ,진 에어,국제,동남아,베트남,DAD,도착,정기,여객,30 ,5470 ,48 ,26 ,55821 ,0 ,0 ,65145 
2026년,03월,JNA,LJ,진 에어,국제,동남아,베트남,DAD,출발,정기,여객,31 ,5370 ,42 ,56 ,810 ,0 ,0 ,47215 
2026년,03월,JNA,LJ,진 에어,국제,동남아,베트남,PQC,도착,정기,여객,31 ,6096 ,72 ,184 ,0 ,0 ,0 ,77841 
2026년,03월,JNA,LJ,진 에어,국제,동남아,베트남,PQC,출발,정기,여객,31 ,5457 ,79 ,80 ,0 ,0 ,0 ,57105 
2026년,03월,JNA,LJ,진 에어,국제,동남아,태국,BKK,도착,정기,여객,30 ,4865 ,19 ,720 ,22484 ,0 ,0 ,71986 
2026년,03월,JNA,LJ,진 에어,국제,동남아,태국,BKK,출발,정기,여객,29 ,4649 ,17 ,143 ,6678 ,0 ,4737 ,53365 
2026년,03월,JNA,LJ,진 에어,국제,동남아,태국,CNX,도착,정기,여객,3 ,536 ,0 ,8 ,0 ,0 ,0 ,6670 
2026년,03월,JNA,LJ,진 에어,국제,동남아,태국,CNX,출발,정기,여객,2 ,112 ,1 ,2 ,0 ,0 ,0 ,1362 
2026년,03월,JNA,LJ,진 에어,국제,동남아,태국,HKT,도착,정기,여객,3 ,530 ,2 ,28 ,0 ,0 ,0 ,6659 
2026년,03월,JNA,LJ,진 에어,국제,동남아,태국,HKT,출발,정기,여객,2 ,91 ,0 ,4 ,0 ,0 ,0 ,992 
2026년,03월,JNA,LJ,진 에어,국제,동남아,필리핀,CEB,도착,정기,여객,3 ,548 ,3 ,2 ,0 ,0 ,0 ,5995 
2026년,03월,JNA,LJ,진 에어,국제,동남아,필리핀,CEB,출발,정기,여객,2 ,170 ,1 ,1 ,0 ,0 ,0 ,1757 
2026년,03월,JNA,LJ,진 에어,국제,동남아,필리핀,CRK,도착,정기,여객,31 ,5454 ,15 ,195 ,642 ,0 ,0 ,74953 
2026년,03월,JNA,LJ,진 에어,국제,동남아,필리핀,CRK,출발,정기,여객,31 ,5100 ,12 ,255 ,5147 ,0 ,2 ,77774 
2026년,03월,JNA,LJ,진 에어,국제,동남아,필리핀,TAG,도착,정기,여객,34 ,6046 ,28 ,13 ,0 ,0 ,0 ,68999 
2026년,03월,JNA,LJ,진 에어,국제,동남아,필리핀,TAG,출발,정기,여객,33 ,5111 ,25 ,10 ,0 ,0 ,0 ,54210 
2026년,03월,JNA,LJ,진 에어,국제,대양주,괌,GUM,도착,정기,여객,33 ,8473 ,103 ,460 ,0 ,0 ,0 ,110542 
2026년,03월,JNA,LJ,진 에어,국제,대양주,괌,GUM,출발,정기,여객,34 ,7101 ,91 ,464 ,0 ,0 ,0 ,114442 
2026년,03월,JST,JQ,젯스타,국제,대양주,호주,BNE,도착,정기,여객,14 ,4479 ,46 ,20 ,26639 ,0 ,1769 ,66379 
2026년,03월,JST,JQ,젯스타,국제,대양주,호주,BNE,출발,정기,여객,14 ,3991 ,25 ,57 ,102533 ,0 ,8755 ,82686 
2026년,03월,JST,JQ,젯스타,국제,대양주,호주,SYD,도착,정기,여객,31 ,9881 ,49 ,109 ,43561 ,0 ,5029 ,147240 
2026년,03월,JST,JQ,젯스타,국제,대양주,호주,SYD,출발,정기,여객,31 ,7208 ,30 ,96 ,173968 ,0 ,15029 ,121895 
2026년,03월,KAL,KE,대한항공,국내,한국,한국,PUS,도착,정기,여객,154 ,16639 ,69 ,0 ,0 ,0 ,0 ,342273 
2026년,03월,KAL,KE,대한항공,국내,한국,한국,PUS,출발,정기,여객,155 ,17733 ,82 ,0 ,0 ,0 ,0 ,358154 
2026년,03월,KAL,KE,대한항공,국내,한국,한국,TAE,도착,정기,여객,31 ,1873 ,10 ,0 ,0 ,0 ,0 ,38310 
2026년,03월,KAL,KE,대한항공,국내,한국,한국,TAE,출발,정기,여객,31 ,2078 ,16 ,0 ,0 ,0 ,0 ,42960 
2026년,03월,KAL,KE,대한항공,국제,한국,한국,CJU,도착,정기,화물,0 ,0 ,0 ,0 ,0 ,0 ,0 ,0 
2026년,03월,KAL,KE,대한항공,국제,일본,일본,AOJ,도착,정기,여객,14 ,1557 ,4 ,389 ,0 ,0 ,0 ,22412 
2026년,03월,KAL,KE,대한항공,국제,일본,일본,AOJ,도착,부정기,여객,1 ,164 ,0 ,9 ,0 ,0 ,0 ,2010 
2026년,03월,KAL,KE,대한항공,국제,일본,일본,AOJ,출발,정기,여객,14 ,1686 ,6 ,153 ,40 ,0 ,0 ,21139 
2026년,03월,KAL,KE,대한항공,국제,일본,일본,CTS,도착,정기,여객,62 ,9765 ,51 ,4086 ,2244 ,29288 ,0 ,224192 
2026년,03월,KAL,KE,대한항공,국제,일본,일본,CTS,출발,정기,여객,62 ,9639 ,64 ,3318 ,6125 ,25765 ,0 ,180181 
2026년,03월,KAL,KE,대한항공,국제,일본,일본,FUK,도착,정기,여객,93 ,18792 ,249 ,3344 ,81109 ,264609 ,10038 ,289957 
2026년,03월,KAL,KE,대한항공,국제,일본,일본,FUK,도착,부정기,여객,27 ,4214 ,69 ,115 ,15 ,0 ,0 ,55485 
2026년,03월,KAL,KE,대한항공,국제,일본,일본,FUK,출발,정기,여객,93 ,18780 ,270 ,4218 ,118826 ,363443 ,21831 ,272156 
2026년,03월,KAL,KE,대한항공,국제,일본,일본,FUK,출발,부정기,여객,27 ,3738 ,51 ,636 ,0 ,0 ,0 ,47164 
2026년,03월,KAL,KE,대한항공,국제,일본,일본,HND,도착,정기,여객,31 ,5874 ,10 ,2210 ,23230 ,0 ,0 ,97458 
2026년,03월,KAL,KE,대한항공,국제,일본,일본,HND,출발,정기,여객,31 ,5745 ,21 ,2651 ,98112 ,16038 ,87009 ,116494 
2026년,03월,KAL,KE,대한항공,국제,일본,일본,KIJ,도착,정기,여객,13 ,1361 ,8 ,533 ,5 ,0 ,0 ,22385 
2026년,03월,KAL,KE,대한항공,국제,일본,일본,KIJ,출발,정기,여객,13 ,1558 ,5 ,310 ,248 ,0 ,0 ,23505 
2026년,03월,KAL,KE,대한항공,국제,일본,일본,KIX,도착,정기,화물,21 ,0 ,0 ,0 ,555076 ,859252 ,0 ,0 
2026년,03월,KAL,KE,대한항공,국제,일본,일본,KIX,도착,정기,여객,123 ,20536 ,149 ,7038 ,218530 ,151498 ,17600 ,367231 
2026년,03월,KAL,KE,대한항공,국제,일본,일본,KIX,도착,부정기,여객,10 ,1090 ,0 ,410 ,0 ,0 ,0 ,16856 
2026년,03월,KAL,KE,대한항공,국제,일본,일본,KIX,출발,정기,화물,21 ,0 ,0 ,0 ,605011 ,726795 ,109942 ,0 
2026년,03월,KAL,KE,대한항공,국제,일본,일본,KIX,출발,정기,여객,124 ,20254 ,169 ,8383 ,279503 ,312053 ,68003 ,362143 
2026년,03월,KAL,KE,대한항공,국제,일본,일본,KIX,출발,부정기,여객,10 ,1288 ,3 ,472 ,0 ,0 ,0 ,22222 
2026년,03월,KAL,KE,대한항공,국제,일본,일본,KKJ,도착,정기,화물,4 ,0 ,0 ,0 ,65156 ,317652 ,0 ,0 
2026년,03월,KAL,KE,대한항공,국제,일본,일본,KKJ,출발,정기,화물,4 ,0 ,0 ,0 ,16593 ,10712 ,0 ,0 
2026년,03월,KAL,KE,대한항공,국제,일본,일본,KMJ,도착,정기,여객,31 ,4286 ,18 ,89 ,65 ,0 ,0 ,78084 
2026년,03월,KAL,KE,대한항공,국제,일본,일본,KMJ,출발,정기,여객,31 ,4308 ,22 ,108 ,0 ,0 ,0 ,68937 
2026년,03월,KAL,KE,대한항공,국제,일본,일본,KMQ,도착,정기,여객,15 ,1748 ,12 ,607 ,0 ,0 ,0 ,23355 
2026년,03월,KAL,KE,대한항공,국제,일본,일본,KMQ,출발,정기,여객,15 ,2179 ,19 ,200 ,303 ,0 ,0 ,28017 
2026년,03월,KAL,KE,대한항공,국제,일본,일본,KOJ,도착,정기,화물,0 ,0 ,0 ,0 ,0 ,0 ,0 ,0 
2026년,03월,KAL,KE,대한항공,국제,일본,일본,KOJ,도착,정기,여객,31 ,6434 ,18 ,387 ,701 ,0 ,0 ,124800 
2026년,03월,KAL,KE,대한항공,국제,일본,일본,KOJ,출발,정기,여객,31 ,6523 ,23 ,241 ,483 ,0 ,0 ,114273 
2026년,03월,KAL,KE,대한항공,국제,일본,일본,NGO,도착,정기,여객,62 ,7379 ,43 ,3471 ,36195 ,56499 ,12390 ,121142 
2026년,03월,KAL,KE,대한항공,국제,일본,일본,NGO,출발,정기,여객,62 ,8638 ,51 ,2928 ,19664 ,126933 ,15370 ,157027 
2026년,03월,KAL,KE,대한항공,국제,일본,일본,NGS,도착,정기,여객,17 ,2214 ,9 ,173 ,0 ,0 ,0 ,37321 
2026년,03월,KAL,KE,대한항공,국제,일본,일본,NGS,출발,정기,여객,17 ,2354 ,10 ,99 ,0 ,0 ,0 ,37394 
2026년,03월,KAL,KE,대한항공,국제,일본,일본,NRT,도착,정기,화물,26 ,0 ,0 ,0 ,991200 ,1108119 ,3158 ,0 
2026년,03월,KAL,KE,대한항공,국제,일본,일본,NRT,도착,정기,여객,125 ,23554 ,121 ,5815 ,210459 ,238831 ,18275 ,394968 
2026년,03월,KAL,KE,대한항공,국제,일본,일본,NRT,도착,부정기,화물,15 ,0 ,0 ,0 ,251554 ,684819 ,440 ,0 
2026년,03월,KAL,KE,대한항공,국제,일본,일본,NRT,도착,부정기,여객,28 ,3720 ,10 ,308 ,8 ,0 ,0 ,56563 
2026년,03월,KAL,KE,대한항공,국제,일본,일본,NRT,출발,정기,화물,26 ,0 ,0 ,0 ,992428 ,690755 ,102394 ,0 
2026년,03월,KAL,KE,대한항공,국제,일본,일본,NRT,출발,정기,여객,124 ,22635 ,160 ,8673 ,233240 ,277621 ,90315 ,420093 
2026년,03월,KAL,KE,대한항공,국제,일본,일본,NRT,출발,부정기,화물,15 ,0 ,0 ,0 ,427696 ,308784 ,34831 ,0 
2026년,03월,KAL,KE,대한항공,국제,일본,일본,NRT,출발,부정기,여객,28 ,3755 ,22 ,591 ,2 ,0 ,0 ,58997 
2026년,03월,KAL,KE,대한항공,국제,일본,일본,OKA,도착,정기,여객,31 ,5105 ,204 ,264 ,176 ,0 ,0 ,80776 
2026년,03월,KAL,KE,대한항공,국제,일본,일본,OKA,도착,부정기,여객,1 ,157 ,1 ,0 ,0 ,0 ,0 ,1792 
2026년,03월,KAL,KE,대한항공,국제,일본,일본,OKA,출발,정기,여객,31 ,4538 ,171 ,398 ,420 ,1555 ,0 ,64224 
2026년,03월,KAL,KE,대한항공,국제,일본,일본,OKJ,도착,정기,여객,14 ,1340 ,5 ,487 ,0 ,0 ,0 ,21007 
2026년,03월,KAL,KE,대한항공,국제,일본,일본,OKJ,출발,정기,여객,14 ,1672 ,6 ,159 ,47 ,0 ,0 ,22553 
2026년,03월,KAL,KE,대한항공,국제,일본,일본,UKB,도착,정기,여객,61 ,8766 ,55 ,1158 ,1270 ,0 ,0 ,119625 
2026년,03월,KAL,KE,대한항공,국제,일본,일본,UKB,출발,정기,여객,61 ,8743 ,53 ,1492 ,74 ,0 ,0 ,126912 
2026년,03월,KAL,KE,대한항공,국제,중국,중국,CAN,도착,정기,화물,35 ,0 ,0 ,0 ,228955 ,3123615 ,9002 ,0 
2026년,03월,KAL,KE,대한항공,국제,중국,중국,CAN,도착,정기,여객,31 ,6205 ,9 ,1076 ,17460 ,306839 ,5049 ,112061 
2026년,03월,KAL,KE,대한항공,국제,중국,중국,CAN,출발,정기,화물,35 ,0 ,0 ,0 ,307060 ,827429 ,41720 ,0 
2026년,03월,KAL,KE,대한항공,국제,중국,중국,CAN,출발,정기,여객,31 ,6223 ,8 ,848 ,4459 ,28694 ,0 ,85931 
2026년,03월,KAL,KE,대한항공,국제,중국,중국,CGO,도착,정기,화물,8 ,0 ,0 ,0 ,90386 ,617783 ,14335 ,0 
2026년,03월,KAL,KE,대한항공,국제,중국,중국,CGO,도착,정기,여객,19 ,2274 ,5 ,492 ,400 ,0 ,0 ,42900 
2026년,03월,KAL,KE,대한항공,국제,중국,중국,CGO,출발,정기,화물,8 ,0 ,0 ,0 ,37543 ,51357 ,0 ,0 
2026년,03월,KAL,KE,대한항공,국제,중국,중국,CGO,출발,정기,여객,19 ,2011 ,6 ,341 ,821 ,738 ,0 ,29869 
2026년,03월,KAL,KE,대한항공,국제,중국,중국,CSX,도착,정기,여객,22 ,3275 ,1 ,322 ,5353 ,704 ,0 ,49514 
2026년,03월,KAL,KE,대한항공,국제,중국,중국,CSX,출발,정기,여객,22 ,2833 ,1 ,171 ,1131 ,0 ,0 ,33137 
2026년,03월,KAL,KE,대한항공,국제,중국,중국,DLC,도착,정기,여객,31 ,4602 ,30 ,1215 ,26958 ,95392 ,30573 ,83149 
2026년,03월,KAL,KE,대한항공,국제,중국,중국,DLC,출발,정기,여객,31 ,4206 ,22 ,856 ,24744 ,7712 ,8502 ,62874 
2026년,03월,KAL,KE,대한항공,국제,중국,중국,DYG,도착,정기,여객,9 ,1412 ,2 ,13 ,0 ,0 ,0 ,18776 
2026년,03월,KAL,KE,대한항공,국제,중국,중국,DYG,출발,정기,여객,9 ,1348 ,1 ,19 ,0 ,0 ,0 ,15157 
2026년,03월,KAL,KE,대한항공,국제,중국,중국,FOC,도착,정기,여객,18 ,1436 ,6 ,1330 ,0 ,0 ,0 ,62536 
2026년,03월,KAL,KE,대한항공,국제,중국,중국,FOC,출발,정기,여객,18 ,1602 ,8 ,790 ,0 ,0 ,0 ,39216 
2026년,03월,KAL,KE,대한항공,국제,중국,중국,HFE,도착,정기,여객,14 ,2058 ,5 ,189 ,0 ,0 ,0 ,28446 
2026년,03월,KAL,KE,대한항공,국제,중국,중국,HFE,출발,정기,여객,14 ,1762 ,2 ,74 ,420 ,993 ,0 ,22751 
2026년,03월,KAL,KE,대한항공,국제,중국,중국,HGH,도착,정기,여객,13 ,1720 ,6 ,221 ,55 ,0 ,483 ,26355 
2026년,03월,KAL,KE,대한항공,국제,중국,중국,HGH,출발,정기,여객,13 ,1680 ,3 ,173 ,0 ,0 ,0 ,22674 
2026년,03월,KAL,KE,대한항공,국제,중국,중국,KMG,도착,정기,여객,18 ,2630 ,3 ,430 ,14 ,121 ,100 ,43713 
2026년,03월,KAL,KE,대한항공,국제,중국,중국,KMG,출발,정기,여객,18 ,2640 ,0 ,254 ,81 ,0 ,0 ,35966 
2026년,03월,KAL,KE,대한항공,국제,중국,중국,NKG,도착,정기,여객,18 ,2325 ,4 ,711 ,0 ,0 ,0 ,45578 
2026년,03월,KAL,KE,대한항공,국제,중국,중국,NKG,출발,정기,여객,18 ,2317 ,7 ,554 ,38 ,1111 ,0 ,38267 
2026년,03월,KAL,KE,대한항공,국제,중국,중국,PEK,도착,정기,여객,80 ,6729 ,12 ,5623 ,1732 ,36386 ,2876 ,191086 
2026년,03월,KAL,KE,대한항공,국제,중국,중국,PEK,출발,정기,여객,80 ,5078 ,26 ,5920 ,22277 ,521 ,3013 ,165796 
2026년,03월,KAL,KE,대한항공,국제,중국,중국,PVG,도착,정기,화물,35 ,0 ,0 ,0 ,387295 ,2871373 ,0 ,0 
2026년,03월,KAL,KE,대한항공,국제,중국,중국,PVG,도착,정기,여객,93 ,16566 ,47 ,5586 ,48671 ,581814 ,0 ,309654 
2026년,03월,KAL,KE,대한항공,국제,중국,중국,PVG,도착,부정기,화물,14 ,0 ,0 ,0 ,213199 ,1058796 ,0 ,0 
2026년,03월,KAL,KE,대한항공,국제,중국,중국,PVG,출발,정기,화물,35 ,0 ,0 ,0 ,1355950 ,868172 ,7934 ,0 
2026년,03월,KAL,KE,대한항공,국제,중국,중국,PVG,출발,정기,여객,93 ,15940 ,42 ,5729 ,174715 ,139948 ,0 ,267484 
2026년,03월,KAL,KE,대한항공,국제,중국,중국,PVG,출발,부정기,화물,14 ,0 ,0 ,0 ,258758 ,226845 ,0 ,0 
2026년,03월,KAL,KE,대한항공,국제,중국,중국,SHE,도착,정기,여객,62 ,6526 ,36 ,3883 ,1407 ,19397 ,20509 ,198803 
2026년,03월,KAL,KE,대한항공,국제,중국,중국,SHE,출발,정기,여객,62 ,5150 ,45 ,3150 ,3391 ,3883 ,0 ,132017 
2026년,03월,KAL,KE,대한항공,국제,중국,중국,SZX,도착,정기,여객,31 ,7404 ,12 ,859 ,11219 ,472830 ,0 ,112494 
2026년,03월,KAL,KE,대한항공,국제,중국,중국,SZX,출발,정기,여객,31 ,7105 ,10 ,739 ,177747 ,17268 ,0 ,83624 
2026년,03월,KAL,KE,대한항공,국제,중국,중국,TAO,도착,정기,여객,62 ,7870 ,21 ,2890 ,9665 ,102312 ,2749 ,159603 
2026년,03월,KAL,KE,대한항공,국제,중국,중국,TAO,출발,정기,여객,62 ,7483 ,18 ,2242 ,4089 ,36746 ,0 ,121795 
2026년,03월,KAL,KE,대한항공,국제,중국,중국,TSN,도착,정기,화물,20 ,0 ,0 ,0 ,55312 ,1130288 ,130475 ,0 
2026년,03월,KAL,KE,대한항공,국제,중국,중국,TSN,도착,정기,여객,31 ,3805 ,5 ,1326 ,479 ,639 ,0 ,79934 
2026년,03월,KAL,KE,대한항공,국제,중국,중국,TSN,출발,정기,화물,20 ,0 ,0 ,0 ,290299 ,426023 ,0 ,0 
2026년,03월,KAL,KE,대한항공,국제,중국,중국,TSN,출발,정기,여객,31 ,3590 ,7 ,960 ,3123 ,7815 ,0 ,59813 
2026년,03월,KAL,KE,대한항공,국제,중국,중국,WUH,도착,정기,여객,18 ,3835 ,8 ,824 ,2087 ,306948 ,4361 ,65897 
2026년,03월,KAL,KE,대한항공,국제,중국,중국,WUH,출발,정기,여객,18 ,3810 ,6 ,514 ,34154 ,19050 ,0 ,54517 
2026년,03월,KAL,KE,대한항공,국제,중국,중국,XIY,도착,정기,여객,31 ,6902 ,13 ,1115 ,78665 ,139402 ,0 ,108759 
2026년,03월,KAL,KE,대한항공,국제,중국,중국,XIY,출발,정기,화물,0 ,0 ,0 ,0 ,110875 ,73268 ,0 ,0 
2026년,03월,KAL,KE,대한항공,국제,중국,중국,XIY,출발,정기,여객,31 ,6087 ,15 ,732 ,30676 ,69577 ,0 ,81615 
2026년,03월,KAL,KE,대한항공,국제,중국,중국,XMN,도착,정기,여객,31 ,4796 ,3 ,428 ,8984 ,21581 ,1148 ,71913 
2026년,03월,KAL,KE,대한항공,국제,중국,중국,XMN,출발,정기,여객,31 ,4835 ,4 ,194 ,3259 ,431 ,0 ,53251 
2026년,03월,KAL,KE,대한항공,국제,중국,중국,YNJ,도착,정기,여객,31 ,4608 ,25 ,764 ,0 ,0 ,0 ,89706 
2026년,03월,KAL,KE,대한항공,국제,중국,중국,YNJ,출발,정기,여객,31 ,3022 ,21 ,528 ,14 ,0 ,0 ,43372 
2026년,03월,KAL,KE,대한항공,국제,동북아,대만,RMQ,도착,정기,여객,31 ,4411 ,17 ,97 ,300 ,0 ,0 ,58154 
2026년,03월,KAL,KE,대한항공,국제,동북아,대만,RMQ,출발,정기,여객,31 ,4332 ,21 ,45 ,0 ,0 ,0 ,66987 
2026년,03월,KAL,KE,대한항공,국제,동북아,대만,TPE,도착,정기,여객,62 ,15727 ,67 ,879 ,339041 ,240756 ,0 ,222072 
2026년,03월,KAL,KE,대한항공,국제,동북아,대만,TPE,출발,정기,여객,62 ,14430 ,67 ,707 ,369812 ,103022 ,15412 ,199147 
2026년,03월,KAL,KE,대한항공,국제,동북아,마카오,MFM,도착,정기,여객,31 ,5163 ,55 ,27 ,0 ,0 ,0 ,60511 
2026년,03월,KAL,KE,대한항공,국제,동북아,마카오,MFM,출발,정기,여객,31 ,4579 ,49 ,53 ,3 ,0 ,0 ,46407 
2026년,03월,KAL,KE,대한항공,국제,동북아,홍콩,HKG,도착,정기,화물,36 ,0 ,0 ,0 ,377709 ,2487556 ,0 ,0 
2026년,03월,KAL,KE,대한항공,국제,동북아,홍콩,HKG,도착,정기,여객,93 ,17360 ,49 ,4547 ,25990 ,534540 ,0 ,315872 
2026년,03월,KAL,KE,대한항공,국제,동북아,홍콩,HKG,도착,부정기,화물,30 ,0 ,0 ,0 ,141203 ,2487768 ,0 ,0 
2026년,03월,KAL,KE,대한항공,국제,동북아,홍콩,HKG,출발,정기,화물,36 ,0 ,0 ,0 ,1006178 ,150950 ,0 ,0 
2026년,03월,KAL,KE,대한항공,국제,동북아,홍콩,HKG,출발,정기,여객,93 ,15416 ,55 ,4583 ,47627 ,176386 ,161948 ,281067 
2026년,03월,KAL,KE,대한항공,국제,동북아,홍콩,HKG,출발,부정기,화물,30 ,0 ,0 ,0 ,121834 ,138689 ,61313 ,0 
2026년,03월,KAL,KE,대한항공,국제,동북아,몽골,UBN,도착,정기,여객,26 ,4413 ,52 ,1958 ,10508 ,2410 ,54 ,105085 
2026년,03월,KAL,KE,대한항공,국제,동북아,몽골,UBN,출발,정기,여객,26 ,3079 ,36 ,1755 ,96378 ,97780 ,4569 ,105220 
2026년,03월,KAL,KE,대한항공,국제,동남아,말레이시아,KUL,도착,정기,화물,4 ,0 ,0 ,0 ,133866 ,187415 ,0 ,0 
2026년,03월,KAL,KE,대한항공,국제,동남아,말레이시아,KUL,도착,정기,여객,31 ,6378 ,31 ,2230 ,80234 ,291209 ,0 ,153983 
2026년,03월,KAL,KE,대한항공,국제,동남아,말레이시아,KUL,출발,정기,화물,4 ,0 ,0 ,0 ,95256 ,212829 ,0 ,0 
2026년,03월,KAL,KE,대한항공,국제,동남아,말레이시아,KUL,출발,정기,여객,31 ,5710 ,29 ,1050 ,144600 ,133868 ,4950 ,121912 
2026년,03월,KAL,KE,대한항공,국제,동남아,말레이시아,PEN,도착,정기,화물,20 ,0 ,0 ,0 ,475239 ,1060779 ,0 ,0 
2026년,03월,KAL,KE,대한항공,국제,동남아,말레이시아,PEN,출발,정기,화물,20 ,0 ,0 ,0 ,80446 ,625249 ,0 ,0 
2026년,03월,KAL,KE,대한항공,국제,동남아,미얀마,RGN,도착,정기,여객,5 ,931 ,0 ,344 ,21363 ,12987 ,0 ,31900 
2026년,03월,KAL,KE,대한항공,국제,동남아,미얀마,RGN,출발,정기,여객,5 ,765 ,3 ,154 ,14 ,12132 ,1143 ,75115 
2026년,03월,KAL,KE,대한항공,국제,동남아,베트남,CXR,도착,정기,여객,31 ,6721 ,85 ,1773 ,554 ,0 ,0 ,169827 
2026년,03월,KAL,KE,대한항공,국제,동남아,베트남,CXR,도착,부정기,여객,1 ,166 ,3 ,14 ,0 ,0 ,0 ,2697 
2026년,03월,KAL,KE,대한항공,국제,동남아,베트남,CXR,출발,정기,여객,31 ,6357 ,75 ,913 ,25 ,0 ,0 ,103885 
2026년,03월,KAL,KE,대한항공,국제,동남아,베트남,DAD,도착,정기,여객,62 ,13214 ,114 ,4120 ,323326 ,133222 ,18463 ,330771 
2026년,03월,KAL,KE,대한항공,국제,동남아,베트남,DAD,출발,정기,여객,62 ,11995 ,123 ,3228 ,13014 ,63326 ,0 ,208828 
2026년,03월,KAL,KE,대한항공,국제,동남아,베트남,HAN,도착,정기,화물,32 ,0 ,0 ,0 ,1450454 ,1324386 ,0 ,0 
2026년,03월,KAL,KE,대한항공,국제,동남아,베트남,HAN,도착,정기,여객,62 ,11621 ,55 ,3343 ,109427 ,261773 ,0 ,263657 
2026년,03월,KAL,KE,대한항공,국제,동남아,베트남,HAN,도착,부정기,화물,1 ,0 ,0 ,0 ,0 ,79098 ,0 ,0 
2026년,03월,KAL,KE,대한항공,국제,동남아,베트남,HAN,출발,정기,화물,33 ,0 ,0 ,0 ,1939675 ,349529 ,0 ,0 
2026년,03월,KAL,KE,대한항공,국제,동남아,베트남,HAN,출발,정기,여객,62 ,9474 ,24 ,4262 ,79336 ,174337 ,3377 ,195381 
2026년,03월,KAL,KE,대한항공,국제,동남아,베트남,HAN,출발,부정기,화물,1 ,0 ,0 ,0 ,223938 ,75880 ,0 ,0 
2026년,03월,KAL,KE,대한항공,국제,동남아,베트남,PQC,도착,정기,여객,38 ,9683 ,222 ,424 ,0 ,0 ,0 ,145351 
2026년,03월,KAL,KE,대한항공,국제,동남아,베트남,PQC,출발,정기,여객,38 ,7854 ,185 ,256 ,0 ,0 ,0 ,93756 
2026년,03월,KAL,KE,대한항공,국제,동남아,베트남,SGN,도착,정기,화물,8 ,0 ,0 ,0 ,132178 ,460707 ,1495 ,0 
2026년,03월,KAL,KE,대한항공,국제,동남아,베트남,SGN,도착,정기,여객,93 ,12997 ,115 ,13457 ,487160 ,576425 ,0 ,717653 
2026년,03월,KAL,KE,대한항공,국제,동남아,베트남,SGN,출발,정기,화물,8 ,0 ,0 ,0 ,73936 ,146463 ,0 ,0 
2026년,03월,KAL,KE,대한항공,국제,동남아,베트남,SGN,출발,정기,여객,93 ,12127 ,84 ,9973 ,531122 ,254124 ,8308 ,452974 
2026년,03월,KAL,KE,대한항공,국제,동남아,싱가포르,SIN,도착,정기,화물,5 ,0 ,0 ,0 ,190122 ,156069 ,0 ,0 
2026년,03월,KAL,KE,대한항공,국제,동남아,싱가포르,SIN,도착,정기,여객,93 ,21017 ,146 ,5201 ,588736 ,395630 ,0 ,394435 
2026년,03월,KAL,KE,대한항공,국제,동남아,싱가포르,SIN,출발,정기,화물,4 ,0 ,0 ,0 ,226293 ,594567 ,0 ,0 
2026년,03월,KAL,KE,대한항공,국제,동남아,싱가포르,SIN,출발,정기,여객,93 ,17934 ,108 ,4461 ,674257 ,512187 ,27352 ,379357 
2026년,03월,KAL,KE,대한항공,국제,동남아,인도네시아,CGK,도착,정기,여객,31 ,6284 ,49 ,2036 ,147427 ,250567 ,0 ,153373 
2026년,03월,KAL,KE,대한항공,국제,동남아,인도네시아,CGK,출발,정기,화물,0 ,0 ,0 ,0 ,45256 ,164573 ,1495 ,0 
2026년,03월,KAL,KE,대한항공,국제,동남아,인도네시아,CGK,출발,정기,여객,31 ,5722 ,47 ,1064 ,173701 ,124741 ,23633 ,158355 
2026년,03월,KAL,KE,대한항공,국제,동남아,인도네시아,DPS,도착,정기,여객,60 ,10113 ,52 ,7432 ,7127 ,53401 ,0 ,303573 
2026년,03월,KAL,KE,대한항공,국제,동남아,인도네시아,DPS,출발,정기,여객,60 ,9270 ,48 ,5312 ,178175 ,6668 ,0 ,221883 
2026년,03월,KAL,KE,대한항공,국제,동남아,캄보디아,KTI,도착,정기,여객,31 ,1806 ,16 ,2467 ,2038 ,27101 ,5388 ,119550 
2026년,03월,KAL,KE,대한항공,국제,동남아,캄보디아,KTI,출발,정기,여객,31 ,1321 ,21 ,2489 ,154 ,8 ,897 ,100572 
2026년,03월,KAL,KE,대한항공,국제,동남아,태국,BKK,도착,정기,화물,10 ,0 ,0 ,0 ,236382 ,596860 ,0 ,0 
2026년,03월,KAL,KE,대한항공,국제,동남아,태국,BKK,도착,정기,여객,151 ,21150 ,60 ,19448 ,795079 ,955890 ,0 ,792503 
2026년,03월,KAL,KE,대한항공,국제,동남아,태국,BKK,출발,정기,화물,10 ,0 ,0 ,0 ,57221 ,162334 ,0 ,0 
2026년,03월,KAL,KE,대한항공,국제,동남아,태국,BKK,출발,정기,여객,149 ,18732 ,91 ,14052 ,794622 ,398631 ,40773 ,584565 
2026년,03월,KAL,KE,대한항공,국제,동남아,태국,CNX,도착,정기,여객,29 ,5929 ,27 ,1852 ,67827 ,0 ,0 ,141324 
2026년,03월,KAL,KE,대한항공,국제,동남아,태국,CNX,출발,정기,여객,28 ,4152 ,21 ,1283 ,5181 ,0 ,0 ,90489 
2026년,03월,KAL,KE,대한항공,국제,동남아,태국,HKT,도착,정기,여객,31 ,5105 ,34 ,3327 ,120258 ,0 ,0 ,143097 
2026년,03월,KAL,KE,대한항공,국제,동남아,태국,HKT,출발,정기,여객,31 ,4549 ,31 ,1609 ,89146 ,4352 ,0 ,87784 
2026년,03월,KAL,KE,대한항공,국제,동남아,필리핀,CEB,도착,정기,여객,31 ,4373 ,57 ,3745 ,135200 ,62172 ,0 ,146961 
2026년,03월,KAL,KE,대한항공,국제,동남아,필리핀,CEB,출발,정기,여객,31 ,3774 ,61 ,3621 ,30584 ,406963 ,0 ,151728 
2026년,03월,KAL,KE,대한항공,국제,동남아,필리핀,MNL,도착,정기,여객,122 ,9995 ,54 ,17728 ,226586 ,481327 ,0 ,694211 
2026년,03월,KAL,KE,대한항공,국제,동남아,필리핀,MNL,출발,정기,화물,0 ,0 ,0 ,0 ,25479 ,183719 ,0 ,0 
2026년,03월,KAL,KE,대한항공,국제,동남아,필리핀,MNL,출발,정기,여객,121 ,7907 ,82 ,14997 ,261451 ,388200 ,7232 ,614728 
2026년,03월,KAL,KE,대한항공,국제,미주,멕시코,GDL,도착,정기,화물,13 ,0 ,0 ,0 ,194329 ,422576 ,0 ,0 
2026년,03월,KAL,KE,대한항공,국제,미주,멕시코,GDL,출발,정기,화물,12 ,0 ,0 ,0 ,19302 ,314948 ,0 ,0 
2026년,03월,KAL,KE,대한항공,국제,미주,미국,ANC,도착,정기,화물,0 ,0 ,0 ,0 ,28 ,0 ,0 ,0 
2026년,03월,KAL,KE,대한항공,국제,미주,미국,ANC,도착,부정기,화물,0 ,0 ,0 ,0 ,0 ,0 ,0 ,0 
2026년,03월,KAL,KE,대한항공,국제,미주,미국,ANC,출발,정기,화물,0 ,0 ,0 ,0 ,13 ,7500 ,0 ,0 
2026년,03월,KAL,KE,대한항공,국제,미주,미국,ATL,도착,정기,화물,8 ,0 ,0 ,0 ,250793 ,261644 ,0 ,0 
2026년,03월,KAL,KE,대한항공,국제,미주,미국,ATL,도착,정기,여객,32 ,4628 ,24 ,3550 ,7943 ,47878 ,0 ,211963 
2026년,03월,KAL,KE,대한항공,국제,미주,미국,ATL,도착,부정기,화물,1 ,0 ,0 ,0 ,50263 ,32232 ,0 ,0 
2026년,03월,KAL,KE,대한항공,국제,미주,미국,ATL,출발,정기,화물,8 ,0 ,0 ,0 ,207899 ,378174 ,0 ,0 
2026년,03월,KAL,KE,대한항공,국제,미주,미국,ATL,출발,정기,여객,33 ,4445 ,36 ,4435 ,40332 ,387638 ,0 ,267606 
2026년,03월,KAL,KE,대한항공,국제,미주,미국,BOS,도착,정기,여객,31 ,2697 ,16 ,5360 ,63822 ,29742 ,0 ,192331 
2026년,03월,KAL,KE,대한항공,국제,미주,미국,BOS,출발,정기,여객,31 ,2811 ,41 ,5270 ,35448 ,328034 ,0 ,236015 
2026년,03월,KAL,KE,대한항공,국제,미주,미국,DFW,도착,정기,여객,31 ,3831 ,29 ,4196 ,16183 ,55966 ,0 ,192453 
2026년,03월,KAL,KE,대한항공,국제,미주,미국,DFW,출발,정기,화물,0 ,0 ,0 ,0 ,427232 ,984206 ,0 ,0 
2026년,03월,KAL,KE,대한항공,국제,미주,미국,DFW,출발,정기,여객,31 ,3258 ,55 ,4950 ,9609 ,254762 ,0 ,239134 
2026년,03월,KAL,KE,대한항공,국제,미주,미국,IAD,도착,정기,여객,31 ,3895 ,36 ,4215 ,47984 ,93358 ,0 ,204865 
2026년,03월,KAL,KE,대한항공,국제,미주,미국,IAD,출발,정기,여객,31 ,3349 ,48 ,4741 ,9816 ,348984 ,0 ,248823 
2026년,03월,KAL,KE,대한항공,국제,미주,미국,JFK,도착,정기,화물,35 ,0 ,0 ,0 ,730761 ,546807 ,0 ,0 
2026년,03월,KAL,KE,대한항공,국제,미주,미국,JFK,도착,정기,여객,62 ,10762 ,50 ,9485 ,115403 ,86862 ,1285 ,463304 
2026년,03월,KAL,KE,대한항공,국제,미주,미국,JFK,출발,정기,화물,34 ,0 ,0 ,0 ,246736 ,1039774 ,0 ,0 
2026년,03월,KAL,KE,대한항공,국제,미주,미국,JFK,출발,정기,여객,62 ,9910 ,83 ,10372 ,78671 ,486349 ,51226 ,536042 
2026년,03월,KAL,KE,대한항공,국제,미주,미국,LAS,도착,정기,여객,31 ,3167 ,13 ,5128 ,0 ,0 ,0 ,192183 
2026년,03월,KAL,KE,대한항공,국제,미주,미국,LAS,출발,정기,여객,31 ,2843 ,17 ,5324 ,12966 ,391237 ,0 ,201234 
2026년,03월,KAL,KE,대한항공,국제,미주,미국,LAX,도착,정기,화물,58 ,0 ,0 ,0 ,865703 ,599627 ,0 ,0 
2026년,03월,KAL,KE,대한항공,국제,미주,미국,LAX,도착,정기,여객,62 ,13533 ,72 ,8914 ,330957 ,21709 ,217 ,497201 
2026년,03월,KAL,KE,대한항공,국제,미주,미국,LAX,출발,정기,화물,58 ,0 ,0 ,0 ,1213166 ,4081332 ,0 ,0 
2026년,03월,KAL,KE,대한항공,국제,미주,미국,LAX,출발,정기,여객,62 ,11657 ,82 ,10254 ,47746 ,430458 ,28861 ,533553 
2026년,03월,KAL,KE,대한항공,국제,미주,미국,LCK,도착,정기,화물,0 ,0 ,0 ,0 ,74000 ,0 ,0 ,0 
2026년,03월,KAL,KE,대한항공,국제,미주,미국,MIA,출발,정기,화물,0 ,0 ,0 ,0 ,36989 ,763222 ,0 ,0 
2026년,03월,KAL,KE,대한항공,국제,미주,미국,ORD,도착,정기,화물,41 ,0 ,0 ,0 ,233074 ,314487 ,0 ,0 
2026년,03월,KAL,KE,대한항공,국제,미주,미국,ORD,도착,정기,여객,31 ,3315 ,28 ,4673 ,108981 ,96038 ,812 ,192701 
2026년,03월,KAL,KE,대한항공,국제,미주,미국,ORD,출발,정기,화물,43 ,0 ,0 ,0 ,970092 ,3717421 ,0 ,0 
2026년,03월,KAL,KE,대한항공,국제,미주,미국,ORD,출발,정기,여객,31 ,3333 ,44 ,5033 ,119096 ,409905 ,15035 ,237194 
2026년,03월,KAL,KE,대한항공,국제,미주,미국,SEA,도착,정기,화물,17 ,0 ,0 ,0 ,500181 ,382313 ,0 ,0 
2026년,03월,KAL,KE,대한항공,국제,미주,미국,SEA,도착,정기,여객,31 ,3944 ,35 ,5588 ,12726 ,41778 ,0 ,196528 
2026년,03월,KAL,KE,대한항공,국제,미주,미국,SEA,출발,정기,화물,17 ,0 ,0 ,0 ,0 ,15079 ,0 ,0 
2026년,03월,KAL,KE,대한항공,국제,미주,미국,SEA,출발,정기,여객,31 ,3684 ,63 ,5853 ,6672 ,302953 ,0 ,242505 
2026년,03월,KAL,KE,대한항공,국제,미주,미국,SFO,도착,정기,화물,0 ,0 ,0 ,0 ,169845 ,192568 ,0 ,0 
2026년,03월,KAL,KE,대한항공,국제,미주,미국,SFO,도착,정기,여객,31 ,5046 ,31 ,3931 ,19571 ,18603 ,0 ,185696 
2026년,03월,KAL,KE,대한항공,국제,미주,미국,SFO,출발,정기,여객,31 ,4589 ,56 ,4579 ,63519 ,266082 ,0 ,214262 
2026년,03월,KAL,KE,대한항공,국제,미주,브라질,VCP,도착,정기,화물,9 ,0 ,0 ,0 ,6387 ,20283 ,0 ,0 
2026년,03월,KAL,KE,대한항공,국제,미주,브라질,VCP,출발,정기,화물,9 ,0 ,0 ,0 ,65366 ,229067 ,0 ,0 
2026년,03월,KAL,KE,대한항공,국제,미주,칠레,SCL,도착,정기,화물,0 ,0 ,0 ,0 ,50470 ,98736 ,0 ,0 
2026년,03월,KAL,KE,대한항공,국제,미주,캐나다,YEG,도착,정기,화물,0 ,0 ,0 ,0 ,0 ,0 ,0 ,0 
2026년,03월,KAL,KE,대한항공,국제,미주,캐나다,YHZ,도착,정기,화물,0 ,0 ,0 ,0 ,84365 ,587580 ,0 ,0 
2026년,03월,KAL,KE,대한항공,국제,미주,캐나다,YVR,도착,정기,화물,0 ,0 ,0 ,0 ,33570 ,3225 ,0 ,0 
2026년,03월,KAL,KE,대한항공,국제,미주,캐나다,YVR,도착,정기,여객,50 ,6396 ,72 ,9165 ,47887 ,42222 ,0 ,360613 
2026년,03월,KAL,KE,대한항공,국제,미주,캐나다,YVR,출발,정기,여객,50 ,5318 ,145 ,9836 ,52022 ,446147 ,19706 ,471101 
2026년,03월,KAL,KE,대한항공,국제,미주,캐나다,YYZ,도착,정기,화물,13 ,0 ,0 ,0 ,202692 ,231069 ,0 ,0 
2026년,03월,KAL,KE,대한항공,국제,미주,캐나다,YYZ,도착,정기,여객,31 ,4060 ,49 ,5311 ,15952 ,11232 ,0 ,235111 
2026년,03월,KAL,KE,대한항공,국제,미주,캐나다,YYZ,출발,정기,화물,12 ,0 ,0 ,0 ,13225 ,928911 ,2370 ,0 
2026년,03월,KAL,KE,대한항공,국제,미주,캐나다,YYZ,출발,정기,여객,31 ,3421 ,68 ,5867 ,5564 ,184444 ,25021 ,299156 
2026년,03월,KAL,KE,대한항공,국제,미주,페루,LIM,도착,정기,화물,0 ,0 ,0 ,0 ,86550 ,168520 ,0 ,0 
2026년,03월,KAL,KE,대한항공,국제,대양주,뉴질랜드,AKL,도착,정기,여객,26 ,6308 ,42 ,671 ,85105 ,125908 ,0 ,140673 
2026년,03월,KAL,KE,대한항공,국제,대양주,뉴질랜드,AKL,출발,정기,여객,25 ,6017 ,37 ,505 ,28405 ,132639 ,17928 ,127967 
2026년,03월,KAL,KE,대한항공,국제,대양주,호주,BNE,도착,정기,여객,14 ,3360 ,49 ,385 ,53642 ,1277 ,0 ,70379 
2026년,03월,KAL,KE,대한항공,국제,대양주,호주,BNE,출발,정기,여객,13 ,2818 ,38 ,445 ,21533 ,101192 ,11441 ,67738 
2026년,03월,KAL,KE,대한항공,국제,대양주,호주,SYD,도착,정기,여객,31 ,9007 ,49 ,799 ,79822 ,7056 ,0 ,181456 
2026년,03월,KAL,KE,대한항공,국제,대양주,호주,SYD,출발,정기,여객,31 ,7351 ,52 ,674 ,107749 ,193952 ,35159 ,140584 
2026년,03월,KAL,KE,대한항공,국제,대양주,괌,GUM,도착,정기,여객,61 ,11233 ,316 ,1268 ,20225 ,1202 ,0 ,171582 
2026년,03월,KAL,KE,대한항공,국제,대양주,괌,GUM,출발,정기,여객,62 ,9877 ,271 ,1320 ,123444 ,52865 ,0 ,143190 
2026년,03월,KAL,KE,대한항공,국제,대양주,하와이,HNL,도착,정기,여객,31 ,6488 ,40 ,3091 ,32551 ,43089 ,239 ,198141 
2026년,03월,KAL,KE,대한항공,국제,대양주,하와이,HNL,출발,정기,여객,31 ,5230 ,49 ,3488 ,7918 ,353285 ,1112 ,177243 
2026년,03월,KAL,KE,대한항공,국제,유럽,네덜란드,AMS,도착,정기,화물,13 ,0 ,0 ,0 ,948508 ,237772 ,6361 ,0 
2026년,03월,KAL,KE,대한항공,국제,유럽,네덜란드,AMS,도착,정기,여객,18 ,4091 ,21 ,1433 ,87387 ,79259 ,11046 ,103504 
2026년,03월,KAL,KE,대한항공,국제,유럽,네덜란드,AMS,출발,정기,화물,13 ,0 ,0 ,0 ,409412 ,711929 ,0 ,0 
2026년,03월,KAL,KE,대한항공,국제,유럽,네덜란드,AMS,출발,정기,여객,18 ,3410 ,26 ,2020 ,21030 ,53038 ,0 ,104170 
2026년,03월,KAL,KE,대한항공,국제,유럽,노르웨이,OSL,도착,정기,화물,8 ,0 ,0 ,0 ,574837 ,107833 ,0 ,0 
2026년,03월,KAL,KE,대한항공,국제,유럽,노르웨이,OSL,출발,정기,화물,9 ,0 ,0 ,0 ,74089 ,78285 ,0 ,0 
2026년,03월,KAL,KE,대한항공,국제,유럽,독일,FRA,도착,정기,화물,13 ,0 ,0 ,0 ,1009427 ,256485 ,0 ,0 
2026년,03월,KAL,KE,대한항공,국제,유럽,독일,FRA,도착,정기,여객,13 ,3249 ,22 ,517 ,205397 ,54157 ,0 ,73373 
2026년,03월,KAL,KE,대한항공,국제,유럽,독일,FRA,출발,정기,화물,13 ,0 ,0 ,0 ,337623 ,955238 ,9369 ,0 
2026년,03월,KAL,KE,대한항공,국제,유럽,독일,FRA,출발,정기,여객,13 ,3188 ,23 ,549 ,121727 ,58902 ,8980 ,81895 
2026년,03월,KAL,KE,대한항공,국제,유럽,스위스,ZRH,도착,정기,화물,5 ,0 ,0 ,0 ,282629 ,111986 ,0 ,0 
2026년,03월,KAL,KE,대한항공,국제,유럽,스위스,ZRH,출발,정기,화물,5 ,0 ,0 ,0 ,16365 ,88392 ,0 ,0 
2026년,03월,KAL,KE,대한항공,국제,유럽,스위스,ZRH,출발,정기,여객,1 ,228 ,1 ,43 ,907 ,7462 ,0 ,5810 
2026년,03월,KAL,KE,대한항공,국제,유럽,스페인,MAD,도착,정기,화물,8 ,0 ,0 ,0 ,237802 ,502312 ,0 ,0 
2026년,03월,KAL,KE,대한항공,국제,유럽,스페인,MAD,도착,정기,여객,17 ,4345 ,5 ,806 ,115522 ,29140 ,33 ,98627 
2026년,03월,KAL,KE,대한항공,국제,유럽,스페인,MAD,출발,정기,화물,9 ,0 ,0 ,0 ,17070 ,710800 ,1533 ,0 
2026년,03월,KAL,KE,대한항공,국제,유럽,스페인,MAD,출발,정기,여객,18 ,4165 ,9 ,1113 ,3335 ,19083 ,1834 ,94615 
2026년,03월,KAL,KE,대한항공,국제,유럽,영국,LHR,도착,정기,화물,13 ,0 ,0 ,0 ,414049 ,129604 ,0 ,0 
2026년,03월,KAL,KE,대한항공,국제,유럽,영국,LHR,도착,정기,여객,31 ,6209 ,36 ,2136 ,276964 ,109631 ,11517 ,155887 
2026년,03월,KAL,KE,대한항공,국제,유럽,영국,LHR,출발,정기,화물,12 ,0 ,0 ,0 ,256018 ,332551 ,4373 ,0 
2026년,03월,KAL,KE,대한항공,국제,유럽,영국,LHR,출발,정기,여객,31 ,5950 ,35 ,2298 ,151364 ,190214 ,34666 ,171904 
2026년,03월,KAL,KE,대한항공,국제,유럽,오스트리아,VIE,도착,정기,화물,0 ,0 ,0 ,0 ,0 ,0 ,0 ,0 
2026년,03월,KAL,KE,대한항공,국제,유럽,오스트리아,VIE,도착,정기,여객,14 ,3005 ,9 ,816 ,148679 ,53286 ,0 ,70931 
2026년,03월,KAL,KE,대한항공,국제,유럽,오스트리아,VIE,출발,정기,화물,0 ,0 ,0 ,0 ,570350 ,587632 ,721 ,0 
2026년,03월,KAL,KE,대한항공,국제,유럽,오스트리아,VIE,출발,정기,여객,14 ,2799 ,15 ,970 ,52991 ,107573 ,3306 ,73490 
2026년,03월,KAL,KE,대한항공,국제,유럽,오스트리아,VIE,출발,부정기,화물,0 ,0 ,0 ,0 ,4904 ,0 ,0 ,0 
2026년,03월,KAL,KE,대한항공,국제,유럽,이탈리아,FCO,도착,정기,여객,14 ,3495 ,6 ,671 ,119518 ,79629 ,0 ,83731 
2026년,03월,KAL,KE,대한항공,국제,유럽,이탈리아,FCO,출발,정기,여객,13 ,3107 ,15 ,772 ,52704 ,51380 ,0 ,70457 
2026년,03월,KAL,KE,대한항공,국제,유럽,이탈리아,MXP,도착,정기,화물,5 ,0 ,0 ,0 ,447775 ,64113 ,0 ,0 
2026년,03월,KAL,KE,대한항공,국제,유럽,이탈리아,MXP,도착,정기,여객,18 ,4256 ,11 ,876 ,208798 ,103230 ,0 ,108482 
2026년,03월,KAL,KE,대한항공,국제,유럽,이탈리아,MXP,도착,부정기,화물,8 ,0 ,0 ,0 ,443417 ,180666 ,0 ,0 
2026년,03월,KAL,KE,대한항공,국제,유럽,이탈리아,MXP,출발,정기,화물,5 ,0 ,0 ,0 ,17587 ,146917 ,0 ,0 
2026년,03월,KAL,KE,대한항공,국제,유럽,이탈리아,MXP,출발,정기,여객,18 ,4258 ,6 ,807 ,33391 ,226039 ,1609 ,95718 
2026년,03월,KAL,KE,대한항공,국제,유럽,이탈리아,MXP,출발,부정기,화물,9 ,0 ,0 ,0 ,0 ,0 ,0 ,0 
2026년,03월,KAL,KE,대한항공,국제,유럽,체코,PRG,도착,정기,여객,13 ,2439 ,7 ,1260 ,93705 ,97535 ,0 ,65792 
2026년,03월,KAL,KE,대한항공,국제,유럽,체코,PRG,출발,정기,여객,13 ,2432 ,5 ,1253 ,41350 ,51863 ,0 ,71090 
2026년,03월,KAL,KE,대한항공,국제,유럽,포르투갈,LIS,도착,정기,여객,13 ,3246 ,3 ,284 ,94385 ,52852 ,0 ,70043 
2026년,03월,KAL,KE,대한항공,국제,유럽,포르투갈,LIS,출발,정기,여객,13 ,3146 ,6 ,405 ,2621 ,991 ,0 ,62366 
2026년,03월,KAL,KE,대한항공,국제,유럽,프랑스,CDG,도착,정기,화물,0 ,0 ,0 ,0 ,340474 ,92455 ,0 ,0 
2026년,03월,KAL,KE,대한항공,국제,유럽,프랑스,CDG,도착,정기,여객,26 ,5468 ,16 ,1494 ,399570 ,54788 ,0 ,140756 
2026년,03월,KAL,KE,대한항공,국제,유럽,프랑스,CDG,출발,정기,여객,26 ,5624 ,16 ,1338 ,50317 ,326597 ,11095 ,134677 
2026년,03월,KAL,KE,대한항공,국제,유럽,헝가리,BUD,도착,정기,여객,14 ,3101 ,8 ,819 ,165030 ,12467 ,0 ,75592 
2026년,03월,KAL,KE,대한항공,국제,유럽,헝가리,BUD,출발,정기,여객,14 ,2806 ,10 ,1061 ,14178 ,124830 ,2029 ,80552 
2026년,03월,KAL,KE,대한항공,국제,유럽,튀르키예,IST,도착,정기,여객,14 ,3567 ,3 ,738 ,170462 ,7520 ,0 ,79496 
2026년,03월,KAL,KE,대한항공,국제,유럽,튀르키예,IST,출발,정기,여객,14 ,3313 ,5 ,910 ,74647 ,39612 ,889 ,80635 
2026년,03월,KAL,KE,대한항공,국제,기타,네팔,KTM,도착,정기,여객,9 ,1148 ,10 ,1209 ,19411 ,18071 ,0 ,61311 
2026년,03월,KAL,KE,대한항공,국제,기타,네팔,KTM,출발,정기,여객,9 ,1340 ,18 ,797 ,2933 ,74710 ,0 ,55320 
2026년,03월,KAL,KE,대한항공,국제,기타,인도,DEL,도착,정기,여객,22 ,2774 ,14 ,3291 ,109464 ,42454 ,0 ,156104 
2026년,03월,KAL,KE,대한항공,국제,기타,인도,DEL,출발,정기,여객,22 ,2795 ,7 ,638 ,13527 ,196651 ,0 ,68320 
2026년,03월,KAL,KE,대한항공,국제,기타,인도,DEL,출발,부정기,화물,0 ,0 ,0 ,0 ,97487 ,41269 ,0 ,0 
2026년,03월,KLM,KL,KLM네덜란드항공,국제,유럽,네덜란드,AMS,도착,정기,여객,23 ,5962 ,28 ,329 ,351685 ,0 ,3686 ,107227 
2026년,03월,KLM,KL,KLM네덜란드항공,국제,유럽,네덜란드,AMS,출발,정기,여객,23 ,5266 ,20 ,985 ,245369 ,0 ,9752 ,131025 
2026년,03월,KZR,KC,아스타나항공,국제,유럽,카자흐스탄,ALA,도착,정기,여객,31 ,5034 ,38 ,468 ,13319 ,0 ,953 ,91168 
2026년,03월,KZR,KC,아스타나항공,국제,유럽,카자흐스탄,ALA,출발,정기,여객,31 ,4233 ,29 ,565 ,89338 ,0 ,4704 ,103237 
2026년,03월,KZR,KC,아스타나항공,국제,유럽,카자흐스탄,NQZ,도착,정기,여객,10 ,1168 ,11 ,233 ,23 ,0 ,159 ,19544 
2026년,03월,KZR,KC,아스타나항공,국제,유럽,카자흐스탄,NQZ,출발,정기,여객,10 ,1117 ,15 ,219 ,1488 ,0 ,0 ,26373 
2026년,03월,LAO,QV,라오 항공,국제,동남아,라오스,VTE,도착,정기,여객,30 ,3942 ,0 ,86 ,16898 ,0 ,58 ,59883 
2026년,03월,LAO,QV,라오 항공,국제,동남아,라오스,VTE,출발,정기,여객,30 ,2421 ,4 ,69 ,3319 ,0 ,2086 ,37558 
2026년,03월,LHA,GI,롱하오 항공,국제,중국,중국,WEH,도착,정기,화물,31 ,0 ,0 ,0 ,507538 ,0 ,0 ,0 
2026년,03월,LHA,GI,롱하오 항공,국제,중국,중국,WEH,출발,정기,화물,31 ,0 ,0 ,0 ,474715 ,0 ,0 ,0 
2026년,03월,LOT,LO,LOT 폴란드항공,국제,유럽,폴란드,WAW,도착,정기,여객,22 ,5145 ,19 ,403 ,224925 ,0 ,17906 ,82390 
2026년,03월,LOT,LO,LOT 폴란드항공,국제,유럽,폴란드,WAW,출발,정기,여객,22 ,5251 ,16 ,363 ,158213 ,0 ,20846 ,105856 
2026년,03월,LOT,LO,LOT 폴란드항공,국제,유럽,폴란드,WRO,도착,정기,여객,4 ,905 ,6 ,20 ,11617 ,0 ,0 ,14692 
2026년,03월,LOT,LO,LOT 폴란드항공,국제,유럽,폴란드,WRO,출발,정기,여객,4 ,1002 ,7 ,14 ,37627 ,0 ,0 ,20413 
2026년,03월,MAA,M7,MAS AIR,국제,중국,중국,WUX,도착,정기,화물,0 ,0 ,0 ,0 ,0 ,0 ,0 ,0 
2026년,03월,MAA,M7,MAS AIR,국제,중국,중국,WUX,도착,부정기,화물,0 ,0 ,0 ,0 ,0 ,0 ,0 ,0 
2026년,03월,MAA,M7,MAS AIR,국제,미주,멕시코,NLU,도착,정기,화물,14 ,0 ,0 ,0 ,0 ,0 ,0 ,0 
2026년,03월,MAA,M7,MAS AIR,국제,미주,멕시코,NLU,도착,부정기,화물,1 ,0 ,0 ,0 ,0 ,0 ,0 ,0 
2026년,03월,MAA,M7,MAS AIR,국제,미주,멕시코,NLU,출발,정기,화물,14 ,0 ,0 ,0 ,0 ,0 ,0 ,0 
2026년,03월,MAA,M7,MAS AIR,국제,미주,멕시코,NLU,출발,부정기,화물,1 ,0 ,0 ,0 ,0 ,0 ,0 ,0 
2026년,03월,MAA,M7,MAS AIR,국제,미주,미국,ANC,출발,정기,화물,0 ,0 ,0 ,0 ,0 ,0 ,0 ,0 
2026년,03월,MAA,M7,MAS AIR,국제,미주,미국,ANC,출발,부정기,화물,0 ,0 ,0 ,0 ,0 ,0 ,0 ,0 
2026년,03월,MAA,M7,MAS AIR,국제,미주,미국,LAX,도착,정기,화물,0 ,0 ,0 ,0 ,0 ,0 ,0 ,0 
2026년,03월,MAS,MH,말레이시아항공,국제,동남아,말레이시아,KUL,도착,정기,여객,46 ,11361 ,60 ,648 ,376456 ,0 ,1703 ,201034 
2026년,03월,MAS,MH,말레이시아항공,국제,동남아,말레이시아,KUL,출발,정기,여객,47 ,9929 ,56 ,229 ,635316 ,0 ,6261 ,181889 
2026년,03월,MFX,C6,센트럼 항공 / MY FREIGHTER,국제,유럽,우즈베키스탄,TAS,도착,정기,여객,9 ,1995 ,10 ,13 ,0 ,0 ,0 ,30715 
2026년,03월,MFX,C6,센트럼 항공 / MY FREIGHTER,국제,유럽,우즈베키스탄,TAS,출발,정기,여객,9 ,1597 ,17 ,77 ,10820 ,70 ,102 ,24433 
2026년,03월,MGL,OM,몽골항공,국제,동북아,몽골,UBN,도착,정기,여객,49 ,8956 ,79 ,888 ,32058 ,0 ,1514 ,186764 
2026년,03월,MGL,OM,몽골항공,국제,동북아,몽골,UBN,도착,부정기,여객,2 ,478 ,3 ,1 ,0 ,0 ,0 ,10048 
2026년,03월,MGL,OM,몽골항공,국제,동북아,몽골,UBN,출발,정기,여객,48 ,6410 ,75 ,1382 ,223290 ,0 ,855 ,190211 
2026년,03월,MGL,OM,몽골항공,국제,동북아,몽골,UBN,출발,부정기,화물,1 ,0 ,0 ,0 ,25830 ,0 ,0 ,0 
2026년,03월,MGL,OM,몽골항공,국제,동북아,몽골,UBN,출발,부정기,여객,2 ,189 ,0 ,45 ,15970 ,0 ,0 ,5984 
2026년,03월,MGL,OM,몽골항공,국제,동북아,몽골,ULN,도착,부정기,화물,1 ,0 ,0 ,0 ,0 ,0 ,0 ,0 
2026년,03월,MMA,8M,미얀마 국제항공,국제,동남아,미얀마,RGN,도착,정기,여객,16 ,2003 ,5 ,14 ,3869 ,0 ,0 ,46397 
2026년,03월,MMA,8M,미얀마 국제항공,국제,동남아,미얀마,RGN,출발,정기,여객,16 ,1702 ,8 ,3 ,3835 ,0 ,0 ,52859 
2026년,03월,MMA,8M,미얀마 국제항공,국제,동남아,태국,CNX,출발,정기,여객,0 ,0 ,0 ,0 ,0 ,0 ,0 ,0 
2026년,03월,MNG,M0,에어로몽골리아,국제,동북아,몽골,UBN,도착,정기,여객,13 ,1605 ,19 ,2 ,0 ,0 ,0 ,28106 
2026년,03월,MNG,M0,에어로몽골리아,국제,동북아,몽골,UBN,도착,부정기,여객,4 ,449 ,6 ,0 ,0 ,0 ,0 ,8098 
2026년,03월,MNG,M0,에어로몽골리아,국제,동북아,몽골,UBN,출발,정기,여객,13 ,965 ,10 ,23 ,0 ,0 ,0 ,20879 
2026년,03월,MNG,M0,에어로몽골리아,국제,동북아,몽골,UBN,출발,부정기,여객,4 ,195 ,2 ,6 ,39 ,0 ,0 ,4155 
2026년,03월,MPH,MP,마틴에어카고,국제,동북아,홍콩,HKG,출발,정기,화물,0 ,0 ,0 ,0 ,0 ,0 ,0 ,0 
2026년,03월,MPH,MP,마틴에어카고,국제,유럽,네덜란드,AMS,도착,정기,화물,1 ,0 ,0 ,0 ,85454 ,0 ,0 ,0 
2026년,03월,MPH,MP,마틴에어카고,국제,유럽,네덜란드,AMS,출발,정기,화물,1 ,0 ,0 ,0 ,37596 ,0 ,0 ,0 
2026년,03월,MPH,MP,마틴에어카고,국제,유럽,카자흐스탄,ALA,출발,정기,화물,0 ,0 ,0 ,0 ,0 ,0 ,0 ,0 
2026년,03월,MXD,OD,바틱에어,국제,동남아,말레이시아,BKI,도착,정기,여객,13 ,1776 ,8 ,2 ,0 ,0 ,0 ,21480 
2026년,03월,MXD,OD,바틱에어,국제,동남아,말레이시아,BKI,출발,정기,여객,13 ,1288 ,4 ,5 ,0 ,0 ,0 ,17235 
2026년,03월,MXD,OD,바틱에어,국제,동남아,말레이시아,KUL,도착,정기,여객,24 ,3718 ,13 ,76 ,23162 ,0 ,0 ,47812 
2026년,03월,MXD,OD,바틱에어,국제,동남아,말레이시아,KUL,출발,정기,여객,24 ,2371 ,7 ,17 ,18768 ,0 ,0 ,34041 
2026년,03월,PAC,PO,폴라에어카고,국제,중국,중국,PVG,출발,정기,화물,0 ,0 ,0 ,0 ,280967 ,82030 ,0 ,0 
2026년,03월,PAC,PO,폴라에어카고,국제,미주,미국,ANC,도착,정기,화물,0 ,0 ,0 ,0 ,375995 ,21297 ,0 ,0 
2026년,03월,PAC,PO,폴라에어카고,국제,미주,미국,ANC,출발,정기,화물,0 ,0 ,0 ,0 ,0 ,0 ,0 ,0 
2026년,03월,PAC,PO,폴라에어카고,국제,미주,미국,CVG,도착,정기,화물,21 ,0 ,0 ,0 ,229667 ,0 ,0 ,0 
2026년,03월,PAC,PO,폴라에어카고,국제,미주,미국,CVG,출발,정기,화물,21 ,0 ,0 ,0 ,0 ,0 ,0 ,0 
2026년,03월,PAL,PR,필리핀항공,국제,동남아,필리핀,CEB,도착,정기,여객,19 ,3262 ,29 ,70 ,4780 ,0 ,0 ,43246 
2026년,03월,PAL,PR,필리핀항공,국제,동남아,필리핀,CEB,출발,정기,여객,19 ,2187 ,22 ,22 ,8026 ,0 ,0 ,27693 
2026년,03월,PAL,PR,필리핀항공,국제,동남아,필리핀,MNL,도착,정기,여객,62 ,13739 ,80 ,2851 ,68079 ,0 ,578 ,275460 
2026년,03월,PAL,PR,필리핀항공,국제,동남아,필리핀,MNL,출발,정기,여객,62 ,9798 ,59 ,1036 ,152576 ,0 ,0 ,207304 
2026년,03월,PTA,WE,파라타항공,국내,한국,한국,CJU,도착,부정기,여객,1 ,171 ,1 ,0 ,0 ,0 ,0 ,1018 
2026년,03월,PTA,WE,파라타항공,국제,일본,일본,KIX,도착,정기,여객,31 ,4940 ,17 ,0 ,6914 ,0 ,0 ,51901 
2026년,03월,PTA,WE,파라타항공,국제,일본,일본,KIX,출발,정기,여객,31 ,5023 ,22 ,2 ,6517 ,15868 ,0 ,42751 
2026년,03월,PTA,WE,파라타항공,국제,일본,일본,NRT,도착,정기,여객,31 ,8173 ,22 ,8 ,150184 ,15008 ,632 ,84191 
2026년,03월,PTA,WE,파라타항공,국제,일본,일본,NRT,출발,정기,여객,31 ,8180 ,22 ,19 ,115718 ,134811 ,0 ,77714 
2026년,03월,PTA,WE,파라타항공,국제,동남아,베트남,CXR,도착,정기,여객,18 ,2759 ,27 ,4 ,0 ,0 ,0 ,34885 
2026년,03월,PTA,WE,파라타항공,국제,동남아,베트남,CXR,출발,정기,여객,17 ,2528 ,22 ,5 ,0 ,0 ,0 ,24748 
2026년,03월,PTA,WE,파라타항공,국제,동남아,베트남,DAD,도착,정기,여객,31 ,7984 ,39 ,11 ,236456 ,12284 ,0 ,92952 
2026년,03월,PTA,WE,파라타항공,국제,동남아,베트남,DAD,출발,정기,여객,31 ,7392 ,44 ,2 ,6373 ,0 ,0 ,66309 
2026년,03월,QDA,QW,청도항공,국제,중국,중국,TAO,도착,정기,여객,31 ,5235 ,13 ,4 ,23575 ,0 ,276 ,70799 
2026년,03월,QDA,QW,청도항공,국제,중국,중국,TAO,출발,정기,여객,31 ,4065 ,4 ,58 ,5650 ,0 ,0 ,49753 
2026년,03월,QNT,HH,카놋샤크항공,국제,유럽,우즈베키스탄,TAS,도착,정기,여객,13 ,3222 ,43 ,1 ,0 ,0 ,0 ,104333 
2026년,03월,QNT,HH,카놋샤크항공,국제,유럽,우즈베키스탄,TAS,출발,정기,여객,13 ,2621 ,42 ,162 ,120188 ,0 ,0 ,80458 
2026년,03월,QTR,QR,카타르항공,국제,중동,오만,MCT,도착,정기,여객,1 ,49 ,1 ,28 ,21622 ,0 ,0 ,1684 
2026년,03월,QTR,QR,카타르항공,국제,중동,카타르,DOH,도착,정기,화물,5 ,0 ,0 ,0 ,66486 ,0 ,220 ,0 
2026년,03월,QTR,QR,카타르항공,국제,중동,카타르,DOH,도착,정기,여객,3 ,344 ,2 ,55 ,20495 ,0 ,637 ,7157 
2026년,03월,QTR,QR,카타르항공,국제,중동,카타르,DOH,도착,부정기,여객,1 ,353 ,7 ,26 ,13759 ,0 ,17 ,6674 
2026년,03월,QTR,QR,카타르항공,국제,중동,카타르,DOH,출발,정기,화물,5 ,0 ,0 ,0 ,364506 ,0 ,0 ,0 
2026년,03월,QTR,QR,카타르항공,국제,중동,카타르,DOH,출발,정기,여객,5 ,118 ,0 ,11 ,25766 ,0 ,0 ,4513 
2026년,03월,RBA,BI,로얄 브루나이 에어라인,국제,동남아,브루나이,BWN,도착,정기,여객,13 ,1541 ,15 ,21 ,1478 ,0 ,27 ,21049 
2026년,03월,RBA,BI,로얄 브루나이 에어라인,국제,동남아,브루나이,BWN,출발,정기,여객,13 ,1175 ,13 ,6 ,5208 ,0 ,404 ,22618 
2026년,03월,SAS,SK,스칸디나비안 항공,국제,유럽,덴마크,CPH,도착,정기,여객,13 ,3771 ,41 ,67 ,190541 ,0 ,0 ,52903 
2026년,03월,SAS,SK,스칸디나비안 항공,국제,유럽,덴마크,CPH,도착,부정기,여객,2 ,561 ,2 ,14 ,21485 ,0 ,0 ,7754 
2026년,03월,SAS,SK,스칸디나비안 항공,국제,유럽,덴마크,CPH,출발,정기,여객,13 ,3034 ,27 ,483 ,146660 ,0 ,0 ,66544 
2026년,03월,SAS,SK,스칸디나비안 항공,국제,유럽,덴마크,CPH,출발,부정기,여객,2 ,459 ,4 ,53 ,23160 ,0 ,0 ,9740 
2026년,03월,SIA,SQ,싱가폴항공,국제,동남아,싱가포르,SIN,도착,정기,화물,27 ,0 ,0 ,0 ,193749 ,0 ,0 ,0 
2026년,03월,SIA,SQ,싱가폴항공,국제,동남아,싱가포르,SIN,도착,정기,여객,111 ,35141 ,300 ,566 ,1328493 ,0 ,35619 ,563163 
2026년,03월,SIA,SQ,싱가폴항공,국제,동남아,싱가포르,SIN,출발,정기,여객,110 ,31046 ,245 ,200 ,976425 ,0 ,19878 ,623868 
2026년,03월,SIA,SQ,싱가폴항공,국제,동남아,태국,BKK,도착,정기,화물,0 ,0 ,0 ,0 ,320057 ,0 ,0 ,0 
2026년,03월,SIA,SQ,싱가폴항공,국제,미주,미국,CVG,출발,정기,화물,27 ,0 ,0 ,0 ,857050 ,0 ,0 ,0 
2026년,03월,SWM,ZA,스카이앙코르항공,국제,동남아,캄보디아,KTI,도착,정기,여객,16 ,2835 ,8 ,0 ,2120 ,0 ,0 ,33443 
2026년,03월,SWM,ZA,스카이앙코르항공,국제,동남아,캄보디아,KTI,출발,정기,여객,16 ,2014 ,22 ,0 ,9586 ,0 ,148 ,35642 
2026년,03월,SWR,LX,스위스항공,국제,유럽,스위스,ZRH,도착,정기,여객,1 ,234 ,2 ,1 ,11509 ,0 ,5 ,3366 
2026년,03월,SWR,LX,스위스항공,국제,유럽,스위스,ZRH,출발,정기,여객,1 ,209 ,2 ,16 ,13518 ,0 ,0 ,4718 
2026년,03월,TAX,XJ,타이에어아시아엑스,국제,동남아,태국,DMK,도착,정기,여객,38 ,11890 ,32 ,0 ,425608 ,0 ,0 ,131962 
2026년,03월,TAX,XJ,타이에어아시아엑스,국제,동남아,태국,DMK,출발,정기,여객,38 ,7381 ,34 ,39 ,177235 ,0 ,0 ,88157 
2026년,03월,TGW,TR,스쿠트항공,국제,동북아,대만,TPE,도착,정기,여객,0 ,10939 ,23 ,0 ,108585 ,0 ,22988 ,92824 
2026년,03월,TGW,TR,스쿠트항공,국제,동북아,대만,TPE,출발,정기,여객,0 ,10309 ,22 ,0 ,227643 ,0 ,0 ,136753 
2026년,03월,TGW,TR,스쿠트항공,국제,동남아,싱가포르,SIN,도착,정기,여객,45 ,4495 ,17 ,0 ,103575 ,0 ,10861 ,46850 
2026년,03월,TGW,TR,스쿠트항공,국제,동남아,싱가포르,SIN,출발,정기,여객,45 ,3250 ,10 ,0 ,79801 ,0 ,0 ,46417 
2026년,03월,THA,TG,타이항공,국제,동남아,태국,BKK,도착,정기,여객,92 ,26354 ,135 ,1498 ,1334378 ,0 ,150 ,529570 
2026년,03월,THA,TG,타이항공,국제,동남아,태국,BKK,출발,정기,여객,92 ,14849 ,83 ,141 ,1045829 ,0 ,12559 ,306595 
2026년,03월,THY,TK,터키항공,국제,유럽,튀르키예,IST,도착,정기,화물,9 ,0 ,0 ,0 ,676986 ,0 ,45 ,0 
2026년,03월,THY,TK,터키항공,국제,유럽,튀르키예,IST,도착,정기,여객,48 ,16414 ,51 ,240 ,702629 ,0 ,2894 ,291800 
2026년,03월,THY,TK,터키항공,국제,유럽,튀르키예,IST,출발,정기,화물,9 ,0 ,0 ,0 ,773803 ,5878 ,0 ,0 
2026년,03월,THY,TK,터키항공,국제,유럽,튀르키예,IST,출발,정기,여객,49 ,13861 ,51 ,2264 ,850411 ,0 ,0 ,358203 
2026년,03월,TLM,SL,타이라이언항공,국제,동남아,태국,DMK,도착,정기,여객,31 ,4036 ,2 ,3 ,40683 ,0 ,0 ,44208 
2026년,03월,TLM,SL,타이라이언항공,국제,동남아,태국,DMK,출발,정기,여객,31 ,2326 ,3 ,19 ,34634 ,0 ,0 ,28095 
2026년,03월,TTW,IT,타이거에어타이완,국제,동북아,대만,TPE,도착,정기,여객,31 ,5343 ,7 ,0 ,4032 ,0 ,2435 ,43497 
2026년,03월,TTW,IT,타이거에어타이완,국제,동북아,대만,TPE,출발,정기,여객,31 ,4919 ,8 ,0 ,15023 ,0 ,317 ,59638 
2026년,03월,TUA,T5,투르크메니스탄 항공,국제,유럽,투르크메니스탄,ASB,도착,정기,화물,4 ,0 ,0 ,0 ,72052 ,0 ,1100 ,0 
2026년,03월,TUA,T5,투르크메니스탄 항공,국제,유럽,투르크메니스탄,ASB,도착,정기,여객,5 ,704 ,1 ,3 ,34108 ,0 ,1046 ,13673 
2026년,03월,TUA,T5,투르크메니스탄 항공,국제,유럽,투르크메니스탄,ASB,도착,부정기,화물,6 ,0 ,0 ,0 ,110104 ,0 ,567 ,0 
2026년,03월,TUA,T5,투르크메니스탄 항공,국제,유럽,투르크메니스탄,ASB,출발,정기,화물,4 ,0 ,0 ,0 ,193420 ,0 ,0 ,0 
2026년,03월,TUA,T5,투르크메니스탄 항공,국제,유럽,투르크메니스탄,ASB,출발,정기,여객,5 ,348 ,1 ,23 ,96033 ,0 ,0 ,10060 
2026년,03월,TUA,T5,투르크메니스탄 항공,국제,유럽,투르크메니스탄,ASB,출발,부정기,화물,6 ,0 ,0 ,0 ,308703 ,0 ,0 ,0 
2026년,03월,TVJ,VZ,타이비엣젯항공,국제,동남아,태국,BKK,도착,정기,여객,31 ,5312 ,18 ,2 ,33952 ,0 ,0 ,61917 
2026년,03월,TVJ,VZ,타이비엣젯항공,국제,동남아,태국,BKK,출발,정기,여객,31 ,4545 ,12 ,14 ,0 ,0 ,0 ,55890 
2026년,03월,TWB,TW,티웨이항공,국제,일본,일본,CTS,도착,정기,여객,31 ,5162 ,14 ,872 ,0 ,0 ,0 ,70625 
2026년,03월,TWB,TW,티웨이항공,국제,일본,일본,CTS,출발,정기,여객,31 ,4506 ,11 ,1327 ,0 ,0 ,0 ,61237 
2026년,03월,TWB,TW,티웨이항공,국제,일본,일본,FUK,도착,정기,여객,93 ,17839 ,101 ,697 ,0 ,0 ,0 ,194958 
2026년,03월,TWB,TW,티웨이항공,국제,일본,일본,FUK,도착,부정기,여객,30 ,5137 ,50 ,103 ,0 ,0 ,0 ,52553 
2026년,03월,TWB,TW,티웨이항공,국제,일본,일본,FUK,출발,정기,여객,93 ,16749 ,98 ,1250 ,0 ,0 ,0 ,171861 
2026년,03월,TWB,TW,티웨이항공,국제,일본,일본,FUK,출발,부정기,여객,30 ,5275 ,51 ,148 ,0 ,0 ,0 ,40259 
2026년,03월,TWB,TW,티웨이항공,국제,일본,일본,HSG,도착,정기,여객,18 ,3180 ,11 ,33 ,0 ,0 ,0 ,30374 
2026년,03월,TWB,TW,티웨이항공,국제,일본,일본,HSG,출발,정기,여객,18 ,3007 ,16 ,54 ,0 ,0 ,0 ,22546 
2026년,03월,TWB,TW,티웨이항공,국제,일본,일본,KIX,도착,정기,여객,93 ,20126 ,54 ,883 ,185061 ,0 ,0 ,218623 
2026년,03월,TWB,TW,티웨이항공,국제,일본,일본,KIX,도착,부정기,여객,3 ,619 ,2 ,0 ,2498 ,0 ,0 ,6301 
2026년,03월,TWB,TW,티웨이항공,국제,일본,일본,KIX,출발,정기,여객,93 ,19888 ,43 ,1299 ,217742 ,0 ,4432 ,220574 
2026년,03월,TWB,TW,티웨이항공,국제,일본,일본,KIX,출발,부정기,여객,3 ,492 ,2 ,3 ,1884 ,0 ,0 ,4835 
2026년,03월,TWB,TW,티웨이항공,국제,일본,일본,KMJ,도착,정기,여객,31 ,5218 ,17 ,86 ,0 ,0 ,0 ,78152 
2026년,03월,TWB,TW,티웨이항공,국제,일본,일본,KMJ,출발,정기,여객,31 ,5081 ,7 ,62 ,0 ,0 ,0 ,78747 
2026년,03월,TWB,TW,티웨이항공,국제,일본,일본,NRT,도착,정기,여객,97 ,16188 ,28 ,1490 ,8517 ,0 ,0 ,193108 
2026년,03월,TWB,TW,티웨이항공,국제,일본,일본,NRT,출발,정기,여객,97 ,16421 ,32 ,1502 ,62167 ,0 ,2377 ,200452 
2026년,03월,TWB,TW,티웨이항공,국제,일본,일본,OKA,도착,정기,여객,47 ,8153 ,204 ,246 ,0 ,0 ,0 ,88572 
2026년,03월,TWB,TW,티웨이항공,국제,일본,일본,OKA,출발,정기,여객,47 ,7830 ,204 ,185 ,0 ,0 ,0 ,71139 
2026년,03월,TWB,TW,티웨이항공,국제,중국,중국,SHE,도착,정기,여객,1 ,172 ,1 ,16 ,0 ,0 ,0 ,2599 
2026년,03월,TWB,TW,티웨이항공,국제,중국,중국,SHE,출발,정기,여객,1 ,101 ,0 ,18 ,0 ,0 ,0 ,1288 
2026년,03월,TWB,TW,티웨이항공,국제,중국,중국,SYX,도착,정기,여객,1 ,140 ,0 ,0 ,0 ,0 ,0 ,1648 
2026년,03월,TWB,TW,티웨이항공,국제,중국,중국,SYX,도착,부정기,여객,4 ,296 ,0 ,16 ,0 ,0 ,0 ,3940 
2026년,03월,TWB,TW,티웨이항공,국제,중국,중국,SYX,출발,부정기,여객,4 ,173 ,0 ,2 ,0 ,0 ,0 ,1964 
2026년,03월,TWB,TW,티웨이항공,국제,중국,중국,TAO,도착,정기,여객,2 ,357 ,0 ,18 ,0 ,0 ,0 ,4594 
2026년,03월,TWB,TW,티웨이항공,국제,중국,중국,TAO,출발,정기,여객,2 ,272 ,0 ,31 ,0 ,0 ,0 ,3483 
2026년,03월,TWB,TW,티웨이항공,국제,동북아,대만,KHH,도착,정기,여객,30 ,5246 ,21 ,67 ,0 ,0 ,0 ,59140 
2026년,03월,TWB,TW,티웨이항공,국제,동북아,대만,KHH,도착,부정기,여객,1 ,160 ,1 ,15 ,0 ,0 ,0 ,1899 
2026년,03월,TWB,TW,티웨이항공,국제,동북아,대만,KHH,출발,정기,여객,30 ,5082 ,21 ,17 ,0 ,0 ,0 ,58412 
2026년,03월,TWB,TW,티웨이항공,국제,동북아,대만,KHH,출발,부정기,여객,1 ,155 ,0 ,0 ,0 ,0 ,0 ,2111 
2026년,03월,TWB,TW,티웨이항공,국제,동북아,대만,RMQ,도착,정기,여객,30 ,5183 ,21 ,168 ,0 ,0 ,0 ,57453 
2026년,03월,TWB,TW,티웨이항공,국제,동북아,대만,RMQ,도착,부정기,여객,1 ,180 ,0 ,1 ,0 ,0 ,0 ,1959 
2026년,03월,TWB,TW,티웨이항공,국제,동북아,대만,RMQ,출발,정기,여객,30 ,4928 ,18 ,74 ,0 ,0 ,0 ,64846 
2026년,03월,TWB,TW,티웨이항공,국제,동북아,대만,RMQ,출발,부정기,여객,1 ,175 ,2 ,1 ,0 ,0 ,0 ,2367 
2026년,03월,TWB,TW,티웨이항공,국제,동북아,홍콩,HKG,도착,정기,여객,32 ,8736 ,8 ,965 ,241322 ,0 ,0 ,97891 
2026년,03월,TWB,TW,티웨이항공,국제,동북아,홍콩,HKG,출발,정기,여객,31 ,7267 ,10 ,199 ,98062 ,0 ,380 ,94931 
2026년,03월,TWB,TW,티웨이항공,국제,동남아,라오스,VTE,도착,정기,여객,23 ,4024 ,5 ,203 ,1451 ,0 ,0 ,52338 
2026년,03월,TWB,TW,티웨이항공,국제,동남아,라오스,VTE,출발,정기,여객,22 ,2847 ,3 ,71 ,0 ,0 ,0 ,29519 
2026년,03월,TWB,TW,티웨이항공,국제,동남아,말레이시아,BKI,도착,정기,여객,3 ,498 ,0 ,10 ,0 ,0 ,0 ,6001 
2026년,03월,TWB,TW,티웨이항공,국제,동남아,말레이시아,BKI,출발,정기,여객,2 ,64 ,0 ,0 ,0 ,0 ,0 ,656 
2026년,03월,TWB,TW,티웨이항공,국제,동남아,베트남,CXR,도착,정기,여객,31 ,5806 ,56 ,134 ,0 ,0 ,0 ,72718 
2026년,03월,TWB,TW,티웨이항공,국제,동남아,베트남,CXR,출발,정기,여객,31 ,5550 ,46 ,77 ,0 ,0 ,0 ,52226 
2026년,03월,TWB,TW,티웨이항공,국제,동남아,베트남,DAD,도착,정기,여객,76 ,12692 ,57 ,1460 ,125122 ,0 ,0 ,161318 
2026년,03월,TWB,TW,티웨이항공,국제,동남아,베트남,DAD,도착,부정기,여객,14 ,2232 ,7 ,365 ,31436 ,0 ,0 ,29404 
2026년,03월,TWB,TW,티웨이항공,국제,동남아,베트남,DAD,출발,정기,여객,76 ,11600 ,44 ,668 ,15 ,0 ,0 ,98384 
2026년,03월,TWB,TW,티웨이항공,국제,동남아,베트남,DAD,출발,부정기,여객,14 ,2143 ,3 ,68 ,0 ,0 ,0 ,15558 
2026년,03월,TWB,TW,티웨이항공,국제,동남아,베트남,HAN,도착,부정기,여객,3 ,545 ,1 ,11 ,1176 ,0 ,0 ,7813 
2026년,03월,TWB,TW,티웨이항공,국제,동남아,베트남,HAN,출발,부정기,여객,2 ,316 ,0 ,13 ,0 ,0 ,0 ,2297 
2026년,03월,TWB,TW,티웨이항공,국제,동남아,베트남,PQC,도착,정기,여객,2 ,340 ,3 ,11 ,0 ,0 ,0 ,2689 
2026년,03월,TWB,TW,티웨이항공,국제,동남아,베트남,PQC,도착,부정기,여객,2 ,365 ,5 ,2 ,0 ,0 ,0 ,4513 
2026년,03월,TWB,TW,티웨이항공,국제,동남아,베트남,PQC,출발,정기,여객,3 ,482 ,10 ,0 ,0 ,0 ,0 ,4350 
2026년,03월,TWB,TW,티웨이항공,국제,동남아,베트남,PQC,출발,부정기,여객,1 ,24 ,0 ,0 ,0 ,0 ,0 ,148 
2026년,03월,TWB,TW,티웨이항공,국제,동남아,싱가포르,SIN,도착,정기,여객,31 ,8923 ,25 ,1269 ,232421 ,0 ,13618 ,129668 
2026년,03월,TWB,TW,티웨이항공,국제,동남아,싱가포르,SIN,출발,정기,여객,31 ,7941 ,15 ,152 ,384066 ,0 ,0 ,113716 
2026년,03월,TWB,TW,티웨이항공,국제,동남아,태국,BKK,도착,정기,여객,31 ,4629 ,9 ,1100 ,14499 ,0 ,11926 ,69785 
2026년,03월,TWB,TW,티웨이항공,국제,동남아,태국,BKK,출발,정기,여객,31 ,4198 ,6 ,733 ,36111 ,0 ,0 ,57204 
2026년,03월,TWB,TW,티웨이항공,국제,동남아,태국,CNX,도착,정기,여객,3 ,512 ,0 ,52 ,0 ,0 ,0 ,6150 
2026년,03월,TWB,TW,티웨이항공,국제,동남아,태국,CNX,출발,정기,여객,2 ,27 ,0 ,0 ,0 ,0 ,0 ,154 
2026년,03월,TWB,TW,티웨이항공,국제,동남아,필리핀,CEB,도착,정기,여객,22 ,3800 ,45 ,264 ,0 ,0 ,0 ,42038 
2026년,03월,TWB,TW,티웨이항공,국제,동남아,필리핀,CEB,출발,정기,여객,22 ,3431 ,41 ,63 ,0 ,0 ,0 ,29799 
2026년,03월,TWB,TW,티웨이항공,국제,동남아,필리핀,KLO,도착,정기,여객,31 ,5754 ,22 ,21 ,0 ,0 ,0 ,65542 
2026년,03월,TWB,TW,티웨이항공,국제,동남아,필리핀,KLO,출발,정기,여객,31 ,5619 ,22 ,25 ,0 ,0 ,0 ,56396 
2026년,03월,TWB,TW,티웨이항공,국제,미주,캐나다,YVR,도착,정기,여객,18 ,4157 ,23 ,399 ,61545 ,0 ,0 ,69182 
2026년,03월,TWB,TW,티웨이항공,국제,미주,캐나다,YVR,출발,정기,여객,18 ,3675 ,23 ,1784 ,128374 ,0 ,3382 ,100265 
2026년,03월,TWB,TW,티웨이항공,국제,대양주,호주,SYD,도착,정기,여객,22 ,6667 ,23 ,332 ,61619 ,0 ,0 ,120507 
2026년,03월,TWB,TW,티웨이항공,국제,대양주,호주,SYD,출발,정기,여객,21 ,5090 ,13 ,163 ,99160 ,0 ,11480 ,76458 
2026년,03월,TWB,TW,티웨이항공,국제,대양주,괌,GUM,도착,부정기,여객,1 ,0 ,0 ,0 ,0 ,0 ,0 ,0 
2026년,03월,TWB,TW,티웨이항공,국제,대양주,괌,GUM,출발,부정기,여객,1 ,0 ,0 ,0 ,0 ,0 ,0 ,0 
2026년,03월,TWB,TW,티웨이항공,국제,대양주,사이판,SPN,도착,정기,여객,17 ,2616 ,13 ,113 ,0 ,0 ,0 ,35195 
2026년,03월,TWB,TW,티웨이항공,국제,대양주,사이판,SPN,도착,부정기,여객,15 ,2439 ,13 ,104 ,0 ,0 ,0 ,32541 
2026년,03월,TWB,TW,티웨이항공,국제,대양주,사이판,SPN,출발,정기,여객,17 ,2088 ,11 ,91 ,0 ,0 ,0 ,29122 
2026년,03월,TWB,TW,티웨이항공,국제,대양주,사이판,SPN,출발,부정기,여객,15 ,2214 ,8 ,54 ,0 ,0 ,0 ,31962 
2026년,03월,TWB,TW,티웨이항공,국제,유럽,독일,FRA,도착,정기,여객,15 ,3043 ,9 ,436 ,175614 ,0 ,0 ,53993 
2026년,03월,TWB,TW,티웨이항공,국제,유럽,독일,FRA,출발,정기,여객,16 ,3296 ,8 ,424 ,20153 ,0 ,0 ,58234 
2026년,03월,TWB,TW,티웨이항공,국제,유럽,스페인,BCN,도착,정기,여객,18 ,3978 ,5 ,724 ,294075 ,0 ,0 ,85463 
2026년,03월,TWB,TW,티웨이항공,국제,유럽,스페인,BCN,출발,정기,여객,17 ,3894 ,13 ,364 ,188620 ,0 ,0 ,64472 
2026년,03월,TWB,TW,티웨이항공,국제,유럽,이탈리아,FCO,도착,정기,여객,18 ,4484 ,10 ,703 ,172889 ,0 ,0 ,90957 
2026년,03월,TWB,TW,티웨이항공,국제,유럽,이탈리아,FCO,출발,정기,여객,19 ,5125 ,12 ,464 ,184127 ,0 ,0 ,88853 
2026년,03월,TWB,TW,티웨이항공,국제,유럽,프랑스,CDG,도착,정기,여객,17 ,3080 ,11 ,765 ,138875 ,0 ,0 ,60923 
2026년,03월,TWB,TW,티웨이항공,국제,유럽,프랑스,CDG,출발,정기,여객,16 ,2982 ,4 ,431 ,29337 ,0 ,0 ,51198 
2026년,03월,TWB,TW,티웨이항공,국제,유럽,우즈베키스탄,TAS,도착,정기,여객,4 ,705 ,9 ,219 ,0 ,0 ,0 ,42215 
2026년,03월,TWB,TW,티웨이항공,국제,유럽,우즈베키스탄,TAS,출발,정기,여객,4 ,390 ,5 ,152 ,227 ,0 ,0 ,22985 
2026년,03월,TWB,TW,티웨이항공,국제,유럽,키르기즈스탄,BSZ,도착,정기,여객,9 ,1077 ,18 ,231 ,2057 ,0 ,0 ,20205 
2026년,03월,TWB,TW,티웨이항공,국제,유럽,키르기즈스탄,BSZ,출발,정기,여객,8 ,794 ,7 ,257 ,11306 ,0 ,137 ,15942 
2026년,03월,TWB,TW,티웨이항공,국제,기타,방글라데시,DAC,도착,부정기,여객,1 ,159 ,3 ,0 ,0 ,0 ,0 ,5849 
2026년,03월,TWB,TW,티웨이항공,국제,기타,방글라데시,DAC,출발,부정기,여객,1 ,119 ,0 ,0 ,0 ,0 ,0 ,5461 
2026년,03월,TZP,ZG,집에어 도쿄,국제,일본,일본,NRT,도착,정기,여객,31 ,8686 ,30 ,3 ,244643 ,0 ,2416 ,56674 
2026년,03월,TZP,ZG,집에어 도쿄,국제,일본,일본,NRT,도착,부정기,여객,3 ,631 ,0 ,0 ,2323 ,0 ,0 ,3534 
2026년,03월,TZP,ZG,집에어 도쿄,국제,일본,일본,NRT,출발,정기,여객,31 ,8509 ,34 ,11 ,143851 ,0 ,10671 ,91028 
2026년,03월,TZP,ZG,집에어 도쿄,국제,일본,일본,NRT,출발,부정기,여객,3 ,846 ,1 ,0 ,20378 ,0 ,0 ,8474 
2026년,03월,UAE,EK,에미리트항공,국제,중동,아랍에미리트,DXB,도착,정기,여객,15 ,4738 ,56 ,109 ,158302 ,0 ,639 ,94164 
2026년,03월,UAE,EK,에미리트항공,국제,중동,아랍에미리트,DXB,도착,부정기,여객,1 ,419 ,3 ,0 ,2508 ,0 ,110 ,6654 
2026년,03월,UAE,EK,에미리트항공,국제,중동,아랍에미리트,DXB,출발,정기,여객,14 ,1867 ,16 ,39 ,204648 ,0 ,0 ,54300 
2026년,03월,UAE,EK,에미리트항공,국제,중동,아랍에미리트,DXB,출발,부정기,여객,1 ,87 ,0 ,1 ,13194 ,0 ,0 ,2248 
2026년,03월,UAL,UA,유나이티드항공,국제,미주,미국,SFO,도착,정기,여객,62 ,14253 ,60 ,1341 ,421585 ,0 ,26631 ,342143 
2026년,03월,UAL,UA,유나이티드항공,국제,미주,미국,SFO,출발,정기,여객,62 ,12702 ,36 ,2082 ,884077 ,0 ,6471 ,380814 
2026년,03월,UPS,5X,유피에스항공,국제,일본,일본,KIX,출발,정기,화물,0 ,0 ,0 ,0 ,0 ,0 ,0 ,0 
2026년,03월,UPS,5X,유피에스항공,국제,일본,일본,NRT,도착,정기,화물,0 ,0 ,0 ,0 ,0 ,0 ,0 ,0 
2026년,03월,UPS,5X,유피에스항공,국제,중국,중국,CGO,도착,정기,화물,0 ,0 ,0 ,0 ,40994 ,0 ,0 ,0 
2026년,03월,UPS,5X,유피에스항공,국제,중국,중국,CGO,출발,정기,화물,0 ,0 ,0 ,0 ,138383 ,0 ,0 ,0 
2026년,03월,UPS,5X,유피에스항공,국제,중국,중국,PVG,도착,정기,화물,0 ,0 ,0 ,0 ,151501 ,0 ,0 ,0 
2026년,03월,UPS,5X,유피에스항공,국제,중국,중국,SZX,도착,정기,화물,0 ,0 ,0 ,0 ,630803 ,0 ,0 ,0 
2026년,03월,UPS,5X,유피에스항공,국제,중국,중국,SZX,출발,정기,화물,0 ,0 ,0 ,0 ,339129 ,0 ,0 ,0 
2026년,03월,UPS,5X,유피에스항공,국제,동북아,대만,TPE,도착,부정기,화물,2 ,0 ,0 ,0 ,0 ,0 ,0 ,0 
2026년,03월,UPS,5X,유피에스항공,국제,동북아,대만,TPE,출발,정기,화물,0 ,0 ,0 ,0 ,82348 ,0 ,0 ,0 
2026년,03월,UPS,5X,유피에스항공,국제,동북아,대만,TPE,출발,부정기,화물,3 ,0 ,0 ,0 ,18727 ,0 ,0 ,0 
2026년,03월,UPS,5X,유피에스항공,국제,동북아,홍콩,HKG,도착,정기,화물,0 ,0 ,0 ,0 ,0 ,0 ,0 ,0 
2026년,03월,UPS,5X,유피에스항공,국제,동북아,홍콩,HKG,도착,부정기,화물,0 ,0 ,0 ,0 ,724 ,0 ,0 ,0 
2026년,03월,UPS,5X,유피에스항공,국제,동북아,홍콩,HKG,출발,정기,화물,0 ,0 ,0 ,0 ,57233 ,0 ,0 ,0 
2026년,03월,UPS,5X,유피에스항공,국제,동남아,베트남,HAN,도착,정기,화물,0 ,0 ,0 ,0 ,66820 ,0 ,0 ,0 
2026년,03월,UPS,5X,유피에스항공,국제,동남아,베트남,SGN,도착,정기,화물,0 ,0 ,0 ,0 ,0 ,0 ,0 ,0 
2026년,03월,UPS,5X,유피에스항공,국제,동남아,베트남,SGN,도착,부정기,화물,0 ,0 ,0 ,0 ,0 ,0 ,0 ,0 
2026년,03월,UPS,5X,유피에스항공,국제,동남아,싱가포르,SIN,도착,정기,화물,0 ,0 ,0 ,0 ,0 ,0 ,0 ,0 
2026년,03월,UPS,5X,유피에스항공,국제,미주,미국,ANC,도착,정기,화물,59 ,0 ,0 ,0 ,408578 ,0 ,0 ,0 
2026년,03월,UPS,5X,유피에스항공,국제,미주,미국,ANC,출발,정기,화물,81 ,0 ,0 ,0 ,1136975 ,0 ,0 ,0 
2026년,03월,UPS,5X,유피에스항공,국제,미주,미국,ANC,출발,부정기,화물,1 ,0 ,0 ,0 ,32062 ,0 ,0 ,0 
2026년,03월,UPS,5X,유피에스항공,국제,미주,미국,EWR,출발,정기,화물,0 ,0 ,0 ,0 ,0 ,0 ,0 ,0 
2026년,03월,UPS,5X,유피에스항공,국제,미주,미국,ONT,도착,정기,화물,0 ,0 ,0 ,0 ,0 ,0 ,0 ,0 
2026년,03월,UPS,5X,유피에스항공,국제,미주,미국,SDF,도착,정기,화물,61 ,0 ,0 ,0 ,0 ,0 ,0 ,0 
2026년,03월,UPS,5X,유피에스항공,국제,미주,미국,SDF,도착,부정기,화물,7 ,0 ,0 ,0 ,0 ,0 ,0 ,0 
2026년,03월,UPS,5X,유피에스항공,국제,미주,미국,SDF,출발,정기,화물,39 ,0 ,0 ,0 ,0 ,0 ,0 ,0 
2026년,03월,UPS,5X,유피에스항공,국제,미주,미국,SDF,출발,부정기,화물,7 ,0 ,0 ,0 ,0 ,0 ,0 ,0 
2026년,03월,UPS,5X,유피에스항공,국제,대양주,호주,SYD,도착,정기,화물,0 ,0 ,0 ,0 ,29320 ,0 ,0 ,0 
2026년,03월,UPS,5X,유피에스항공,국제,대양주,하와이,HNL,도착,정기,화물,0 ,0 ,0 ,0 ,655 ,0 ,0 ,0 
2026년,03월,UPS,5X,유피에스항공,국제,대양주,하와이,HNL,도착,부정기,화물,1 ,0 ,0 ,0 ,0 ,0 ,0 ,0 
2026년,03월,UPS,5X,유피에스항공,국제,유럽,독일,CGN,도착,정기,화물,0 ,0 ,0 ,0 ,0 ,0 ,0 ,0 
2026년,03월,UPS,5X,유피에스항공,국제,유럽,독일,CGN,출발,정기,화물,0 ,0 ,0 ,0 ,330958 ,0 ,0 ,0 
2026년,03월,UPS,5X,유피에스항공,국제,중동,아랍에미리트,DXB,출발,정기,화물,0 ,0 ,0 ,0 ,0 ,0 ,0 ,0 
2026년,03월,UPS,5X,유피에스항공,국제,기타,인도,DEL,출발,정기,화물,0 ,0 ,0 ,0 ,0 ,0 ,0 ,0 
2026년,03월,UZB,HY,우즈베키스탄항공,국제,유럽,우즈베키스탄,TAS,도착,정기,여객,30 ,6585 ,54 ,431 ,66240 ,0 ,2136 ,159302 
2026년,03월,UZB,HY,우즈베키스탄항공,국제,유럽,우즈베키스탄,TAS,출발,정기,여객,30 ,5813 ,63 ,848 ,187520 ,0 ,33025 ,188405 
2026년,03월,VIR,VS,버진애틀랜틱항공,국제,유럽,영국,LHR,도착,정기,여객,2 ,510 ,5 ,7 ,8776 ,0 ,0 ,8320 
2026년,03월,VIR,VS,버진애틀랜틱항공,국제,유럽,영국,LHR,출발,정기,여객,2 ,462 ,0 ,31 ,24777 ,0 ,0 ,9980 
2026년,03월,VJC,VJ,비엣제트항공,국제,동남아,베트남,CXR,도착,정기,여객,39 ,8496 ,51 ,3 ,55785 ,0 ,0 ,110910 
2026년,03월,VJC,VJ,비엣제트항공,국제,동남아,베트남,CXR,출발,정기,여객,39 ,6584 ,37 ,3 ,0 ,0 ,0 ,56303 
2026년,03월,VJC,VJ,비엣제트항공,국제,동남아,베트남,DAD,도착,정기,여객,38 ,8201 ,36 ,6 ,66371 ,0 ,0 ,117171 
2026년,03월,VJC,VJ,비엣제트항공,국제,동남아,베트남,DAD,출발,정기,여객,38 ,6092 ,22 ,3 ,12279 ,0 ,0 ,48692 
2026년,03월,VJC,VJ,비엣제트항공,국제,동남아,베트남,HAN,도착,정기,여객,62 ,13566 ,64 ,0 ,19824 ,0 ,0 ,295108 
2026년,03월,VJC,VJ,비엣제트항공,국제,동남아,베트남,HAN,출발,정기,여객,62 ,9454 ,52 ,38 ,45009 ,0 ,0 ,122040 
2026년,03월,VJC,VJ,비엣제트항공,국제,동남아,베트남,HPH,도착,정기,여객,31 ,6558 ,121 ,0 ,13128 ,0 ,0 ,155723 
2026년,03월,VJC,VJ,비엣제트항공,국제,동남아,베트남,HPH,출발,정기,여객,31 ,3941 ,82 ,6 ,0 ,0 ,0 ,75550 
2026년,03월,VJC,VJ,비엣제트항공,국제,동남아,베트남,PQC,도착,정기,여객,66 ,12640 ,124 ,6 ,0 ,0 ,0 ,168473 
2026년,03월,VJC,VJ,비엣제트항공,국제,동남아,베트남,PQC,출발,정기,여객,66 ,10731 ,106 ,5 ,0 ,0 ,0 ,102427 
2026년,03월,VJC,VJ,비엣제트항공,국제,동남아,베트남,SGN,도착,정기,여객,91 ,18186 ,144 ,0 ,34916 ,0 ,0 ,364849 
2026년,03월,VJC,VJ,비엣제트항공,국제,동남아,베트남,SGN,출발,정기,여객,90 ,11220 ,87 ,71 ,81068 ,0 ,3400 ,144470 
2026년,03월,VSV,DV,스캇항공,국제,유럽,카자흐스탄,CIT,도착,정기,여객,10 ,1532 ,13 ,2 ,0 ,0 ,0 ,25670 
2026년,03월,VSV,DV,스캇항공,국제,유럽,카자흐스탄,CIT,출발,정기,여객,10 ,944 ,8 ,26 ,1137 ,0 ,0 ,23560 
2026년,03월,WJA,WS,웨스트젯 항공,국제,미주,캐나다,YYC,도착,정기,여객,1 ,301 ,6 ,19 ,1260 ,0 ,0 ,3700 
2026년,03월,WJA,WS,웨스트젯 항공,국제,미주,캐나다,YYC,출발,정기,여객,1 ,256 ,0 ,58 ,18453 ,0 ,0 ,7361 
2026년,03월,XAX,D7,에어아시아엑스,국제,동남아,말레이시아,KUL,도착,정기,여객,51 ,16833 ,77 ,0 ,332847 ,0 ,542 ,200283 
2026년,03월,XAX,D7,에어아시아엑스,국제,동남아,말레이시아,KUL,출발,정기,여객,51 ,10707 ,48 ,39 ,390573 ,0 ,0 ,151805 
2026년,03월,XKY,SR,스카이웨이 ,국제,동남아,필리핀,MNL,출발,부정기,화물,1 ,0 ,0 ,0 ,1738 ,0 ,0 ,0 
2026년,04월,AAL,AA,아메리칸항공,국제,미주,미국,DFW,도착,정기,여객,30 ,6979 ,39 ,477 ,21939 ,0 ,2094 ,151580 
2026년,04월,AAL,AA,아메리칸항공,국제,미주,미국,DFW,출발,정기,여객,30 ,6817 ,39 ,1140 ,272622 ,0 ,22660 ,173153 
2026년,04월,AAR,OZ,아시아나항공,국제,일본,일본,CTS,도착,정기,여객,30 ,3909 ,24 ,988 ,0 ,0 ,0 ,71948 
2026년,04월,AAR,OZ,아시아나항공,국제,일본,일본,CTS,출발,정기,여객,30 ,4242 ,33 ,789 ,0 ,0 ,0 ,55909 
2026년,04월,AAR,OZ,아시아나항공,국제,일본,일본,FUK,도착,정기,여객,30 ,7751 ,200 ,611 ,85383 ,16403 ,0 ,112294 
2026년,04월,AAR,OZ,아시아나항공,국제,일본,일본,FUK,출발,정기,여객,30 ,7507 ,195 ,676 ,28802 ,109945 ,0 ,84498 
2026년,04월,AAR,OZ,아시아나항공,국제,일본,일본,HND,도착,정기,여객,30 ,3844 ,7 ,4770 ,42662 ,0 ,0 ,128267 
2026년,04월,AAR,OZ,아시아나항공,국제,일본,일본,HND,출발,정기,여객,30 ,5904 ,29 ,1813 ,13458 ,63075 ,3 ,102098 
2026년,04월,AAR,OZ,아시아나항공,국제,일본,일본,KIX,도착,정기,여객,110 ,19121 ,94 ,7243 ,218840 ,14410 ,0 ,367078 
2026년,04월,AAR,OZ,아시아나항공,국제,일본,일본,KIX,출발,정기,여객,111 ,20482 ,99 ,4603 ,223339 ,109005 ,50072 ,291161 
2026년,04월,AAR,OZ,아시아나항공,국제,일본,일본,KMI,도착,정기,여객,13 ,1968 ,4 ,81 ,0 ,0 ,0 ,37647 
2026년,04월,AAR,OZ,아시아나항공,국제,일본,일본,KMI,출발,정기,여객,13 ,1976 ,4 ,66 ,0 ,0 ,0 ,34459 
2026년,04월,AAR,OZ,아시아나항공,국제,일본,일본,NGO,도착,정기,여객,60 ,12547 ,59 ,2092 ,336 ,62 ,0 ,197012 
2026년,04월,AAR,OZ,아시아나항공,국제,일본,일본,NGO,출발,정기,여객,60 ,13718 ,72 ,1784 ,18302 ,161390 ,0 ,184562 
2026년,04월,AAR,OZ,아시아나항공,국제,일본,일본,NRT,도착,정기,여객,120 ,20623 ,141 ,10837 ,390823 ,54118 ,0 ,466564 
2026년,04월,AAR,OZ,아시아나항공,국제,일본,일본,NRT,출발,정기,여객,120 ,22931 ,141 ,6659 ,122049 ,251070 ,64228 ,378102 
2026년,04월,AAR,OZ,아시아나항공,국제,일본,일본,OKA,도착,정기,여객,30 ,4867 ,204 ,311 ,0 ,0 ,0 ,71962 
2026년,04월,AAR,OZ,아시아나항공,국제,일본,일본,OKA,출발,정기,여객,30 ,4892 ,195 ,385 ,0 ,10911 ,0 ,63143 
2026년,04월,AAR,OZ,아시아나항공,국제,일본,일본,SDJ,도착,정기,여객,30 ,4103 ,29 ,595 ,23 ,0 ,0 ,55851 
2026년,04월,AAR,OZ,아시아나항공,국제,일본,일본,SDJ,출발,정기,여객,30 ,4162 ,32 ,579 ,141 ,0 ,0 ,58751 
2026년,04월,AAR,OZ,아시아나항공,국제,일본,일본,TOY,도착,부정기,여객,5 ,735 ,0 ,0 ,0 ,0 ,0 ,8701 
2026년,04월,AAR,OZ,아시아나항공,국제,일본,일본,TOY,출발,부정기,여객,5 ,914 ,0 ,0 ,0 ,0 ,0 ,8818 
2026년,04월,AAR,OZ,아시아나항공,국제,중국,중국,CAN,도착,정기,여객,60 ,10534 ,10 ,4859 ,216831 ,340210 ,12538 ,288051 
2026년,04월,AAR,OZ,아시아나항공,국제,중국,중국,CAN,출발,정기,여객,60 ,11584 ,20 ,3658 ,78644 ,2967 ,0 ,218763 
2026년,04월,AAR,OZ,아시아나항공,국제,중국,중국,CAN,출발,부정기,여객,1 ,151 ,0 ,19 ,0 ,0 ,0 ,1975 
2026년,04월,AAR,OZ,아시아나항공,국제,중국,중국,CGQ,도착,정기,여객,27 ,3353 ,15 ,942 ,73 ,16911 ,513 ,61598 
2026년,04월,AAR,OZ,아시아나항공,국제,중국,중국,CGQ,출발,정기,여객,27 ,2958 ,14 ,649 ,1143 ,0 ,0 ,51173 
2026년,04월,AAR,OZ,아시아나항공,국제,중국,중국,CKG,도착,정기,여객,30 ,4617 ,2 ,601 ,5948 ,1909 ,0 ,64795 
2026년,04월,AAR,OZ,아시아나항공,국제,중국,중국,CKG,출발,정기,여객,30 ,4309 ,3 ,495 ,10072 ,106 ,0 ,55406 
2026년,04월,AAR,OZ,아시아나항공,국제,중국,중국,CSX,도착,정기,여객,21 ,3366 ,1 ,235 ,0 ,0 ,17165 ,42782 
2026년,04월,AAR,OZ,아시아나항공,국제,중국,중국,CSX,출발,정기,여객,22 ,2782 ,0 ,271 ,832 ,73 ,0 ,34284 
2026년,04월,AAR,OZ,아시아나항공,국제,중국,중국,DLC,도착,정기,여객,43 ,9306 ,36 ,1131 ,110178 ,55299 ,82505 ,123297 
2026년,04월,AAR,OZ,아시아나항공,국제,중국,중국,DLC,출발,정기,여객,43 ,7800 ,38 ,1153 ,74497 ,30429 ,0 ,104173 
2026년,04월,AAR,OZ,아시아나항공,국제,중국,중국,HGH,도착,정기,여객,30 ,7533 ,16 ,630 ,173150 ,118751 ,2276 ,103075 
2026년,04월,AAR,OZ,아시아나항공,국제,중국,중국,HGH,출발,정기,여객,30 ,7279 ,14 ,461 ,11961 ,1282 ,0 ,91632 
2026년,04월,AAR,OZ,아시아나항공,국제,중국,중국,HRB,도착,정기,여객,27 ,3348 ,15 ,562 ,0 ,635 ,0 ,54019 
2026년,04월,AAR,OZ,아시아나항공,국제,중국,중국,HRB,출발,정기,여객,27 ,3033 ,15 ,376 ,0 ,1000 ,0 ,48277 
2026년,04월,AAR,OZ,아시아나항공,국제,중국,중국,NKG,도착,정기,여객,30 ,4364 ,14 ,707 ,3678 ,622 ,0 ,65211 
2026년,04월,AAR,OZ,아시아나항공,국제,중국,중국,NKG,출발,정기,여객,30 ,4468 ,15 ,455 ,564 ,93 ,0 ,64471 
2026년,04월,AAR,OZ,아시아나항공,국제,중국,중국,PEK,도착,정기,여객,85 ,14071 ,21 ,3303 ,37612 ,115436 ,5483 ,230833 
2026년,04월,AAR,OZ,아시아나항공,국제,중국,중국,PEK,출발,정기,여객,85 ,13814 ,19 ,3068 ,10227 ,13266 ,0 ,232063 
2026년,04월,AAR,OZ,아시아나항공,국제,중국,중국,PVG,도착,정기,여객,120 ,26595 ,54 ,4709 ,454875 ,431240 ,0 ,402389 
2026년,04월,AAR,OZ,아시아나항공,국제,중국,중국,PVG,출발,정기,여객,120 ,23393 ,52 ,4161 ,156306 ,96173 ,0 ,345766 
2026년,04월,AAR,OZ,아시아나항공,국제,중국,중국,SZX,도착,정기,여객,30 ,7518 ,12 ,315 ,140637 ,122727 ,10856 ,92443 
2026년,04월,AAR,OZ,아시아나항공,국제,중국,중국,SZX,출발,정기,여객,30 ,7656 ,12 ,209 ,88846 ,19176 ,0 ,92628 
2026년,04월,AAR,OZ,아시아나항공,국제,중국,중국,TFU,도착,정기,여객,30 ,4090 ,2 ,1041 ,0 ,0 ,0 ,65947 
2026년,04월,AAR,OZ,아시아나항공,국제,중국,중국,TFU,출발,정기,여객,30 ,3919 ,5 ,868 ,341 ,9 ,0 ,62923 
2026년,04월,AAR,OZ,아시아나항공,국제,중국,중국,TSN,도착,정기,여객,30 ,4737 ,9 ,662 ,1704 ,2160 ,0 ,68241 
2026년,04월,AAR,OZ,아시아나항공,국제,중국,중국,TSN,출발,정기,여객,30 ,4341 ,6 ,638 ,197 ,4696 ,0 ,69380 
2026년,04월,AAR,OZ,아시아나항공,국제,중국,중국,XIY,도착,정기,여객,21 ,3170 ,3 ,667 ,0 ,519 ,0 ,49390 
2026년,04월,AAR,OZ,아시아나항공,국제,중국,중국,XIY,출발,정기,여객,21 ,3023 ,3 ,381 ,2044 ,1797 ,0 ,39496 
2026년,04월,AAR,OZ,아시아나항공,국제,중국,중국,YNJ,도착,정기,여객,30 ,4630 ,14 ,105 ,0 ,0 ,14283 ,70030 
2026년,04월,AAR,OZ,아시아나항공,국제,중국,중국,YNJ,출발,정기,여객,30 ,4540 ,27 ,483 ,40 ,0 ,0 ,67026 
2026년,04월,AAR,OZ,아시아나항공,국제,중국,중국,YNZ,도착,정기,여객,8 ,1100 ,2 ,31 ,0 ,0 ,0 ,19561 
2026년,04월,AAR,OZ,아시아나항공,국제,중국,중국,YNZ,출발,정기,여객,8 ,1089 ,2 ,6 ,0 ,0 ,0 ,17697 
2026년,04월,AAR,OZ,아시아나항공,국제,동북아,대만,TPE,도착,정기,여객,60 ,20057 ,81 ,1109 ,394594 ,50442 ,0 ,267830 
2026년,04월,AAR,OZ,아시아나항공,국제,동북아,대만,TPE,도착,부정기,여객,1 ,90 ,0 ,2 ,0 ,0 ,0 ,1042 
2026년,04월,AAR,OZ,아시아나항공,국제,동북아,대만,TPE,출발,정기,여객,60 ,20345 ,74 ,813 ,218118 ,123031 ,0 ,251873 
2026년,04월,AAR,OZ,아시아나항공,국제,동북아,대만,TPE,출발,부정기,여객,1 ,173 ,0 ,2 ,0 ,0 ,0 ,1421 
2026년,04월,AAR,OZ,아시아나항공,국제,동북아,홍콩,HKG,도착,정기,여객,60 ,8816 ,18 ,1941 ,218627 ,71924 ,0 ,151402 
2026년,04월,AAR,OZ,아시아나항공,국제,동북아,홍콩,HKG,출발,정기,여객,60 ,9644 ,32 ,1620 ,52759 ,7814 ,0 ,160342 
2026년,04월,AAR,OZ,아시아나항공,국제,동북아,몽골,UBN,도착,정기,여객,13 ,1319 ,12 ,253 ,23 ,2 ,0 ,24456 
2026년,04월,AAR,OZ,아시아나항공,국제,동북아,몽골,UBN,출발,정기,여객,13 ,1564 ,20 ,511 ,8 ,0 ,0 ,47802 
2026년,04월,AAR,OZ,아시아나항공,국제,동남아,베트남,DAD,도착,정기,여객,30 ,4056 ,21 ,1189 ,14418 ,499 ,0 ,91928 
2026년,04월,AAR,OZ,아시아나항공,국제,동남아,베트남,DAD,출발,정기,여객,30 ,4174 ,28 ,912 ,51 ,939 ,0 ,62406 
2026년,04월,AAR,OZ,아시아나항공,국제,동남아,베트남,HAN,도착,정기,여객,60 ,16067 ,68 ,1946 ,312006 ,174654 ,0 ,269489 
2026년,04월,AAR,OZ,아시아나항공,국제,동남아,베트남,HAN,출발,정기,여객,60 ,15477 ,72 ,2191 ,87380 ,96747 ,0 ,219573 
2026년,04월,AAR,OZ,아시아나항공,국제,동남아,베트남,SGN,도착,정기,여객,60 ,9276 ,62 ,3974 ,118693 ,117279 ,0 ,301112 
2026년,04월,AAR,OZ,아시아나항공,국제,동남아,베트남,SGN,출발,정기,여객,60 ,8101 ,59 ,3599 ,75523 ,89179 ,0 ,214395 
2026년,04월,AAR,OZ,아시아나항공,국제,동남아,싱가포르,SIN,도착,정기,여객,30 ,6244 ,21 ,666 ,250713 ,122409 ,0 ,96543 
2026년,04월,AAR,OZ,아시아나항공,국제,동남아,싱가포르,SIN,출발,정기,여객,30 ,7225 ,28 ,508 ,244474 ,38828 ,0 ,124396 
2026년,04월,AAR,OZ,아시아나항공,국제,동남아,인도네시아,CGK,도착,정기,여객,30 ,6669 ,23 ,1485 ,66527 ,116262 ,3267 ,136467 
2026년,04월,AAR,OZ,아시아나항공,국제,동남아,인도네시아,CGK,출발,정기,여객,30 ,7226 ,37 ,1303 ,156222 ,93688 ,0 ,184542 
2026년,04월,AAR,OZ,아시아나항공,국제,동남아,캄보디아,KTI,도착,정기,여객,30 ,4506 ,45 ,939 ,3014 ,9770 ,0 ,120757 
2026년,04월,AAR,OZ,아시아나항공,국제,동남아,캄보디아,KTI,출발,정기,여객,30 ,3852 ,49 ,883 ,397 ,250 ,0 ,103081 
2026년,04월,AAR,OZ,아시아나항공,국제,동남아,태국,BKK,도착,정기,여객,60 ,12588 ,51 ,4314 ,271135 ,4289 ,0 ,303309 
2026년,04월,AAR,OZ,아시아나항공,국제,동남아,태국,BKK,도착,부정기,여객,1 ,130 ,1 ,46 ,0 ,0 ,0 ,3097 
2026년,04월,AAR,OZ,아시아나항공,국제,동남아,태국,BKK,출발,정기,여객,60 ,14451 ,77 ,4006 ,91877 ,18879 ,0 ,337851 
2026년,04월,AAR,OZ,아시아나항공,국제,동남아,태국,BKK,출발,부정기,여객,1 ,100 ,0 ,51 ,0 ,0 ,0 ,3168 
2026년,04월,AAR,OZ,아시아나항공,국제,동남아,태국,HKT,도착,정기,여객,30 ,6221 ,41 ,1029 ,90305 ,0 ,0 ,104472 
2026년,04월,AAR,OZ,아시아나항공,국제,동남아,태국,HKT,출발,정기,여객,30 ,6289 ,40 ,714 ,4090 ,191302 ,0 ,87430 
2026년,04월,AAR,OZ,아시아나항공,국제,동남아,필리핀,CRK,도착,정기,여객,17 ,1818 ,7 ,593 ,0 ,0 ,0 ,46741 
2026년,04월,AAR,OZ,아시아나항공,국제,동남아,필리핀,CRK,출발,정기,여객,18 ,2038 ,14 ,489 ,60 ,0 ,0 ,52118 
2026년,04월,AAR,OZ,아시아나항공,국제,동남아,필리핀,MNL,도착,정기,여객,60 ,9420 ,53 ,6969 ,176222 ,149659 ,0 ,350170 
2026년,04월,AAR,OZ,아시아나항공,국제,동남아,필리핀,MNL,출발,정기,여객,60 ,10794 ,76 ,6075 ,312033 ,172324 ,0 ,400862 
2026년,04월,AAR,OZ,아시아나항공,국제,미주,미국,JFK,도착,정기,여객,60 ,7004 ,43 ,12493 ,31550 ,6901 ,0 ,474704 
2026년,04월,AAR,OZ,아시아나항공,국제,미주,미국,JFK,출발,정기,여객,60 ,8312 ,75 ,15091 ,194522 ,135401 ,0 ,610832 
2026년,04월,AAR,OZ,아시아나항공,국제,미주,미국,LAX,도착,정기,여객,30 ,5936 ,52 ,7690 ,67564 ,19009 ,0 ,341414 
2026년,04월,AAR,OZ,아시아나항공,국제,미주,미국,LAX,출발,정기,여객,30 ,5973 ,53 ,8362 ,97939 ,10238 ,0 ,390906 
2026년,04월,AAR,OZ,아시아나항공,국제,미주,미국,SEA,도착,정기,여객,22 ,2027 ,14 ,3850 ,1521 ,29103 ,0 ,131252 
2026년,04월,AAR,OZ,아시아나항공,국제,미주,미국,SEA,출발,정기,여객,21 ,1936 ,31 ,4265 ,39129 ,97490 ,0 ,162509 
2026년,04월,AAR,OZ,아시아나항공,국제,미주,미국,SFO,도착,정기,여객,30 ,3335 ,23 ,4715 ,64376 ,817 ,0 ,186913 
2026년,04월,AAR,OZ,아시아나항공,국제,미주,미국,SFO,출발,정기,여객,30 ,3498 ,36 ,5573 ,190681 ,87132 ,0 ,223089 
2026년,04월,AAR,OZ,아시아나항공,국제,대양주,호주,SYD,도착,정기,여객,30 ,6912 ,43 ,958 ,37826 ,490 ,0 ,132268 
2026년,04월,AAR,OZ,아시아나항공,국제,대양주,호주,SYD,출발,정기,여객,30 ,7661 ,64 ,734 ,157804 ,14349 ,0 ,147921 
2026년,04월,AAR,OZ,아시아나항공,국제,대양주,하와이,HNL,도착,정기,여객,21 ,2776 ,16 ,2036 ,0 ,0 ,0 ,105978 
2026년,04월,AAR,OZ,아시아나항공,국제,대양주,하와이,HNL,출발,정기,여객,21 ,3593 ,24 ,2204 ,154496 ,6285 ,0 ,118467 
2026년,04월,AAR,OZ,아시아나항공,국제,유럽,독일,FRA,도착,정기,여객,17 ,4334 ,25 ,277 ,109631 ,32342 ,0 ,89759 
2026년,04월,AAR,OZ,아시아나항공,국제,유럽,독일,FRA,출발,정기,여객,17 ,4173 ,25 ,958 ,57040 ,28302 ,0 ,105268 
2026년,04월,AAR,OZ,아시아나항공,국제,유럽,스페인,BCN,도착,정기,여객,21 ,5658 ,6 ,482 ,98042 ,11408 ,0 ,120060 
2026년,04월,AAR,OZ,아시아나항공,국제,유럽,스페인,BCN,출발,정기,여객,21 ,5644 ,12 ,687 ,75073 ,27630 ,0 ,106147 
2026년,04월,AAR,OZ,아시아나항공,국제,유럽,영국,LHR,도착,정기,여객,30 ,4622 ,15 ,1577 ,158542 ,68189 ,0 ,112114 
2026년,04월,AAR,OZ,아시아나항공,국제,유럽,영국,LHR,출발,정기,여객,30 ,4638 ,28 ,4411 ,98596 ,98844 ,0 ,177199 
2026년,04월,AAR,OZ,아시아나항공,국제,유럽,이탈리아,FCO,도착,정기,여객,17 ,3996 ,7 ,474 ,118634 ,17254 ,0 ,84761 
2026년,04월,AAR,OZ,아시아나항공,국제,유럽,이탈리아,FCO,출발,정기,여객,17 ,4050 ,6 ,948 ,12257 ,56231 ,0 ,83022 
2026년,04월,AAR,OZ,아시아나항공,국제,유럽,이탈리아,MXP,도착,정기,여객,13 ,3042 ,13 ,416 ,119623 ,5108 ,0 ,61050 
2026년,04월,AAR,OZ,아시아나항공,국제,유럽,이탈리아,MXP,출발,정기,여객,13 ,2819 ,16 ,1112 ,32135 ,52303 ,0 ,64851 
2026년,04월,AAR,OZ,아시아나항공,국제,유럽,체코,PRG,도착,정기,여객,13 ,2754 ,7 ,370 ,87372 ,74377 ,0 ,53247 
2026년,04월,AAR,OZ,아시아나항공,국제,유럽,체코,PRG,출발,정기,여객,13 ,2984 ,13 ,960 ,66587 ,18803 ,0 ,66590 
2026년,04월,AAR,OZ,아시아나항공,국제,유럽,프랑스,CDG,도착,정기,여객,21 ,5265 ,20 ,422 ,147487 ,55456 ,0 ,102976 
2026년,04월,AAR,OZ,아시아나항공,국제,유럽,프랑스,CDG,출발,정기,여객,21 ,5521 ,11 ,806 ,72599 ,39345 ,0 ,114697 
2026년,04월,AAR,OZ,아시아나항공,국제,유럽,헝가리,BUD,도착,정기,여객,9 ,2131 ,1 ,133 ,25073 ,17600 ,0 ,39929 
2026년,04월,AAR,OZ,아시아나항공,국제,유럽,헝가리,BUD,도착,부정기,여객,3 ,744 ,0 ,26 ,12281 ,2761 ,0 ,13778 
2026년,04월,AAR,OZ,아시아나항공,국제,유럽,헝가리,BUD,출발,정기,여객,9 ,2211 ,4 ,534 ,34298 ,32903 ,0 ,45897 
2026년,04월,AAR,OZ,아시아나항공,국제,유럽,헝가리,BUD,출발,부정기,여객,3 ,831 ,3 ,93 ,8424 ,17884 ,0 ,16562 
2026년,04월,AAR,OZ,아시아나항공,국제,유럽,우즈베키스탄,TAS,도착,정기,여객,13 ,2550 ,37 ,934 ,0 ,0 ,0 ,87674 
2026년,04월,AAR,OZ,아시아나항공,국제,유럽,우즈베키스탄,TAS,출발,정기,여객,13 ,2215 ,34 ,1541 ,21966 ,12701 ,0 ,108091 
2026년,04월,AAR,OZ,아시아나항공,국제,유럽,카자흐스탄,ALA,도착,정기,여객,13 ,2612 ,30 ,396 ,0 ,0 ,0 ,46063 
2026년,04월,AAR,OZ,아시아나항공,국제,유럽,카자흐스탄,ALA,출발,정기,여객,12 ,2470 ,18 ,972 ,46842 ,20148 ,0 ,63610 
2026년,04월,AAR,OZ,아시아나항공,국제,유럽,튀르키예,IST,도착,정기,여객,22 ,4225 ,10 ,503 ,44521 ,55880 ,0 ,82511 
2026년,04월,AAR,OZ,아시아나항공,국제,유럽,튀르키예,IST,출발,정기,여객,22 ,4754 ,16 ,1298 ,108348 ,65723 ,0 ,107380 
2026년,04월,ABL,BX,에어 부산,국제,일본,일본,FUK,도착,정기,여객,60 ,12595 ,124 ,0 ,0 ,0 ,0 ,125983 
2026년,04월,ABL,BX,에어 부산,국제,일본,일본,FUK,출발,정기,여객,60 ,12771 ,141 ,11 ,0 ,0 ,0 ,94755 
2026년,04월,ABL,BX,에어 부산,국제,일본,일본,KIX,도착,정기,여객,90 ,15807 ,59 ,2 ,0 ,0 ,0 ,165100 
2026년,04월,ABL,BX,에어 부산,국제,일본,일본,KIX,출발,정기,여객,90 ,16313 ,66 ,31 ,0 ,0 ,0 ,133179 
2026년,04월,ABL,BX,에어 부산,국제,일본,일본,NRT,도착,정기,여객,60 ,10590 ,15 ,3 ,0 ,0 ,0 ,103240 
2026년,04월,ABL,BX,에어 부산,국제,일본,일본,NRT,출발,정기,여객,60 ,9863 ,15 ,21 ,9711 ,0 ,0 ,90432 
2026년,04월,ABL,BX,에어 부산,국제,동북아,홍콩,HKG,도착,부정기,여객,30 ,5346 ,4 ,0 ,0 ,0 ,0 ,51156 
2026년,04월,ABL,BX,에어 부산,국제,동북아,홍콩,HKG,출발,부정기,여객,30 ,5172 ,4 ,3 ,0 ,0 ,0 ,60108 
2026년,04월,ABL,BX,에어 부산,국제,동남아,베트남,CXR,도착,정기,여객,30 ,6850 ,67 ,0 ,0 ,0 ,0 ,84971 
2026년,04월,ABL,BX,에어 부산,국제,동남아,베트남,CXR,출발,정기,여객,30 ,6524 ,59 ,4 ,0 ,0 ,0 ,61306 
2026년,04월,ABL,BX,에어 부산,국제,동남아,태국,CNX,도착,부정기,여객,1 ,0 ,0 ,0 ,0 ,0 ,0 ,0 
2026년,04월,ABL,BX,에어 부산,국제,동남아,태국,CNX,출발,부정기,여객,2 ,440 ,0 ,2 ,0 ,0 ,0 ,4851 
2026년,04월,ACA,AC,캐나다항공,국제,미주,캐나다,YVR,도착,정기,여객,30 ,5411 ,33 ,1658 ,134753 ,0 ,1036 ,149263 
2026년,04월,ACA,AC,캐나다항공,국제,미주,캐나다,YVR,출발,정기,여객,30 ,6395 ,51 ,2545 ,361563 ,0 ,830 ,251223 
2026년,04월,ACA,AC,캐나다항공,국제,미주,캐나다,YYZ,도착,정기,여객,30 ,5349 ,40 ,2518 ,120460 ,0 ,0 ,172578 
2026년,04월,ACA,AC,캐나다항공,국제,미주,캐나다,YYZ,출발,정기,여객,30 ,5287 ,42 ,3608 ,200061 ,0 ,5496 ,257460 
2026년,04월,AFR,AF,프랑스항공,국제,유럽,프랑스,CDG,도착,정기,여객,30 ,8125 ,28 ,232 ,391172 ,0 ,4636 ,131159 
2026년,04월,AFR,AF,프랑스항공,국제,유럽,프랑스,CDG,출발,정기,여객,30 ,8187 ,28 ,480 ,322921 ,0 ,16795 ,164736 
2026년,04월,AHK,LD,에어홍콩,국제,동북아,홍콩,HKG,도착,정기,화물,26 ,0 ,0 ,0 ,1104617 ,42181 ,0 ,0 
2026년,04월,AHK,LD,에어홍콩,국제,동북아,홍콩,HKG,출발,정기,화물,26 ,0 ,0 ,0 ,1197721 ,0 ,0 ,0 
2026년,04월,AIC,AI,인도항공,국제,기타,인도,DEL,도착,정기,여객,25 ,5462 ,42 ,429 ,234778 ,0 ,0 ,134547 
2026년,04월,AIC,AI,인도항공,국제,기타,인도,DEL,출발,정기,여객,25 ,4632 ,29 ,26 ,277508 ,0 ,8892 ,115783 
2026년,04월,AIH,KJ,에어제타,국제,일본,일본,KIX,도착,정기,화물,13 ,0 ,0 ,0 ,104070 ,79504 ,0 ,0 
2026년,04월,AIH,KJ,에어제타,국제,일본,일본,KIX,출발,정기,화물,13 ,0 ,0 ,0 ,85322 ,77336 ,4606 ,0 
2026년,04월,AIH,KJ,에어제타,국제,일본,일본,NRT,도착,정기,화물,22 ,0 ,0 ,0 ,683349 ,301315 ,0 ,0 
2026년,04월,AIH,KJ,에어제타,국제,일본,일본,NRT,도착,부정기,화물,1 ,0 ,0 ,0 ,19047 ,10255 ,0 ,0 
2026년,04월,AIH,KJ,에어제타,국제,일본,일본,NRT,출발,정기,화물,22 ,0 ,0 ,0 ,515179 ,482592 ,52583 ,0 
2026년,04월,AIH,KJ,에어제타,국제,일본,일본,NRT,출발,부정기,화물,1 ,0 ,0 ,0 ,27816 ,4112 ,0 ,0 
2026년,04월,AIH,KJ,에어제타,국제,중국,중국,CAN,도착,정기,화물,0 ,0 ,0 ,0 ,203362 ,1047731 ,60 ,0 
2026년,04월,AIH,KJ,에어제타,국제,중국,중국,CTU,도착,정기,화물,16 ,0 ,0 ,0 ,133384 ,64257 ,0 ,0 
2026년,04월,AIH,KJ,에어제타,국제,중국,중국,CTU,출발,정기,화물,15 ,0 ,0 ,0 ,122902 ,35318 ,0 ,0 
2026년,04월,AIH,KJ,에어제타,국제,중국,중국,PVG,도착,정기,화물,44 ,0 ,0 ,0 ,1119752 ,1847569 ,0 ,0 
2026년,04월,AIH,KJ,에어제타,국제,중국,중국,PVG,출발,정기,화물,43 ,0 ,0 ,0 ,935540 ,335342 ,0 ,0 
2026년,04월,AIH,KJ,에어제타,국제,중국,중국,TAO,도착,정기,화물,25 ,0 ,0 ,0 ,129301 ,339282 ,0 ,0 
2026년,04월,AIH,KJ,에어제타,국제,중국,중국,TAO,출발,정기,화물,25 ,0 ,0 ,0 ,225451 ,50301 ,0 ,0 
2026년,04월,AIH,KJ,에어제타,국제,중국,중국,TSN,도착,정기,화물,8 ,0 ,0 ,0 ,102576 ,272200 ,33988 ,0 
2026년,04월,AIH,KJ,에어제타,국제,중국,중국,TSN,출발,정기,화물,8 ,0 ,0 ,0 ,111009 ,117991 ,0 ,0 
2026년,04월,AIH,KJ,에어제타,국제,중국,중국,YNT,도착,정기,화물,46 ,0 ,0 ,0 ,540876 ,131168 ,4684 ,0 
2026년,04월,AIH,KJ,에어제타,국제,중국,중국,YNT,출발,정기,화물,46 ,0 ,0 ,0 ,351533 ,31511 ,0 ,0 
2026년,04월,AIH,KJ,에어제타,국제,동북아,홍콩,HKG,도착,정기,화물,36 ,0 ,0 ,0 ,338641 ,3381129 ,0 ,0 
2026년,04월,AIH,KJ,에어제타,국제,동북아,홍콩,HKG,출발,정기,화물,37 ,0 ,0 ,0 ,564889 ,257998 ,69256 ,0 
2026년,04월,AIH,KJ,에어제타,국제,동남아,베트남,HAN,도착,정기,화물,82 ,0 ,0 ,0 ,1004518 ,533263 ,0 ,0 
2026년,04월,AIH,KJ,에어제타,국제,동남아,베트남,HAN,도착,부정기,화물,1 ,0 ,0 ,0 ,29476 ,2539 ,0 ,0 
2026년,04월,AIH,KJ,에어제타,국제,동남아,베트남,HAN,출발,정기,화물,80 ,0 ,0 ,0 ,2551064 ,282723 ,1220 ,0 
2026년,04월,AIH,KJ,에어제타,국제,동남아,베트남,HAN,출발,부정기,화물,1 ,0 ,0 ,0 ,31548 ,3741 ,0 ,0 
2026년,04월,AIH,KJ,에어제타,국제,동남아,싱가포르,SIN,도착,부정기,화물,13 ,0 ,0 ,0 ,306689 ,196637 ,0 ,0 
2026년,04월,AIH,KJ,에어제타,국제,동남아,싱가포르,SIN,출발,부정기,화물,12 ,0 ,0 ,0 ,323756 ,399724 ,886 ,0 
2026년,04월,AIH,KJ,에어제타,국제,동남아,인도네시아,SUB,출발,부정기,화물,1 ,0 ,0 ,0 ,29932 ,0 ,0 ,0 
2026년,04월,AIH,KJ,에어제타,국제,동남아,태국,BKK,도착,부정기,화물,0 ,0 ,0 ,0 ,389603 ,199151 ,0 ,0 
2026년,04월,AIH,KJ,에어제타,국제,동남아,태국,BKK,출발,부정기,화물,0 ,0 ,0 ,0 ,49371 ,121540 ,501 ,0 
2026년,04월,AIH,KJ,에어제타,국제,미주,미국,ANC,도착,정기,화물,0 ,0 ,0 ,0 ,255118 ,136938 ,0 ,0 
2026년,04월,AIH,KJ,에어제타,국제,미주,미국,ANC,도착,부정기,화물,0 ,0 ,0 ,0 ,13316 ,11527 ,0 ,0 
2026년,04월,AIH,KJ,에어제타,국제,미주,미국,ANC,출발,정기,화물,0 ,0 ,0 ,0 ,125 ,0 ,0 ,0 
2026년,04월,AIH,KJ,에어제타,국제,미주,미국,ANC,출발,부정기,화물,0 ,0 ,0 ,0 ,0 ,0 ,0 ,0 
2026년,04월,AIH,KJ,에어제타,국제,미주,미국,ATL,도착,정기,화물,12 ,0 ,0 ,0 ,228497 ,123171 ,0 ,0 
2026년,04월,AIH,KJ,에어제타,국제,미주,미국,ATL,출발,정기,화물,13 ,0 ,0 ,0 ,132711 ,124806 ,0 ,0 
2026년,04월,AIH,KJ,에어제타,국제,미주,미국,DFW,출발,정기,화물,0 ,0 ,0 ,0 ,198266 ,322511 ,0 ,0 
2026년,04월,AIH,KJ,에어제타,국제,미주,미국,JFK,출발,정기,화물,0 ,0 ,0 ,0 ,286533 ,921058 ,6159 ,0 
2026년,04월,AIH,KJ,에어제타,국제,미주,미국,LAX,도착,정기,화물,4 ,0 ,0 ,0 ,166955 ,48132 ,0 ,0 
2026년,04월,AIH,KJ,에어제타,국제,미주,미국,LAX,도착,부정기,화물,3 ,0 ,0 ,0 ,7483 ,8968 ,0 ,0 
2026년,04월,AIH,KJ,에어제타,국제,미주,미국,LAX,출발,정기,화물,4 ,0 ,0 ,0 ,938254 ,1409522 ,1353 ,0 
2026년,04월,AIH,KJ,에어제타,국제,미주,미국,LAX,출발,부정기,화물,1 ,0 ,0 ,0 ,0 ,0 ,0 ,0 
2026년,04월,AIH,KJ,에어제타,국제,미주,미국,ORD,출발,정기,화물,0 ,0 ,0 ,0 ,633498 ,1449290 ,4731 ,0 
2026년,04월,AIH,KJ,에어제타,국제,미주,미국,SEA,도착,정기,화물,18 ,0 ,0 ,0 ,826556 ,206448 ,0 ,0 
2026년,04월,AIH,KJ,에어제타,국제,미주,미국,SEA,출발,정기,화물,18 ,0 ,0 ,0 ,12 ,12460 ,0 ,0 
2026년,04월,AIH,KJ,에어제타,국제,미주,미국,SFO,도착,정기,화물,26 ,0 ,0 ,0 ,1180687 ,393327 ,0 ,0 
2026년,04월,AIH,KJ,에어제타,국제,미주,미국,SFO,출발,정기,화물,27 ,0 ,0 ,0 ,39959 ,277371 ,0 ,0 
2026년,04월,AIH,KJ,에어제타,국제,미주,미국,VBG,출발,부정기,화물,0 ,0 ,0 ,0 ,33730 ,0 ,0 ,0 
2026년,04월,AIH,KJ,에어제타,국제,유럽,독일,FRA,도착,정기,화물,25 ,0 ,0 ,0 ,1605499 ,148063 ,0 ,0 
2026년,04월,AIH,KJ,에어제타,국제,유럽,독일,FRA,출발,정기,화물,27 ,0 ,0 ,0 ,292484 ,1207257 ,6373 ,0 
2026년,04월,AIH,KJ,에어제타,국제,유럽,벨기에,BRU,도착,정기,화물,13 ,0 ,0 ,0 ,760475 ,95276 ,0 ,0 
2026년,04월,AIH,KJ,에어제타,국제,유럽,벨기에,BRU,출발,정기,화물,13 ,0 ,0 ,0 ,6 ,0 ,0 ,0 
2026년,04월,AIH,KJ,에어제타,국제,유럽,영국,STN,출발,정기,화물,0 ,0 ,0 ,0 ,127167 ,397066 ,0 ,0 
2026년,04월,AIH,KJ,에어제타,국제,유럽,오스트리아,VIE,출발,정기,화물,0 ,0 ,0 ,0 ,450580 ,361236 ,0 ,0 
2026년,04월,AIH,KJ,에어제타,국제,유럽,이탈리아,MXP,도착,정기,화물,8 ,0 ,0 ,0 ,412487 ,150476 ,0 ,0 
2026년,04월,AIH,KJ,에어제타,국제,유럽,이탈리아,MXP,출발,정기,화물,9 ,0 ,0 ,0 ,91615 ,432538 ,0 ,0 
2026년,04월,AIH,KJ,에어제타,국제,유럽,카자흐스탄,ALA,출발,정기,화물,0 ,0 ,0 ,0 ,9583 ,5314 ,0 ,0 
2026년,04월,ALK,UL,스리랑칸 에어라인즈,국제,기타,스리랑카,CMB,도착,정기,여객,9 ,1911 ,38 ,383 ,98436 ,0 ,661 ,68009 
2026년,04월,ALK,UL,스리랑칸 에어라인즈,국제,기타,스리랑카,CMB,출발,정기,여객,9 ,2134 ,17 ,35 ,81668 ,0 ,5286 ,78588 
2026년,04월,AMU,NX,마카오항공,국제,동북아,마카오,MFM,도착,정기,여객,57 ,8924 ,41 ,1 ,134783 ,0 ,1443 ,115471 
2026년,04월,AMU,NX,마카오항공,국제,동북아,마카오,MFM,출발,정기,여객,56 ,8779 ,43 ,21 ,11231 ,0 ,170 ,109860 
2026년,04월,AMX,AM,아에로멕시코,국제,미주,멕시코,MEX,출발,정기,여객,30 ,6936 ,34 ,587 ,196598 ,0 ,0 ,201260 
2026년,04월,AMX,AM,아에로멕시코,국제,미주,멕시코,MTY,도착,정기,여객,30 ,6549 ,36 ,771 ,5577 ,0 ,0 ,130862 
2026년,04월,ANA,NH,전일본항공,국제,일본,일본,NRT,도착,정기,화물,26 ,0 ,0 ,0 ,870657 ,4139 ,4861 ,0 
2026년,04월,ANA,NH,전일본항공,국제,일본,일본,NRT,출발,정기,화물,26 ,0 ,0 ,0 ,878918 ,3036 ,23038 ,0 
2026년,04월,APJ,MM,피치 항공,국제,일본,일본,HND,도착,정기,여객,30 ,5158 ,8 ,0 ,0 ,0 ,0 ,42319 
2026년,04월,APJ,MM,피치 항공,국제,일본,일본,HND,출발,정기,여객,30 ,4823 ,9 ,0 ,0 ,0 ,0 ,51635 
2026년,04월,APJ,MM,피치 항공,국제,일본,일본,KIX,도착,정기,여객,120 ,17688 ,62 ,0 ,0 ,0 ,0 ,160272 
2026년,04월,APJ,MM,피치 항공,국제,일본,일본,KIX,출발,정기,여객,120 ,16097 ,63 ,1 ,8654 ,0 ,0 ,128001 
2026년,04월,APZ,YP,에어 프레미아,국제,일본,일본,NRT,도착,정기,여객,42 ,11999 ,77 ,686 ,280430 ,0 ,0 ,164383 
2026년,04월,APZ,YP,에어 프레미아,국제,일본,일본,NRT,출발,정기,여객,42 ,11557 ,53 ,714 ,335416 ,5941 ,42134 ,133404 
2026년,04월,APZ,YP,에어 프레미아,국제,동북아,홍콩,HKG,도착,정기,여객,17 ,4460 ,18 ,649 ,174105 ,0 ,455 ,65172 
2026년,04월,APZ,YP,에어 프레미아,국제,동북아,홍콩,HKG,출발,정기,여객,17 ,4837 ,18 ,290 ,51338 ,0 ,0 ,87010 
2026년,04월,APZ,YP,에어 프레미아,국제,동남아,베트남,DAD,도착,정기,여객,17 ,5277 ,34 ,48 ,240911 ,0 ,2318 ,69278 
2026년,04월,APZ,YP,에어 프레미아,국제,동남아,베트남,DAD,출발,정기,여객,18 ,5624 ,41 ,54 ,10661 ,9445 ,0 ,56753 
2026년,04월,APZ,YP,에어 프레미아,국제,동남아,태국,BKK,도착,정기,여객,21 ,5969 ,40 ,601 ,378358 ,0 ,0 ,97289 
2026년,04월,APZ,YP,에어 프레미아,국제,동남아,태국,BKK,출발,정기,여객,21 ,6016 ,29 ,316 ,214444 ,32664 ,1248 ,106591 
2026년,04월,APZ,YP,에어 프레미아,국제,미주,미국,EWR,도착,정기,여객,30 ,5849 ,70 ,816 ,50297 ,0 ,0 ,127864 
2026년,04월,APZ,YP,에어 프레미아,국제,미주,미국,EWR,출발,정기,여객,30 ,7617 ,55 ,989 ,226467 ,72411 ,851 ,206850 
2026년,04월,APZ,YP,에어 프레미아,국제,미주,미국,IAD,도착,정기,여객,4 ,608 ,9 ,41 ,2391 ,0 ,0 ,14662 
2026년,04월,APZ,YP,에어 프레미아,국제,미주,미국,IAD,출발,정기,여객,4 ,570 ,2 ,143 ,33656 ,16729 ,0 ,18678 
2026년,04월,APZ,YP,에어 프레미아,국제,미주,미국,LAX,도착,정기,여객,43 ,9354 ,65 ,352 ,405126 ,0 ,0 ,198681 
2026년,04월,APZ,YP,에어 프레미아,국제,미주,미국,LAX,출발,정기,여객,44 ,11873 ,89 ,955 ,562379 ,70987 ,9168 ,302498 
2026년,04월,APZ,YP,에어 프레미아,국제,미주,미국,SFO,도착,정기,여객,17 ,3517 ,39 ,32 ,70183 ,0 ,0 ,63937 
2026년,04월,APZ,YP,에어 프레미아,국제,미주,미국,SFO,출발,정기,여객,17 ,4680 ,42 ,283 ,177550 ,5696 ,0 ,108523 
2026년,04월,APZ,YP,에어 프레미아,국제,대양주,하와이,HNL,도착,정기,여객,15 ,2730 ,19 ,43 ,0 ,0 ,0 ,52772 
2026년,04월,APZ,YP,에어 프레미아,국제,대양주,하와이,HNL,출발,정기,여객,15 ,3473 ,18 ,83 ,78273 ,83618 ,0 ,60342 
2026년,04월,APZ,YP,에어 프레미아,국제,기타,에티오피아,ADD,출발,부정기,여객,0 ,251 ,0 ,0 ,0 ,0 ,0 ,18507 
2026년,04월,APZ,YP,에어 프레미아,국제,기타,남수단,JUB,도착,부정기,여객,2 ,279 ,0 ,0 ,0 ,0 ,0 ,6496 
2026년,04월,APZ,YP,에어 프레미아,국제,기타,남수단,JUB,출발,부정기,여객,2 ,0 ,0 ,0 ,0 ,0 ,0 ,0 
2026년,04월,ASA,AS,알래스카 항공,국제,미주,미국,SEA,도착,정기,여객,25 ,4256 ,22 ,736 ,45740 ,0 ,213 ,110377 
2026년,04월,ASA,AS,알래스카 항공,국제,미주,미국,SEA,출발,정기,여객,26 ,5575 ,18 ,1837 ,339820 ,0 ,0 ,210382 
2026년,04월,ASV,RS,에어서울,국제,일본,일본,FUK,도착,정기,여객,60 ,11095 ,95 ,27 ,0 ,0 ,0 ,106625 
2026년,04월,ASV,RS,에어서울,국제,일본,일본,FUK,출발,정기,여객,60 ,11555 ,115 ,24 ,0 ,0 ,0 ,80262 
2026년,04월,ASV,RS,에어서울,국제,일본,일본,KIX,도착,정기,여객,85 ,15908 ,69 ,4 ,38789 ,0 ,0 ,153495 
2026년,04월,ASV,RS,에어서울,국제,일본,일본,KIX,출발,정기,여객,85 ,15660 ,65 ,56 ,2632 ,0 ,0 ,117770 
2026년,04월,ASV,RS,에어서울,국제,일본,일본,NRT,도착,정기,여객,88 ,16355 ,52 ,46 ,44440 ,0 ,0 ,147638 
2026년,04월,ASV,RS,에어서울,국제,일본,일본,NRT,출발,정기,여객,88 ,16065 ,53 ,71 ,10161 ,0 ,0 ,138572 
2026년,04월,ASV,RS,에어서울,국제,일본,일본,TAK,도착,정기,여객,29 ,5101 ,15 ,3 ,0 ,0 ,0 ,49274 
2026년,04월,ASV,RS,에어서울,국제,일본,일본,TAK,출발,정기,여객,29 ,5262 ,12 ,8 ,0 ,0 ,0 ,40746 
2026년,04월,ASV,RS,에어서울,국제,일본,일본,YGJ,도착,정기,여객,22 ,3703 ,20 ,1 ,0 ,0 ,0 ,36131 
2026년,04월,ASV,RS,에어서울,국제,일본,일본,YGJ,출발,정기,여객,22 ,3631 ,21 ,3 ,0 ,0 ,0 ,29219 
2026년,04월,ASV,RS,에어서울,국제,중국,중국,DYG,도착,정기,여객,13 ,2335 ,1 ,0 ,0 ,0 ,0 ,29054 
2026년,04월,ASV,RS,에어서울,국제,중국,중국,DYG,출발,정기,여객,13 ,2392 ,0 ,0 ,0 ,0 ,0 ,25366 
2026년,04월,ASV,RS,에어서울,국제,동남아,베트남,CXR,도착,정기,여객,30 ,5763 ,54 ,0 ,36631 ,0 ,0 ,68100 
2026년,04월,ASV,RS,에어서울,국제,동남아,베트남,CXR,출발,정기,여객,30 ,5565 ,55 ,2 ,0 ,0 ,0 ,48230 
2026년,04월,ASV,RS,에어서울,국제,동남아,베트남,DAD,도착,정기,여객,30 ,6001 ,24 ,39 ,57588 ,0 ,0 ,66505 
2026년,04월,ASV,RS,에어서울,국제,동남아,베트남,DAD,출발,정기,여객,30 ,5760 ,20 ,78 ,305 ,0 ,0 ,44407 
2026년,04월,ASV,RS,에어서울,국제,대양주,괌,GUM,도착,정기,여객,14 ,1087 ,8 ,0 ,0 ,0 ,0 ,12437 
2026년,04월,ASV,RS,에어서울,국제,대양주,괌,GUM,출발,정기,여객,14 ,992 ,8 ,19 ,0 ,0 ,0 ,31188 
2026년,04월,AXM,AK,에어아시아버하드,국제,동남아,말레이시아,BKI,도착,정기,여객,30 ,3930 ,22 ,0 ,0 ,0 ,0 ,39150 
2026년,04월,AXM,AK,에어아시아버하드,국제,동남아,말레이시아,BKI,출발,정기,여객,30 ,3688 ,17 ,25 ,0 ,0 ,0 ,40841 
2026년,04월,AZG,7L,실크웨이웨스트항공,국제,일본,일본,NRT,도착,정기,화물,0 ,0 ,0 ,0 ,0 ,0 ,0 ,0 
2026년,04월,AZG,7L,실크웨이웨스트항공,국제,유럽,아제르바이잔,GYD,도착,정기,화물,12 ,0 ,0 ,0 ,634395 ,0 ,0 ,0 
2026년,04월,AZG,7L,실크웨이웨스트항공,국제,유럽,아제르바이잔,GYD,출발,정기,화물,13 ,0 ,0 ,0 ,1314362 ,0 ,0 ,0 
2026년,04월,AZG,7L,실크웨이웨스트항공,국제,유럽,아제르바이잔,GYD,출발,부정기,화물,1 ,0 ,0 ,0 ,95094 ,0 ,0 ,0 
2026년,04월,BOX,3S,에어로로직,국제,중국,중국,PVG,출발,정기,화물,0 ,0 ,0 ,0 ,0 ,0 ,0 ,0 
2026년,04월,BOX,3S,에어로로직,국제,동북아,홍콩,HKG,출발,정기,화물,0 ,0 ,0 ,0 ,418433 ,0 ,0 ,0 
2026년,04월,BOX,3S,에어로로직,국제,유럽,독일,LEJ,도착,정기,화물,34 ,0 ,0 ,0 ,2326785 ,0 ,0 ,0 
2026년,04월,BOX,3S,에어로로직,국제,유럽,독일,LEJ,출발,정기,화물,35 ,0 ,0 ,0 ,0 ,0 ,0 ,0 
2026년,04월,CAL,CI,중화항공,국제,동북아,대만,KHH,도착,정기,여객,30 ,4561 ,30 ,40 ,10322 ,0 ,0 ,58068 
2026년,04월,CAL,CI,중화항공,국제,동북아,대만,KHH,출발,정기,여객,30 ,4870 ,26 ,18 ,16379 ,0 ,0 ,92866 
2026년,04월,CAL,CI,중화항공,국제,동북아,대만,TPE,도착,정기,여객,60 ,11355 ,39 ,246 ,186089 ,0 ,8859 ,149910 
2026년,04월,CAL,CI,중화항공,국제,동북아,대만,TPE,출발,정기,여객,60 ,12345 ,56 ,163 ,183022 ,0 ,6060 ,226371 
2026년,04월,CBJ,JD,북경수도항공,국제,중국,중국,LJG,도착,부정기,여객,9 ,1295 ,0 ,0 ,0 ,0 ,0 ,15524 
2026년,04월,CBJ,JD,북경수도항공,국제,중국,중국,LJG,출발,부정기,여객,9 ,1156 ,0 ,0 ,0 ,0 ,0 ,12386 
2026년,04월,CCA,CA,중국국제항공,국제,중국,중국,CKG,도착,정기,여객,30 ,4432 ,7 ,56 ,45145 ,0 ,0 ,50596 
2026년,04월,CCA,CA,중국국제항공,국제,중국,중국,CKG,출발,정기,여객,30 ,4258 ,11 ,25 ,31244 ,0 ,0 ,51551 
2026년,04월,CCA,CA,중국국제항공,국제,중국,중국,HGH,도착,정기,여객,30 ,5175 ,6 ,30 ,30177 ,0 ,0 ,52787 
2026년,04월,CCA,CA,중국국제항공,국제,중국,중국,HGH,출발,정기,여객,30 ,4938 ,4 ,17 ,7660 ,0 ,0 ,66146 
2026년,04월,CCA,CA,중국국제항공,국제,중국,중국,PEK,도착,정기,여객,91 ,19129 ,61 ,1157 ,1059168 ,0 ,3049 ,271122 
2026년,04월,CCA,CA,중국국제항공,국제,중국,중국,PEK,출발,정기,여객,91 ,19625 ,42 ,269 ,97229 ,0 ,7257 ,310309 
2026년,04월,CCA,CA,중국국제항공,국제,중국,중국,PKX,도착,정기,여객,28 ,3258 ,7 ,752 ,13389 ,0 ,0 ,43914 
2026년,04월,CCA,CA,중국국제항공,국제,중국,중국,PKX,출발,정기,여객,28 ,3793 ,6 ,31 ,0 ,0 ,0 ,55615 
2026년,04월,CCA,CA,중국국제항공,국제,중국,중국,TFU,도착,정기,여객,41 ,5940 ,15 ,142 ,19546 ,0 ,1518 ,71564 
2026년,04월,CCA,CA,중국국제항공,국제,중국,중국,TFU,출발,정기,여객,41 ,5738 ,9 ,48 ,14704 ,0 ,0 ,79363 
2026년,04월,CCA,CA,중국국제항공,국제,중국,중국,TSN,도착,정기,여객,30 ,3937 ,6 ,496 ,7535 ,0 ,0 ,45421 
2026년,04월,CCA,CA,중국국제항공,국제,중국,중국,TSN,출발,정기,여객,30 ,3946 ,6 ,36 ,1714 ,0 ,38 ,50360 
2026년,04월,CCA,CA,중국국제항공,국제,중국,중국,WNZ,도착,정기,여객,11 ,1632 ,3 ,1 ,19324 ,0 ,0 ,18038 
2026년,04월,CCA,CA,중국국제항공,국제,중국,중국,WNZ,출발,정기,여객,11 ,1606 ,1 ,4 ,0 ,0 ,0 ,23264 
2026년,04월,CCA,CA,중국국제항공,국제,중국,중국,YNJ,도착,정기,여객,18 ,2624 ,14 ,12 ,0 ,0 ,0 ,40729 
2026년,04월,CCA,CA,중국국제항공,국제,중국,중국,YNJ,출발,정기,여객,18 ,2517 ,18 ,36 ,0 ,0 ,2801 ,33971 
2026년,04월,CDG,SC,산동항공,국제,중국,중국,TAO,도착,정기,여객,181 ,27054 ,36 ,463 ,260016 ,0 ,6879 ,356332 
2026년,04월,CDG,SC,산동항공,국제,중국,중국,TAO,출발,정기,여객,181 ,27465 ,45 ,387 ,844 ,0 ,0 ,340678 
2026년,04월,CDG,SC,산동항공,국제,중국,중국,TNA,도착,정기,여객,121 ,17756 ,19 ,159 ,195294 ,0 ,0 ,198246 
2026년,04월,CDG,SC,산동항공,국제,중국,중국,TNA,출발,정기,여객,120 ,17780 ,24 ,152 ,0 ,0 ,0 ,224371 
2026년,04월,CEB,5J,세부퍼시픽항공,국제,동남아,필리핀,CEB,도착,정기,여객,30 ,6352 ,39 ,0 ,2508 ,0 ,0 ,75175 
2026년,04월,CEB,5J,세부퍼시픽항공,국제,동남아,필리핀,CEB,출발,정기,여객,30 ,6185 ,40 ,9 ,3792 ,0 ,0 ,86446 
2026년,04월,CEB,5J,세부퍼시픽항공,국제,동남아,필리핀,MNL,도착,정기,여객,60 ,18919 ,79 ,4 ,116585 ,0 ,0 ,238088 
2026년,04월,CEB,5J,세부퍼시픽항공,국제,동남아,필리핀,MNL,출발,정기,여객,60 ,17534 ,90 ,5 ,299693 ,0 ,0 ,301047 
2026년,04월,CES,MU,중국동방항공,국제,중국,중국,HGH,도착,정기,여객,30 ,5102 ,5 ,8 ,41786 ,0 ,0 ,52894 
2026년,04월,CES,MU,중국동방항공,국제,중국,중국,HGH,출발,정기,여객,30 ,4907 ,4 ,23 ,13973 ,0 ,0 ,63873 
2026년,04월,CES,MU,중국동방항공,국제,중국,중국,KMG,도착,정기,여객,17 ,2285 ,0 ,0 ,14868 ,0 ,0 ,31840 
2026년,04월,CES,MU,중국동방항공,국제,중국,중국,KMG,출발,정기,여객,17 ,2540 ,4 ,18 ,0 ,0 ,0 ,39790 
2026년,04월,CES,MU,중국동방항공,국제,중국,중국,NKG,도착,정기,여객,60 ,9464 ,11 ,77 ,85109 ,0 ,0 ,107906 
2026년,04월,CES,MU,중국동방항공,국제,중국,중국,NKG,출발,정기,여객,60 ,9582 ,13 ,116 ,4784 ,0 ,0 ,135524 
2026년,04월,CES,MU,중국동방항공,국제,중국,중국,PKX,도착,정기,여객,30 ,4925 ,7 ,48 ,14296 ,0 ,0 ,103226 
2026년,04월,CES,MU,중국동방항공,국제,중국,중국,PKX,출발,정기,여객,30 ,4777 ,2 ,29 ,0 ,0 ,0 ,93989 
2026년,04월,CES,MU,중국동방항공,국제,중국,중국,PVG,도착,정기,여객,133 ,30156 ,49 ,155 ,674014 ,0 ,1110 ,434479 
2026년,04월,CES,MU,중국동방항공,국제,중국,중국,PVG,출발,정기,여객,133 ,30538 ,44 ,103 ,526671 ,0 ,5722 ,424066 
2026년,04월,CES,MU,중국동방항공,국제,중국,중국,TAO,도착,정기,여객,120 ,21830 ,32 ,156 ,274520 ,0 ,0 ,268748 
2026년,04월,CES,MU,중국동방항공,국제,중국,중국,TAO,출발,정기,여객,120 ,21600 ,35 ,110 ,4517 ,0 ,0 ,261587 
2026년,04월,CES,MU,중국동방항공,국제,중국,중국,WEH,도착,정기,여객,30 ,4460 ,20 ,214 ,40442 ,0 ,0 ,85600 
2026년,04월,CES,MU,중국동방항공,국제,중국,중국,WEH,출발,정기,여객,30 ,4307 ,19 ,176 ,25326 ,0 ,0 ,62915 
2026년,04월,CES,MU,중국동방항공,국제,중국,중국,WUX,도착,정기,여객,30 ,4874 ,10 ,5 ,54248 ,0 ,0 ,53332 
2026년,04월,CES,MU,중국동방항공,국제,중국,중국,WUX,출발,정기,여객,30 ,4956 ,9 ,17 ,565 ,0 ,0 ,66632 
2026년,04월,CES,MU,중국동방항공,국제,중국,중국,XIY,도착,정기,여객,30 ,1649 ,2 ,1 ,30098 ,0 ,0 ,16264 
2026년,04월,CES,MU,중국동방항공,국제,중국,중국,XIY,출발,정기,여객,30 ,1930 ,1 ,13 ,10843 ,0 ,0 ,27883 
2026년,04월,CES,MU,중국동방항공,국제,중국,중국,YNJ,도착,정기,여객,30 ,3827 ,14 ,12 ,0 ,0 ,0 ,56922 
2026년,04월,CES,MU,중국동방항공,국제,중국,중국,YNJ,출발,정기,여객,30 ,4007 ,16 ,9 ,0 ,0 ,0 ,47761 
2026년,04월,CES,MU,중국동방항공,국제,중국,중국,YNT,도착,정기,여객,90 ,12787 ,21 ,305 ,132265 ,0 ,0 ,166103 
2026년,04월,CES,MU,중국동방항공,국제,중국,중국,YNT,출발,정기,여객,90 ,11931 ,21 ,209 ,122953 ,0 ,0 ,155789 
2026년,04월,CHH,HU,중국해남항공,국제,중국,중국,HAK,도착,정기,여객,17 ,2512 ,10 ,0 ,17947 ,0 ,0 ,32537 
2026년,04월,CHH,HU,중국해남항공,국제,중국,중국,HAK,출발,정기,여객,17 ,2393 ,9 ,18 ,0 ,0 ,0 ,40409 
2026년,04월,CKK,CK,중국화물항공,국제,중국,중국,PVG,도착,정기,화물,13 ,0 ,0 ,0 ,982717 ,67213 ,0 ,0 
2026년,04월,CKK,CK,중국화물항공,국제,중국,중국,PVG,출발,정기,화물,13 ,0 ,0 ,0 ,663735 ,0 ,0 ,0 
2026년,04월,CKS,K4,칼리타항공,국제,일본,일본,NGO,출발,정기,화물,0 ,0 ,0 ,0 ,1251671 ,0 ,0 ,0 
2026년,04월,CKS,K4,칼리타항공,국제,일본,일본,NRT,도착,정기,화물,0 ,0 ,0 ,0 ,172007 ,0 ,0 ,0 
2026년,04월,CKS,K4,칼리타항공,국제,중국,중국,CGO,도착,정기,화물,0 ,0 ,0 ,0 ,0 ,0 ,0 ,0 
2026년,04월,CKS,K4,칼리타항공,국제,중국,중국,PVG,출발,정기,화물,0 ,0 ,0 ,0 ,0 ,0 ,0 ,0 
2026년,04월,CKS,K4,칼리타항공,국제,중국,중국,PVG,출발,부정기,화물,0 ,0 ,0 ,0 ,0 ,0 ,0 ,0 
2026년,04월,CKS,K4,칼리타항공,국제,동북아,대만,TPE,도착,정기,화물,0 ,0 ,0 ,0 ,0 ,0 ,0 ,0 
2026년,04월,CKS,K4,칼리타항공,국제,동북아,홍콩,HKG,출발,정기,화물,0 ,0 ,0 ,0 ,372781 ,0 ,0 ,0 
2026년,04월,CKS,K4,칼리타항공,국제,동남아,베트남,HAN,도착,정기,화물,0 ,0 ,0 ,0 ,7798 ,0 ,0 ,0 
2026년,04월,CKS,K4,칼리타항공,국제,동남아,베트남,HAN,도착,부정기,화물,7 ,0 ,0 ,0 ,25522 ,0 ,0 ,0 
2026년,04월,CKS,K4,칼리타항공,국제,동남아,베트남,HAN,출발,부정기,화물,10 ,0 ,0 ,0 ,0 ,0 ,0 ,0 
2026년,04월,CKS,K4,칼리타항공,국제,동남아,싱가포르,SIN,출발,부정기,화물,1 ,0 ,0 ,0 ,0 ,0 ,0 ,0 
2026년,04월,CKS,K4,칼리타항공,국제,미주,미국,ANC,도착,정기,화물,0 ,0 ,0 ,0 ,44125 ,0 ,0 ,0 
2026년,04월,CKS,K4,칼리타항공,국제,미주,미국,ANC,도착,부정기,화물,0 ,0 ,0 ,0 ,94424 ,0 ,0 ,0 
2026년,04월,CKS,K4,칼리타항공,국제,미주,미국,ANC,출발,정기,화물,0 ,0 ,0 ,0 ,144175 ,0 ,0 ,0 
2026년,04월,CKS,K4,칼리타항공,국제,미주,미국,ANC,출발,부정기,화물,0 ,0 ,0 ,0 ,234284 ,0 ,0 ,0 
2026년,04월,CKS,K4,칼리타항공,국제,미주,미국,CVG,도착,정기,화물,39 ,0 ,0 ,0 ,536266 ,0 ,0 ,0 
2026년,04월,CKS,K4,칼리타항공,국제,미주,미국,CVG,도착,부정기,화물,1 ,0 ,0 ,0 ,0 ,0 ,0 ,0 
2026년,04월,CKS,K4,칼리타항공,국제,미주,미국,CVG,출발,정기,화물,30 ,0 ,0 ,0 ,0 ,0 ,0 ,0 
2026년,04월,CKS,K4,칼리타항공,국제,미주,미국,DFW,도착,부정기,화물,1 ,0 ,0 ,0 ,0 ,0 ,0 ,0 
2026년,04월,CKS,K4,칼리타항공,국제,미주,미국,LAX,도착,정기,화물,19 ,0 ,0 ,0 ,125073 ,0 ,0 ,0 
2026년,04월,CKS,K4,칼리타항공,국제,미주,미국,LAX,도착,부정기,화물,3 ,0 ,0 ,0 ,0 ,0 ,0 ,0 
2026년,04월,CKS,K4,칼리타항공,국제,미주,미국,LAX,출발,정기,화물,17 ,0 ,0 ,0 ,42093 ,0 ,0 ,0 
2026년,04월,CKS,K4,칼리타항공,국제,미주,미국,ORD,도착,정기,화물,8 ,0 ,0 ,0 ,16247 ,0 ,0 ,0 
2026년,04월,CKS,K4,칼리타항공,국제,미주,미국,ORD,도착,부정기,화물,10 ,0 ,0 ,0 ,32434 ,0 ,0 ,0 
2026년,04월,CKS,K4,칼리타항공,국제,미주,미국,ORD,출발,정기,화물,17 ,0 ,0 ,0 ,0 ,0 ,0 ,0 
2026년,04월,CKS,K4,칼리타항공,국제,미주,미국,ORD,출발,부정기,화물,10 ,0 ,0 ,0 ,99651 ,0 ,0 ,0 
2026년,04월,CKS,K4,칼리타항공,국제,대양주,하와이,HNL,출발,정기,화물,2 ,0 ,0 ,0 ,0 ,0 ,0 ,0 
2026년,04월,CKS,K4,칼리타항공,국제,대양주,하와이,HNL,출발,부정기,화물,1 ,0 ,0 ,0 ,0 ,0 ,0 ,0 
2026년,04월,CLX,CV,카고룩스항공,국제,일본,일본,NRT,도착,정기,화물,0 ,0 ,0 ,0 ,0 ,0 ,0 ,0 
2026년,04월,CLX,CV,카고룩스항공,국제,유럽,룩셈부르크,LUX,도착,정기,화물,13 ,0 ,0 ,0 ,500900 ,0 ,0 ,0 
2026년,04월,CLX,CV,카고룩스항공,국제,유럽,룩셈부르크,LUX,출발,정기,화물,13 ,0 ,0 ,0 ,1136051 ,0 ,0 ,0 
2026년,04월,CLX,CV,카고룩스항공,국제,유럽,아제르바이잔,GYD,출발,정기,화물,0 ,0 ,0 ,0 ,0 ,0 ,0 ,0 
2026년,04월,CPA,CX,캐세이퍼시픽항공,국제,일본,일본,KIX,도착,정기,화물,1 ,0 ,0 ,0 ,23202 ,0 ,0 ,0 
2026년,04월,CPA,CX,캐세이퍼시픽항공,국제,일본,일본,KIX,출발,정기,화물,1 ,0 ,0 ,0 ,17101 ,0 ,0 ,0 
2026년,04월,CPA,CX,캐세이퍼시픽항공,국제,동북아,홍콩,HKG,도착,정기,화물,12 ,0 ,0 ,0 ,410054 ,84 ,0 ,0 
2026년,04월,CPA,CX,캐세이퍼시픽항공,국제,동북아,홍콩,HKG,도착,정기,여객,150 ,36153 ,136 ,486 ,690064 ,0 ,70639 ,482024 
2026년,04월,CPA,CX,캐세이퍼시픽항공,국제,동북아,홍콩,HKG,도착,부정기,화물,1 ,0 ,0 ,0 ,66832 ,0 ,0 ,0 
2026년,04월,CPA,CX,캐세이퍼시픽항공,국제,동북아,홍콩,HKG,출발,정기,화물,11 ,0 ,0 ,0 ,256719 ,0 ,0 ,0 
2026년,04월,CPA,CX,캐세이퍼시픽항공,국제,동북아,홍콩,HKG,출발,정기,여객,150 ,36379 ,132 ,425 ,526844 ,0 ,77038 ,630149 
2026년,04월,CPA,CX,캐세이퍼시픽항공,국제,동북아,홍콩,HKG,출발,부정기,화물,1 ,0 ,0 ,0 ,35265 ,0 ,0 ,0 
2026년,04월,CQH,9C,춘추항공,국제,중국,중국,PVG,도착,정기,여객,17 ,2975 ,6 ,0 ,14619 ,0 ,613 ,27184 
2026년,04월,CQH,9C,춘추항공,국제,중국,중국,PVG,출발,정기,여객,17 ,2950 ,1 ,3 ,2435 ,0 ,2361 ,31832 
2026년,04월,CQH,9C,춘추항공,국제,중국,중국,SJW,도착,정기,여객,8 ,1369 ,1 ,0 ,0 ,0 ,0 ,11621 
2026년,04월,CQH,9C,춘추항공,국제,중국,중국,SJW,출발,정기,여객,8 ,1329 ,3 ,0 ,0 ,0 ,516 ,14439 
2026년,04월,CQH,9C,춘추항공,국제,중국,중국,YTY,도착,정기,여객,9 ,1528 ,2 ,0 ,0 ,0 ,0 ,14028 
2026년,04월,CQH,9C,춘추항공,국제,중국,중국,YTY,출발,정기,여객,9 ,1421 ,3 ,1 ,0 ,0 ,0 ,17988 
2026년,04월,CRK,HX,홍콩항공,국제,동북아,홍콩,HKG,도착,정기,여객,29 ,4539 ,8 ,39 ,20724 ,99 ,193 ,52700 
2026년,04월,CRK,HX,홍콩항공,국제,동북아,홍콩,HKG,도착,부정기,여객,35 ,5627 ,11 ,43 ,14078 ,63 ,0 ,63673 
2026년,04월,CRK,HX,홍콩항공,국제,동북아,홍콩,HKG,출발,정기,여객,29 ,4620 ,10 ,9 ,8094 ,0 ,0 ,71225 
2026년,04월,CRK,HX,홍콩항공,국제,동북아,홍콩,HKG,출발,부정기,여객,35 ,5730 ,8 ,28 ,10887 ,0 ,0 ,87263 
2026년,04월,CSC,3U,사천항공,국제,중국,중국,DYG,도착,정기,여객,30 ,5583 ,0 ,0 ,192 ,0 ,0 ,70910 
2026년,04월,CSC,3U,사천항공,국제,중국,중국,DYG,출발,정기,여객,30 ,5580 ,0 ,0 ,0 ,0 ,0 ,57125 
2026년,04월,CSC,3U,사천항공,국제,중국,중국,TFU,도착,정기,여객,13 ,2304 ,8 ,1 ,6398 ,0 ,0 ,29587 
2026년,04월,CSC,3U,사천항공,국제,중국,중국,TFU,출발,정기,여객,13 ,2252 ,9 ,6 ,14867 ,0 ,0 ,31225 
2026년,04월,CSH,FM,상하이 항공,국제,중국,중국,PVG,도착,정기,여객,30 ,4764 ,8 ,52 ,37680 ,0 ,0 ,59949 
2026년,04월,CSH,FM,상하이 항공,국제,중국,중국,PVG,출발,정기,여객,30 ,5018 ,3 ,37 ,747 ,0 ,0 ,82488 
2026년,04월,CSN,CZ,중국남방항공,국제,중국,중국,CAN,도착,정기,여객,90 ,18081 ,82 ,179 ,605407 ,0 ,12417 ,289299 
2026년,04월,CSN,CZ,중국남방항공,국제,중국,중국,CAN,출발,정기,여객,90 ,17666 ,66 ,319 ,68657 ,0 ,5931 ,288813 
2026년,04월,CSN,CZ,중국남방항공,국제,중국,중국,CGO,도착,정기,여객,17 ,2306 ,5 ,0 ,8494 ,0 ,0 ,22644 
2026년,04월,CSN,CZ,중국남방항공,국제,중국,중국,CGO,출발,정기,여객,17 ,2292 ,4 ,13 ,8 ,0 ,0 ,31838 
2026년,04월,CSN,CZ,중국남방항공,국제,중국,중국,CGQ,도착,정기,여객,45 ,4850 ,18 ,25 ,19817 ,0 ,1858 ,61141 
2026년,04월,CSN,CZ,중국남방항공,국제,중국,중국,CGQ,출발,정기,여객,45 ,5647 ,32 ,32 ,335 ,0 ,6641 ,74491 
2026년,04월,CSN,CZ,중국남방항공,국제,중국,중국,CSX,도착,정기,여객,8 ,1089 ,2 ,1 ,3970 ,0 ,0 ,12346 
2026년,04월,CSN,CZ,중국남방항공,국제,중국,중국,CSX,출발,정기,여객,8 ,1062 ,4 ,5 ,34 ,0 ,0 ,12353 
2026년,04월,CSN,CZ,중국남방항공,국제,중국,중국,DLC,도착,정기,여객,90 ,12991 ,24 ,30 ,127079 ,0 ,1100 ,172934 
2026년,04월,CSN,CZ,중국남방항공,국제,중국,중국,DLC,출발,정기,여객,90 ,12857 ,31 ,141 ,33009 ,0 ,5433 ,146137 
2026년,04월,CSN,CZ,중국남방항공,국제,중국,중국,HRB,도착,정기,여객,44 ,4794 ,21 ,18 ,12087 ,0 ,222 ,61393 
2026년,04월,CSN,CZ,중국남방항공,국제,중국,중국,HRB,출발,정기,여객,44 ,5058 ,25 ,54 ,0 ,0 ,4744 ,71989 
2026년,04월,CSN,CZ,중국남방항공,국제,중국,중국,PKX,도착,정기,여객,30 ,5139 ,3 ,2 ,23085 ,0 ,0 ,97285 
2026년,04월,CSN,CZ,중국남방항공,국제,중국,중국,PKX,출발,정기,여객,30 ,5152 ,11 ,52 ,29313 ,0 ,0 ,107586 
2026년,04월,CSN,CZ,중국남방항공,국제,중국,중국,PVG,도착,정기,여객,60 ,10086 ,13 ,11 ,163410 ,0 ,0 ,113138 
2026년,04월,CSN,CZ,중국남방항공,국제,중국,중국,PVG,출발,정기,여객,60 ,10067 ,15 ,90 ,43077 ,0 ,3969 ,118167 
2026년,04월,CSN,CZ,중국남방항공,국제,중국,중국,SHE,도착,정기,여객,76 ,10399 ,19 ,60 ,53197 ,0 ,3608 ,124912 
2026년,04월,CSN,CZ,중국남방항공,국제,중국,중국,SHE,출발,정기,여객,76 ,10891 ,33 ,167 ,4860 ,0 ,0 ,144849 
2026년,04월,CSN,CZ,중국남방항공,국제,중국,중국,SZX,도착,정기,여객,30 ,4387 ,9 ,21 ,59819 ,0 ,0 ,44399 
2026년,04월,CSN,CZ,중국남방항공,국제,중국,중국,SZX,출발,정기,여객,30 ,4838 ,10 ,4 ,4670 ,0 ,0 ,63296 
2026년,04월,CSN,CZ,중국남방항공,국제,중국,중국,WUH,도착,정기,여객,12 ,1845 ,5 ,9 ,865 ,0 ,0 ,19818 
2026년,04월,CSN,CZ,중국남방항공,국제,중국,중국,WUH,출발,정기,여객,12 ,1831 ,6 ,0 ,343 ,0 ,0 ,24879 
2026년,04월,CSN,CZ,중국남방항공,국제,중국,중국,YNJ,도착,정기,여객,30 ,4459 ,19 ,10 ,240 ,0 ,10119 ,70341 
2026년,04월,CSN,CZ,중국남방항공,국제,중국,중국,YNJ,출발,정기,여객,30 ,3606 ,19 ,25 ,0 ,0 ,12006 ,44128 
2026년,04월,CSS,O3,슌펑(순풍) 항공,국제,중국,중국,EHU,도착,정기,화물,22 ,0 ,0 ,0 ,549683 ,0 ,0 ,0 
2026년,04월,CSS,O3,슌펑(순풍) 항공,국제,중국,중국,EHU,출발,정기,화물,22 ,0 ,0 ,0 ,229257 ,0 ,0 ,0 
2026년,04월,CSS,O3,슌펑(순풍) 항공,국제,중국,중국,YNT,도착,정기,화물,22 ,0 ,0 ,0 ,375727 ,0 ,0 ,0 
2026년,04월,CSS,O3,슌펑(순풍) 항공,국제,중국,중국,YNT,출발,정기,화물,22 ,0 ,0 ,0 ,281317 ,0 ,0 ,0 
2026년,04월,CSZ,ZH,심천항공,국제,중국,중국,SZX,도착,정기,여객,60 ,8645 ,14 ,48 ,63982 ,0 ,0 ,89041 
2026년,04월,CSZ,ZH,심천항공,국제,중국,중국,SZX,출발,정기,여객,60 ,8803 ,16 ,54 ,7334 ,0 ,0 ,114759 
2026년,04월,CSZ,ZH,심천항공,국제,중국,중국,WUX,도착,정기,여객,13 ,1983 ,3 ,0 ,15158 ,0 ,0 ,19708 
2026년,04월,CSZ,ZH,심천항공,국제,중국,중국,WUX,출발,정기,여객,13 ,1896 ,9 ,7 ,0 ,0 ,0 ,23639 
2026년,04월,CXA,MF,중국하문항공,국제,중국,중국,FOC,도착,정기,여객,30 ,4631 ,10 ,68 ,7557 ,0 ,51 ,57463 
2026년,04월,CXA,MF,중국하문항공,국제,중국,중국,FOC,출발,정기,여객,30 ,4488 ,7 ,171 ,713 ,0 ,0 ,68596 
2026년,04월,CXA,MF,중국하문항공,국제,중국,중국,XMN,도착,정기,여객,30 ,4759 ,10 ,88 ,36653 ,0 ,0 ,57243 
2026년,04월,CXA,MF,중국하문항공,국제,중국,중국,XMN,출발,정기,여객,30 ,4836 ,10 ,16 ,18569 ,0 ,0 ,66111 
2026년,04월,CYZ,CF,중국우정항공,국제,중국,중국,CGO,도착,정기,화물,13 ,0 ,0 ,0 ,207987 ,0 ,3162 ,0 
2026년,04월,CYZ,CF,중국우정항공,국제,중국,중국,CGO,출발,정기,화물,13 ,0 ,0 ,0 ,101289 ,0 ,3070 ,0 
2026년,04월,CYZ,CF,중국우정항공,국제,중국,중국,XIY,도착,정기,화물,13 ,0 ,0 ,0 ,183458 ,0 ,313 ,0 
2026년,04월,CYZ,CF,중국우정항공,국제,중국,중국,XIY,출발,정기,화물,13 ,0 ,0 ,0 ,144533 ,0 ,0 ,0 
2026년,04월,DAL,DL,델타항공,국제,미주,미국,ATL,도착,정기,여객,59 ,9076 ,56 ,5879 ,89098 ,0 ,1216 ,374280 
2026년,04월,DAL,DL,델타항공,국제,미주,미국,ATL,출발,정기,여객,60 ,8580 ,50 ,7870 ,702842 ,0 ,0 ,475700 
2026년,04월,DAL,DL,델타항공,국제,미주,미국,ATL,출발,부정기,화물,5 ,0 ,0 ,0 ,20384 ,0 ,0 ,0 
2026년,04월,DAL,DL,델타항공,국제,미주,미국,DTW,도착,정기,여객,29 ,4053 ,53 ,3071 ,152295 ,0 ,0 ,168860 
2026년,04월,DAL,DL,델타항공,국제,미주,미국,DTW,출발,정기,여객,29 ,3462 ,18 ,4477 ,352394 ,0 ,0 ,218480 
2026년,04월,DAL,DL,델타항공,국제,미주,미국,JFK,출발,부정기,화물,1 ,0 ,0 ,0 ,0 ,0 ,0 ,0 
2026년,04월,DAL,DL,델타항공,국제,미주,미국,MSP,도착,정기,여객,30 ,3620 ,43 ,2833 ,154530 ,0 ,0 ,146980 
2026년,04월,DAL,DL,델타항공,국제,미주,미국,MSP,도착,부정기,화물,1 ,0 ,0 ,0 ,7414 ,0 ,0 ,0 
2026년,04월,DAL,DL,델타항공,국제,미주,미국,MSP,출발,정기,여객,30 ,3805 ,33 ,4382 ,341174 ,0 ,0 ,213260 
2026년,04월,DAL,DL,델타항공,국제,미주,미국,MSP,출발,부정기,화물,1 ,0 ,0 ,0 ,17226 ,0 ,0 ,0 
2026년,04월,DAL,DL,델타항공,국제,미주,미국,SEA,도착,정기,여객,30 ,4438 ,45 ,2682 ,95211 ,0 ,572 ,152600 
2026년,04월,DAL,DL,델타항공,국제,미주,미국,SEA,출발,정기,여객,29 ,5139 ,38 ,3434 ,318849 ,0 ,0 ,225100 
2026년,04월,DAL,DL,델타항공,국제,미주,미국,SEA,출발,부정기,화물,0 ,0 ,0 ,0 ,57629 ,0 ,0 ,0 
2026년,04월,DAL,DL,델타항공,국제,미주,미국,SLC,도착,정기,여객,30 ,4717 ,44 ,3023 ,48575 ,0 ,0 ,165120 
2026년,04월,DAL,DL,델타항공,국제,미주,미국,SLC,출발,정기,여객,30 ,4824 ,46 ,4025 ,361246 ,0 ,0 ,231484 
2026년,04월,DLH,LH,루프트한자항공,국제,유럽,독일,FRA,도착,정기,여객,27 ,6794 ,25 ,96 ,228289 ,0 ,16988 ,108909 
2026년,04월,DLH,LH,루프트한자항공,국제,유럽,독일,FRA,출발,정기,여객,27 ,7567 ,32 ,132 ,210600 ,0 ,6231 ,147971 
2026년,04월,DLH,LH,루프트한자항공,국제,유럽,독일,MUC,도착,정기,여객,26 ,6468 ,23 ,100 ,194606 ,0 ,192 ,105301 
2026년,04월,DLH,LH,루프트한자항공,국제,유럽,독일,MUC,출발,정기,여객,26 ,7189 ,44 ,164 ,248286 ,0 ,0 ,136865 
2026년,04월,EOK,RF,에어로케이,국제,일본,일본,IBR,도착,정기,여객,13 ,1043 ,10 ,0 ,0 ,0 ,0 ,9769 
2026년,04월,EOK,RF,에어로케이,국제,일본,일본,IBR,출발,정기,여객,13 ,874 ,4 ,0 ,0 ,0 ,0 ,9247 
2026년,04월,EOK,RF,에어로케이,국제,일본,일본,KIX,도착,정기,여객,59 ,8084 ,17 ,0 ,0 ,0 ,0 ,71108 
2026년,04월,EOK,RF,에어로케이,국제,일본,일본,KIX,출발,정기,여객,59 ,7586 ,15 ,31 ,0 ,0 ,0 ,64152 
2026년,04월,EOK,RF,에어로케이,국제,중국,중국,TNA,도착,정기,여객,8 ,1335 ,1 ,0 ,0 ,0 ,0 ,13473 
2026년,04월,EOK,RF,에어로케이,국제,중국,중국,TNA,출발,정기,여객,8 ,1257 ,1 ,0 ,0 ,0 ,0 ,11697 
2026년,04월,EOK,RF,에어로케이,국제,동북아,대만,HUN,도착,부정기,여객,1 ,113 ,1 ,0 ,0 ,0 ,0 ,952 
2026년,04월,EOK,RF,에어로케이,국제,동북아,대만,HUN,출발,부정기,여객,1 ,131 ,1 ,0 ,0 ,0 ,0 ,840 
2026년,04월,ESR,ZE,이스타 항공,국내,한국,한국,CJU,도착,부정기,여객,2 ,269 ,0 ,0 ,0 ,0 ,0 ,1209 
2026년,04월,ESR,ZE,이스타 항공,국제,일본,일본,CTS,도착,정기,여객,30 ,5302 ,14 ,0 ,0 ,0 ,0 ,56348 
2026년,04월,ESR,ZE,이스타 항공,국제,일본,일본,CTS,출발,정기,여객,30 ,5238 ,13 ,49 ,0 ,0 ,0 ,45188 
2026년,04월,ESR,ZE,이스타 항공,국제,일본,일본,FUK,도착,정기,여객,90 ,16029 ,129 ,1 ,0 ,0 ,0 ,160242 
2026년,04월,ESR,ZE,이스타 항공,국제,일본,일본,FUK,출발,정기,여객,90 ,16204 ,123 ,29 ,0 ,0 ,0 ,123907 
2026년,04월,ESR,ZE,이스타 항공,국제,일본,일본,KIX,도착,정기,여객,60 ,10732 ,27 ,0 ,2659 ,0 ,0 ,110438 
2026년,04월,ESR,ZE,이스타 항공,국제,일본,일본,KIX,출발,정기,여객,60 ,9844 ,18 ,24 ,560 ,4036 ,0 ,94026 
2026년,04월,ESR,ZE,이스타 항공,국제,일본,일본,NRT,도착,정기,여객,84 ,15198 ,29 ,4 ,10848 ,7285 ,0 ,145162 
2026년,04월,ESR,ZE,이스타 항공,국제,일본,일본,NRT,출발,정기,여객,84 ,14204 ,26 ,34 ,9552 ,41878 ,0 ,130678 
2026년,04월,ESR,ZE,이스타 항공,국제,일본,일본,OKA,도착,정기,여객,30 ,5323 ,156 ,0 ,0 ,0 ,0 ,56345 
2026년,04월,ESR,ZE,이스타 항공,국제,일본,일본,OKA,출발,정기,여객,30 ,5231 ,136 ,1 ,0 ,0 ,0 ,42593 
2026년,04월,ESR,ZE,이스타 항공,국제,일본,일본,TKS,도착,정기,여객,13 ,2275 ,6 ,0 ,0 ,0 ,0 ,22551 
2026년,04월,ESR,ZE,이스타 항공,국제,일본,일본,TKS,출발,정기,여객,13 ,2270 ,6 ,1 ,0 ,0 ,0 ,17854 
2026년,04월,ESR,ZE,이스타 항공,국제,중국,중국,CGO,도착,정기,여객,17 ,2465 ,2 ,0 ,9183 ,0 ,0 ,22361 
2026년,04월,ESR,ZE,이스타 항공,국제,중국,중국,CGO,출발,정기,여객,17 ,2780 ,8 ,0 ,0 ,0 ,0 ,25955 
2026년,04월,ESR,ZE,이스타 항공,국제,중국,중국,PVG,도착,정기,여객,30 ,5272 ,2 ,0 ,24226 ,0 ,0 ,46417 
2026년,04월,ESR,ZE,이스타 항공,국제,중국,중국,PVG,출발,정기,여객,30 ,5354 ,0 ,13 ,19279 ,1 ,0 ,50992 
2026년,04월,ESR,ZE,이스타 항공,국제,중국,중국,TXN,도착,부정기,여객,5 ,527 ,1 ,0 ,0 ,0 ,0 ,5918 
2026년,04월,ESR,ZE,이스타 항공,국제,중국,중국,TXN,출발,부정기,여객,5 ,696 ,1 ,0 ,0 ,0 ,0 ,6120 
2026년,04월,ESR,ZE,이스타 항공,국제,중국,중국,YNT,도착,정기,여객,30 ,5142 ,10 ,59 ,34107 ,0 ,0 ,54515 
2026년,04월,ESR,ZE,이스타 항공,국제,중국,중국,YNT,출발,정기,여객,30 ,4741 ,10 ,12 ,30565 ,453 ,0 ,49438 
2026년,04월,ESR,ZE,이스타 항공,국제,동북아,대만,TPE,도착,정기,여객,17 ,2983 ,4 ,0 ,543 ,5114 ,0 ,29264 
2026년,04월,ESR,ZE,이스타 항공,국제,동북아,대만,TPE,도착,부정기,여객,2 ,349 ,2 ,0 ,0 ,0 ,0 ,3179 
2026년,04월,ESR,ZE,이스타 항공,국제,동북아,대만,TPE,출발,정기,여객,17 ,2960 ,3 ,2 ,8802 ,0 ,0 ,20441 
2026년,04월,ESR,ZE,이스타 항공,국제,동북아,대만,TPE,출발,부정기,여객,2 ,328 ,2 ,1 ,0 ,0 ,0 ,3352 
2026년,04월,ESR,ZE,이스타 항공,국제,동북아,홍콩,HKG,도착,정기,여객,28 ,4905 ,1 ,1 ,0 ,0 ,0 ,45779 
2026년,04월,ESR,ZE,이스타 항공,국제,동북아,홍콩,HKG,출발,정기,여객,28 ,4923 ,2 ,5 ,12458 ,0 ,0 ,57557 
2026년,04월,ESR,ZE,이스타 항공,국제,동남아,베트남,CXR,도착,정기,여객,30 ,5353 ,28 ,1 ,0 ,0 ,0 ,60829 
2026년,04월,ESR,ZE,이스타 항공,국제,동남아,베트남,CXR,출발,정기,여객,30 ,5103 ,30 ,3 ,0 ,0 ,0 ,43936 
2026년,04월,ESR,ZE,이스타 항공,국제,동남아,베트남,DAD,도착,정기,여객,30 ,5416 ,18 ,0 ,29409 ,0 ,0 ,59704 
2026년,04월,ESR,ZE,이스타 항공,국제,동남아,베트남,DAD,출발,정기,여객,30 ,5157 ,15 ,3 ,2056 ,0 ,0 ,44583 
2026년,04월,ESR,ZE,이스타 항공,국제,동남아,베트남,PQC,도착,정기,여객,27 ,4566 ,35 ,0 ,0 ,0 ,0 ,52407 
2026년,04월,ESR,ZE,이스타 항공,국제,동남아,베트남,PQC,출발,정기,여객,27 ,4084 ,41 ,10 ,0 ,0 ,0 ,38179 
2026년,04월,ESR,ZE,이스타 항공,국제,동남아,인도네시아,MDC,도착,부정기,여객,30 ,3597 ,3 ,0 ,0 ,0 ,0 ,40855 
2026년,04월,ESR,ZE,이스타 항공,국제,동남아,인도네시아,MDC,출발,부정기,여객,30 ,3676 ,6 ,0 ,0 ,0 ,0 ,39626 
2026년,04월,ESR,ZE,이스타 항공,국제,동남아,태국,CNX,도착,정기,여객,17 ,2949 ,12 ,9 ,0 ,0 ,0 ,35386 
2026년,04월,ESR,ZE,이스타 항공,국제,동남아,태국,CNX,출발,정기,여객,18 ,3048 ,9 ,15 ,0 ,0 ,0 ,35510 
2026년,04월,ESR,ZE,이스타 항공,국제,유럽,카자흐스탄,ALA,도착,정기,여객,7 ,985 ,3 ,17 ,0 ,0 ,0 ,9000 
2026년,04월,ESR,ZE,이스타 항공,국제,유럽,카자흐스탄,ALA,출발,정기,여객,7 ,1205 ,5 ,29 ,8316 ,0 ,0 ,15844 
2026년,04월,ETD,EY,에티하드 항공,국제,중동,아랍에미리트,AUH,도착,정기,여객,25 ,5362 ,29 ,74 ,210252 ,0 ,0 ,85875 
2026년,04월,ETD,EY,에티하드 항공,국제,중동,아랍에미리트,AUH,출발,정기,여객,25 ,6313 ,42 ,149 ,405277 ,0 ,0 ,136939 
2026년,04월,ETH,ET,에티오피아 항공,국제,일본,일본,NRT,도착,정기,여객,26 ,1562 ,5 ,5 ,27937 ,0 ,0 ,22515 
2026년,04월,ETH,ET,에티오피아 항공,국제,일본,일본,NRT,출발,정기,여객,26 ,1224 ,8 ,16 ,16908 ,0 ,0 ,17777 
2026년,04월,ETH,ET,에티오피아 항공,국제,동북아,홍콩,HKG,출발,정기,화물,0 ,0 ,0 ,0 ,271420 ,0 ,0 ,0 
2026년,04월,ETH,ET,에티오피아 항공,국제,유럽,노르웨이,OSL,도착,정기,화물,0 ,0 ,0 ,0 ,1058570 ,0 ,0 ,0 
2026년,04월,ETH,ET,에티오피아 항공,국제,기타,에티오피아,ADD,도착,정기,화물,12 ,0 ,0 ,0 ,0 ,0 ,0 ,0 
2026년,04월,ETH,ET,에티오피아 항공,국제,기타,에티오피아,ADD,도착,정기,여객,26 ,3462 ,16 ,397 ,16459 ,0 ,3594 ,95808 
2026년,04월,ETH,ET,에티오피아 항공,국제,기타,에티오피아,ADD,출발,정기,화물,12 ,0 ,0 ,0 ,0 ,0 ,0 ,0 
2026년,04월,ETH,ET,에티오피아 항공,국제,기타,에티오피아,ADD,출발,정기,여객,25 ,2956 ,12 ,571 ,64875 ,0 ,0 ,124571 
2026년,04월,EVA,BR,에바항공,국제,동북아,대만,KHH,도착,정기,여객,30 ,4736 ,28 ,53 ,7109 ,0 ,0 ,60852 
2026년,04월,EVA,BR,에바항공,국제,동북아,대만,KHH,출발,정기,여객,30 ,5057 ,41 ,55 ,442 ,0 ,0 ,92694 
2026년,04월,EVA,BR,에바항공,국제,동북아,대만,TPE,도착,정기,여객,67 ,17570 ,88 ,463 ,678488 ,0 ,7397 ,232686 
2026년,04월,EVA,BR,에바항공,국제,동북아,대만,TPE,도착,부정기,여객,10 ,1766 ,10 ,19 ,20793 ,0 ,0 ,21132 
2026년,04월,EVA,BR,에바항공,국제,동북아,대만,TPE,출발,정기,여객,67 ,18643 ,99 ,237 ,542861 ,0 ,0 ,323359 
2026년,04월,EVA,BR,에바항공,국제,동북아,대만,TPE,출발,부정기,여객,10 ,1681 ,10 ,30 ,5315 ,0 ,0 ,28771 
2026년,04월,FDX,FX,FedEX항공,국제,일본,일본,KIX,도착,정기,화물,0 ,0 ,0 ,0 ,0 ,18649 ,0 ,0 
2026년,04월,FDX,FX,FedEX항공,국제,일본,일본,KIX,출발,정기,화물,0 ,0 ,0 ,0 ,561872 ,118481 ,0 ,0 
2026년,04월,FDX,FX,FedEX항공,국제,일본,일본,NRT,도착,정기,화물,0 ,0 ,0 ,0 ,235755 ,607965 ,0 ,0 
2026년,04월,FDX,FX,FedEX항공,국제,중국,중국,CAN,도착,정기,화물,0 ,0 ,0 ,0 ,971547 ,383830 ,0 ,0 
2026년,04월,FDX,FX,FedEX항공,국제,중국,중국,CAN,출발,정기,화물,0 ,0 ,0 ,0 ,1147009 ,195826 ,0 ,0 
2026년,04월,FDX,FX,FedEX항공,국제,중국,중국,PEK,도착,정기,화물,0 ,0 ,0 ,0 ,173670 ,250294 ,0 ,0 
2026년,04월,FDX,FX,FedEX항공,국제,중국,중국,PEK,출발,정기,화물,0 ,0 ,0 ,0 ,2046 ,86472 ,0 ,0 
2026년,04월,FDX,FX,FedEX항공,국제,중국,중국,PVG,출발,정기,화물,0 ,0 ,0 ,0 ,103250 ,404 ,0 ,0 
2026년,04월,FDX,FX,FedEX항공,국제,중국,중국,SZX,출발,정기,화물,0 ,0 ,0 ,0 ,75941 ,138423 ,0 ,0 
2026년,04월,FDX,FX,FedEX항공,국제,중국,중국,XMN,도착,정기,화물,0 ,0 ,0 ,0 ,83407 ,17031 ,0 ,0 
2026년,04월,FDX,FX,FedEX항공,국제,동북아,대만,TPE,도착,정기,화물,0 ,0 ,0 ,0 ,89597 ,230775 ,0 ,0 
2026년,04월,FDX,FX,FedEX항공,국제,동북아,대만,TPE,출발,정기,화물,0 ,0 ,0 ,0 ,758350 ,44617 ,0 ,0 
2026년,04월,FDX,FX,FedEX항공,국제,동북아,홍콩,HKG,출발,정기,화물,0 ,0 ,0 ,0 ,85863 ,224966 ,0 ,0 
2026년,04월,FDX,FX,FedEX항공,국제,동남아,베트남,HAN,출발,정기,화물,0 ,0 ,0 ,0 ,0 ,8479 ,0 ,0 
2026년,04월,FDX,FX,FedEX항공,국제,동남아,필리핀,CRK,도착,정기,화물,0 ,0 ,0 ,0 ,0 ,0 ,0 ,0 
2026년,04월,FDX,FX,FedEX항공,국제,미주,미국,ANC,도착,정기,화물,105 ,0 ,0 ,0 ,469798 ,120077 ,0 ,0 
2026년,04월,FDX,FX,FedEX항공,국제,미주,미국,ANC,출발,정기,화물,72 ,0 ,0 ,0 ,770201 ,141104 ,0 ,0 
2026년,04월,FDX,FX,FedEX항공,국제,미주,미국,IND,도착,정기,화물,21 ,0 ,0 ,0 ,0 ,0 ,0 ,0 
2026년,04월,FDX,FX,FedEX항공,국제,미주,미국,IND,출발,정기,화물,40 ,0 ,0 ,0 ,0 ,0 ,0 ,0 
2026년,04월,FDX,FX,FedEX항공,국제,미주,미국,MEM,도착,정기,화물,56 ,0 ,0 ,0 ,170587 ,5089 ,0 ,0 
2026년,04월,FDX,FX,FedEX항공,국제,미주,미국,MEM,출발,정기,화물,56 ,0 ,0 ,0 ,0 ,0 ,0 ,0 
2026년,04월,FDX,FX,FedEX항공,국제,미주,미국,OAK,도착,정기,화물,4 ,0 ,0 ,0 ,0 ,0 ,0 ,0 
2026년,04월,FDX,FX,FedEX항공,국제,미주,미국,OAK,출발,정기,화물,18 ,0 ,0 ,0 ,0 ,0 ,0 ,0 
2026년,04월,FIN,AY,핀에어,국제,유럽,핀란드,HEL,도착,정기,여객,30 ,7182 ,22 ,132 ,716017 ,0 ,1050 ,108659 
2026년,04월,FIN,AY,핀에어,국제,유럽,핀란드,HEL,출발,정기,여객,30 ,8668 ,37 ,543 ,421102 ,0 ,0 ,166574 
2026년,04월,GCR,GS,톈진(천진) 에어라인,국제,중국,중국,TSN,도착,정기,여객,29 ,3141 ,1 ,3 ,0 ,0 ,0 ,33594 
2026년,04월,GCR,GS,톈진(천진) 에어라인,국제,중국,중국,TSN,출발,정기,여객,29 ,3156 ,6 ,21 ,0 ,0 ,0 ,41700 
2026년,04월,GEC,LH,루프트한자항공,국제,일본,일본,NRT,도착,정기,화물,0 ,0 ,0 ,0 ,9792 ,0 ,149 ,0 
2026년,04월,GEC,LH,루프트한자항공,국제,유럽,독일,FRA,도착,정기,화물,25 ,0 ,0 ,0 ,208397 ,0 ,10808 ,0 
2026년,04월,GEC,LH,루프트한자항공,국제,유럽,독일,FRA,출발,정기,화물,26 ,0 ,0 ,0 ,781717 ,1408 ,7369 ,0 
2026년,04월,GIA,GA,가루다 인도네시아항공,국제,동남아,인도네시아,CGK,도착,정기,여객,29 ,6188 ,40 ,201 ,287249 ,0 ,645 ,111181 
2026년,04월,GIA,GA,가루다 인도네시아항공,국제,동남아,인도네시아,CGK,출발,정기,여객,29 ,6380 ,39 ,124 ,290275 ,0 ,11855 ,142482 
2026년,04월,GTI,5Y,아틀라스항공,국제,일본,일본,NRT,출발,정기,화물,0 ,0 ,0 ,0 ,0 ,0 ,0 ,0 
2026년,04월,GTI,5Y,아틀라스항공,국제,일본,일본,NRT,출발,부정기,화물,0 ,0 ,0 ,0 ,1871 ,0 ,0 ,0 
2026년,04월,GTI,5Y,아틀라스항공,국제,중국,중국,CGO,출발,정기,화물,0 ,0 ,0 ,0 ,0 ,0 ,0 ,0 
2026년,04월,GTI,5Y,아틀라스항공,국제,중국,중국,CGO,출발,부정기,화물,0 ,0 ,0 ,0 ,0 ,0 ,0 ,0 
2026년,04월,GTI,5Y,아틀라스항공,국제,중국,중국,CKG,출발,정기,화물,0 ,0 ,0 ,0 ,50187 ,0 ,0 ,0 
2026년,04월,GTI,5Y,아틀라스항공,국제,중국,중국,EHU,출발,정기,화물,0 ,0 ,0 ,0 ,0 ,0 ,0 ,0 
2026년,04월,GTI,5Y,아틀라스항공,국제,중국,중국,EHU,출발,부정기,화물,0 ,0 ,0 ,0 ,0 ,0 ,0 ,0 
2026년,04월,GTI,5Y,아틀라스항공,국제,중국,중국,PVG,출발,정기,화물,0 ,0 ,0 ,0 ,0 ,0 ,0 ,0 
2026년,04월,GTI,5Y,아틀라스항공,국제,중국,중국,PVG,출발,부정기,화물,0 ,0 ,0 ,0 ,0 ,0 ,0 ,0 
2026년,04월,GTI,5Y,아틀라스항공,국제,중국,중국,SZX,출발,정기,화물,0 ,0 ,0 ,0 ,0 ,0 ,0 ,0 
2026년,04월,GTI,5Y,아틀라스항공,국제,중국,중국,SZX,출발,부정기,화물,0 ,0 ,0 ,0 ,0 ,0 ,0 ,0 
2026년,04월,GTI,5Y,아틀라스항공,국제,중국,중국,XMN,출발,정기,화물,0 ,0 ,0 ,0 ,0 ,0 ,0 ,0 
2026년,04월,GTI,5Y,아틀라스항공,국제,중국,중국,XMN,출발,부정기,화물,0 ,0 ,0 ,0 ,0 ,0 ,0 ,0 
2026년,04월,GTI,5Y,아틀라스항공,국제,동북아,대만,TPE,출발,정기,화물,0 ,0 ,0 ,0 ,623351 ,0 ,0 ,0 
2026년,04월,GTI,5Y,아틀라스항공,국제,동북아,대만,TPE,출발,부정기,화물,0 ,0 ,0 ,0 ,69857 ,0 ,0 ,0 
2026년,04월,GTI,5Y,아틀라스항공,국제,동북아,홍콩,HKG,도착,정기,화물,0 ,0 ,0 ,0 ,60049 ,0 ,0 ,0 
2026년,04월,GTI,5Y,아틀라스항공,국제,동북아,홍콩,HKG,출발,정기,화물,0 ,0 ,0 ,0 ,1815 ,0 ,0 ,0 
2026년,04월,GTI,5Y,아틀라스항공,국제,동남아,베트남,HAN,출발,정기,화물,0 ,0 ,0 ,0 ,446895 ,0 ,0 ,0 
2026년,04월,GTI,5Y,아틀라스항공,국제,동남아,베트남,HAN,출발,부정기,화물,0 ,0 ,0 ,0 ,73841 ,0 ,0 ,0 
2026년,04월,GTI,5Y,아틀라스항공,국제,동남아,싱가포르,SIN,출발,정기,화물,0 ,0 ,0 ,0 ,143786 ,0 ,0 ,0 
2026년,04월,GTI,5Y,아틀라스항공,국제,동남아,싱가포르,SIN,출발,부정기,화물,0 ,0 ,0 ,0 ,87200 ,0 ,0 ,0 
2026년,04월,GTI,5Y,아틀라스항공,국제,미주,미국,ANC,도착,정기,화물,0 ,0 ,0 ,0 ,0 ,0 ,0 ,0 
2026년,04월,GTI,5Y,아틀라스항공,국제,미주,미국,ANC,도착,부정기,화물,0 ,0 ,0 ,0 ,0 ,0 ,0 ,0 
2026년,04월,GTI,5Y,아틀라스항공,국제,미주,미국,ANC,출발,정기,화물,0 ,0 ,0 ,0 ,28229 ,0 ,0 ,0 
2026년,04월,GTI,5Y,아틀라스항공,국제,미주,미국,ANC,출발,부정기,화물,0 ,0 ,0 ,0 ,0 ,0 ,0 ,0 
2026년,04월,GTI,5Y,아틀라스항공,국제,미주,미국,ATL,출발,정기,화물,4 ,0 ,0 ,0 ,0 ,0 ,0 ,0 
2026년,04월,GTI,5Y,아틀라스항공,국제,미주,미국,CVG,출발,정기,화물,6 ,0 ,0 ,0 ,0 ,0 ,0 ,0 
2026년,04월,GTI,5Y,아틀라스항공,국제,미주,미국,CVG,출발,부정기,화물,3 ,0 ,0 ,0 ,0 ,0 ,0 ,0 
2026년,04월,GTI,5Y,아틀라스항공,국제,미주,미국,DFW,도착,정기,화물,15 ,0 ,0 ,0 ,38373 ,0 ,0 ,0 
2026년,04월,GTI,5Y,아틀라스항공,국제,미주,미국,DFW,도착,부정기,화물,2 ,0 ,0 ,0 ,0 ,0 ,0 ,0 
2026년,04월,GTI,5Y,아틀라스항공,국제,미주,미국,DFW,출발,정기,화물,4 ,0 ,0 ,0 ,0 ,0 ,0 ,0 
2026년,04월,GTI,5Y,아틀라스항공,국제,미주,미국,JFK,도착,정기,화물,2 ,0 ,0 ,0 ,0 ,0 ,0 ,0 
2026년,04월,GTI,5Y,아틀라스항공,국제,미주,미국,JFK,도착,부정기,화물,13 ,0 ,0 ,0 ,0 ,0 ,0 ,0 
2026년,04월,GTI,5Y,아틀라스항공,국제,미주,미국,JFK,출발,정기,화물,2 ,0 ,0 ,0 ,0 ,0 ,0 ,0 
2026년,04월,GTI,5Y,아틀라스항공,국제,미주,미국,LAX,도착,정기,화물,16 ,0 ,0 ,0 ,0 ,0 ,0 ,0 
2026년,04월,GTI,5Y,아틀라스항공,국제,미주,미국,LAX,도착,부정기,화물,7 ,0 ,0 ,0 ,0 ,0 ,0 ,0 
2026년,04월,GTI,5Y,아틀라스항공,국제,미주,미국,LAX,출발,정기,화물,23 ,0 ,0 ,0 ,47844 ,24762 ,0 ,0 
2026년,04월,GTI,5Y,아틀라스항공,국제,미주,미국,LAX,출발,부정기,화물,11 ,0 ,0 ,0 ,0 ,0 ,0 ,0 
2026년,04월,GTI,5Y,아틀라스항공,국제,미주,미국,MIA,도착,정기,화물,35 ,0 ,0 ,0 ,0 ,0 ,0 ,0 
2026년,04월,GTI,5Y,아틀라스항공,국제,미주,미국,MIA,도착,부정기,화물,7 ,0 ,0 ,0 ,0 ,0 ,0 ,0 
2026년,04월,GTI,5Y,아틀라스항공,국제,미주,미국,MIA,출발,정기,화물,50 ,0 ,0 ,0 ,279163 ,3523 ,0 ,0 
2026년,04월,GTI,5Y,아틀라스항공,국제,미주,미국,MIA,출발,부정기,화물,31 ,0 ,0 ,0 ,0 ,0 ,0 ,0 
2026년,04월,GTI,5Y,아틀라스항공,국제,미주,미국,ORD,도착,정기,화물,55 ,0 ,0 ,0 ,750877 ,92 ,0 ,0 
2026년,04월,GTI,5Y,아틀라스항공,국제,미주,미국,ORD,도착,부정기,화물,25 ,0 ,0 ,0 ,130759 ,0 ,0 ,0 
2026년,04월,GTI,5Y,아틀라스항공,국제,미주,미국,ORD,출발,정기,화물,51 ,0 ,0 ,0 ,594259 ,15320 ,0 ,0 
2026년,04월,GTI,5Y,아틀라스항공,국제,미주,미국,ORD,출발,부정기,화물,32 ,0 ,0 ,0 ,236682 ,26190 ,0 ,0 
2026년,04월,GTI,5Y,아틀라스항공,국제,대양주,괌,GUM,도착,정기,화물,0 ,0 ,0 ,0 ,0 ,0 ,0 ,0 
2026년,04월,GTI,5Y,아틀라스항공,국제,대양주,하와이,HNL,도착,정기,화물,0 ,0 ,0 ,0 ,0 ,0 ,0 ,0 
2026년,04월,GTI,5Y,아틀라스항공,국제,유럽,네덜란드,AMS,도착,정기,화물,0 ,0 ,0 ,0 ,907871 ,0 ,0 ,0 
2026년,04월,GTI,5Y,아틀라스항공,국제,유럽,네덜란드,AMS,도착,부정기,화물,0 ,0 ,0 ,0 ,187276 ,0 ,0 ,0 
2026년,04월,GTI,5Y,아틀라스항공,국제,유럽,네덜란드,AMS,출발,정기,화물,0 ,0 ,0 ,0 ,0 ,0 ,0 ,0 
2026년,04월,GTI,5Y,아틀라스항공,국제,유럽,네덜란드,MST,도착,정기,화물,0 ,0 ,0 ,0 ,0 ,0 ,0 ,0 
2026년,04월,GTI,5Y,아틀라스항공,국제,유럽,벨기에,LGG,도착,정기,화물,0 ,0 ,0 ,0 ,0 ,0 ,0 ,0 
2026년,04월,GTI,5Y,아틀라스항공,국제,유럽,벨기에,LGG,도착,부정기,화물,0 ,0 ,0 ,0 ,0 ,0 ,0 ,0 
2026년,04월,GTI,5Y,아틀라스항공,국제,유럽,스페인,MAD,도착,정기,화물,0 ,0 ,0 ,0 ,0 ,0 ,0 ,0 
2026년,04월,GTI,5Y,아틀라스항공,국제,유럽,스페인,ZAZ,도착,정기,화물,0 ,0 ,0 ,0 ,288184 ,0 ,0 ,0 
2026년,04월,GTI,5Y,아틀라스항공,국제,유럽,스페인,ZAZ,도착,부정기,화물,0 ,0 ,0 ,0 ,103539 ,0 ,0 ,0 
2026년,04월,GTI,5Y,아틀라스항공,국제,유럽,스페인,ZAZ,출발,정기,화물,0 ,0 ,0 ,0 ,0 ,0 ,0 ,0 
2026년,04월,GTI,5Y,아틀라스항공,국제,유럽,스페인,ZAZ,출발,부정기,화물,0 ,0 ,0 ,0 ,0 ,0 ,0 ,0 
2026년,04월,GTI,5Y,아틀라스항공,국제,유럽,카자흐스탄,ALA,도착,정기,화물,0 ,0 ,0 ,0 ,0 ,0 ,0 ,0 
2026년,04월,GTI,5Y,아틀라스항공,국제,유럽,카자흐스탄,ALA,출발,정기,화물,0 ,0 ,0 ,0 ,0 ,0 ,0 ,0 
2026년,04월,GTI,5Y,아틀라스항공,국제,유럽,카자흐스탄,ALA,출발,부정기,화물,0 ,0 ,0 ,0 ,0 ,0 ,0 ,0 
2026년,04월,HKE,UO,홍콩익스프레스,국제,동북아,홍콩,HKG,도착,정기,여객,144 ,26968 ,37 ,0 ,48497 ,0 ,0 ,208588 
2026년,04월,HKE,UO,홍콩익스프레스,국제,동북아,홍콩,HKG,출발,정기,여객,144 ,26654 ,37 ,19 ,18566 ,0 ,0 ,283288 
2026년,04월,HLF,I9,중국센트럴항공,국제,중국,중국,SZX,출발,정기,화물,7 ,0 ,0 ,0 ,23222 ,0 ,0 ,0 
2026년,04월,HLF,I9,중국센트럴항공,국제,중국,중국,YNT,도착,정기,화물,20 ,0 ,0 ,0 ,285943 ,0 ,0 ,0 
2026년,04월,HLF,I9,중국센트럴항공,국제,중국,중국,YNT,출발,정기,화물,20 ,0 ,0 ,0 ,196877 ,0 ,0 ,0 
2026년,04월,HLF,I9,중국센트럴항공,국제,유럽,독일,LEJ,도착,정기,화물,7 ,0 ,0 ,0 ,333016 ,0 ,0 ,0 
2026년,04월,HVN,VN,베트남항공,국제,동남아,베트남,CXR,도착,정기,여객,30 ,5223 ,57 ,4 ,59861 ,0 ,0 ,77379 
2026년,04월,HVN,VN,베트남항공,국제,동남아,베트남,CXR,출발,정기,여객,30 ,5503 ,60 ,19 ,0 ,0 ,0 ,59903 
2026년,04월,HVN,VN,베트남항공,국제,동남아,베트남,DAD,도착,정기,여객,30 ,5280 ,32 ,129 ,33823 ,0 ,0 ,80616 
2026년,04월,HVN,VN,베트남항공,국제,동남아,베트남,DAD,출발,정기,여객,30 ,5160 ,36 ,39 ,1836 ,0 ,0 ,59850 
2026년,04월,HVN,VN,베트남항공,국제,동남아,베트남,HAN,도착,정기,여객,60 ,18272 ,145 ,743 ,620067 ,0 ,2673 ,371067 
2026년,04월,HVN,VN,베트남항공,국제,동남아,베트남,HAN,출발,정기,여객,60 ,18920 ,175 ,206 ,631288 ,0 ,0 ,383889 
2026년,04월,HVN,VN,베트남항공,국제,동남아,베트남,SGN,도착,정기,여객,60 ,14735 ,121 ,636 ,307235 ,0 ,438 ,383555 
2026년,04월,HVN,VN,베트남항공,국제,동남아,베트남,SGN,도착,부정기,여객,1 ,187 ,0 ,0 ,0 ,0 ,0 ,5735 
2026년,04월,HVN,VN,베트남항공,국제,동남아,베트남,SGN,출발,정기,여객,60 ,14105 ,108 ,180 ,305860 ,0 ,0 ,271833 
2026년,04월,HVN,VN,베트남항공,국제,동남아,베트남,SGN,출발,부정기,여객,1 ,107 ,3 ,0 ,0 ,0 ,0 ,3068 
2026년,04월,HYT,YG,원통화물항공,국제,중국,중국,WNZ,도착,정기,화물,22 ,0 ,0 ,0 ,580672 ,0 ,0 ,0 
2026년,04월,HYT,YG,원통화물항공,국제,중국,중국,WNZ,출발,정기,화물,22 ,0 ,0 ,0 ,272927 ,0 ,0 ,0 
2026년,04월,ICV,C8,카고룩스 이탈리아,국제,중국,중국,CGO,출발,정기,화물,0 ,0 ,0 ,0 ,0 ,0 ,0 ,0 
2026년,04월,ICV,C8,카고룩스 이탈리아,국제,동북아,대만,TPE,출발,정기,화물,0 ,0 ,0 ,0 ,267394 ,0 ,0 ,0 
2026년,04월,ICV,C8,카고룩스 이탈리아,국제,미주,미국,ANC,출발,정기,화물,0 ,0 ,0 ,0 ,0 ,0 ,0 ,0 
2026년,04월,ICV,C8,카고룩스 이탈리아,국제,미주,미국,DFW,출발,정기,화물,0 ,0 ,0 ,0 ,100814 ,0 ,0 ,0 
2026년,04월,ICV,C8,카고룩스 이탈리아,국제,미주,미국,IAH,출발,정기,화물,0 ,0 ,0 ,0 ,14629 ,0 ,0 ,0 
2026년,04월,ICV,C8,카고룩스 이탈리아,국제,유럽,이탈리아,MXP,도착,정기,화물,18 ,0 ,0 ,0 ,1007667 ,0 ,0 ,0 
2026년,04월,ICV,C8,카고룩스 이탈리아,국제,유럽,이탈리아,MXP,출발,정기,화물,18 ,0 ,0 ,0 ,497896 ,0 ,0 ,0 
2026년,04월,ICV,C8,카고룩스 이탈리아,국제,유럽,투르크메니스탄,ASB,출발,정기,화물,0 ,0 ,0 ,0 ,0 ,0 ,0 ,0 
2026년,04월,JAL,JL,일본항공,국제,일본,일본,NGO,도착,정기,화물,20 ,0 ,0 ,0 ,460406 ,9 ,0 ,0 
2026년,04월,JAL,JL,일본항공,국제,일본,일본,NRT,도착,정기,화물,4 ,0 ,0 ,0 ,141570 ,0 ,0 ,0 
2026년,04월,JAL,JL,일본항공,국제,일본,일본,NRT,출발,정기,화물,24 ,0 ,0 ,0 ,799314 ,0 ,0 ,0 
2026년,04월,JDL,JG,장쑤징동화물항공사,국제,중국,중국,NKG,도착,정기,화물,10 ,0 ,0 ,0 ,174369 ,0 ,0 ,0 
2026년,04월,JDL,JG,장쑤징동화물항공사,국제,중국,중국,NKG,도착,부정기,화물,2 ,0 ,0 ,0 ,38111 ,0 ,0 ,0 
2026년,04월,JDL,JG,장쑤징동화물항공사,국제,중국,중국,NKG,출발,정기,화물,10 ,0 ,0 ,0 ,17901 ,0 ,0 ,0 
2026년,04월,JDL,JG,장쑤징동화물항공사,국제,중국,중국,NKG,출발,부정기,화물,2 ,0 ,0 ,0 ,6196 ,0 ,0 ,0 
2026년,04월,JDL,JG,장쑤징동화물항공사,국제,중국,중국,WUX,도착,정기,화물,30 ,0 ,0 ,0 ,426193 ,0 ,0 ,0 
2026년,04월,JDL,JG,장쑤징동화물항공사,국제,중국,중국,WUX,출발,정기,화물,30 ,0 ,0 ,0 ,186764 ,0 ,0 ,0 
2026년,04월,JJA,7C,제주항공,국내,한국,한국,CJU,도착,부정기,여객,5 ,928 ,4 ,0 ,0 ,0 ,0 ,4276 
2026년,04월,JJA,7C,제주항공,국제,일본,일본,CTS,도착,정기,여객,30 ,4827 ,13 ,79 ,0 ,0 ,0 ,56430 
2026년,04월,JJA,7C,제주항공,국제,일본,일본,CTS,출발,정기,여객,30 ,4819 ,16 ,325 ,0 ,0 ,0 ,50213 
2026년,04월,JJA,7C,제주항공,국제,일본,일본,FSZ,도착,정기,여객,61 ,10319 ,57 ,36 ,0 ,0 ,0 ,115924 
2026년,04월,JJA,7C,제주항공,국제,일본,일본,FSZ,출발,정기,여객,60 ,9816 ,54 ,32 ,0 ,0 ,0 ,103772 
2026년,04월,JJA,7C,제주항공,국제,일본,일본,FUK,도착,정기,여객,121 ,21089 ,251 ,417 ,0 ,0 ,0 ,213619 
2026년,04월,JJA,7C,제주항공,국제,일본,일본,FUK,도착,부정기,여객,21 ,3270 ,33 ,57 ,0 ,0 ,0 ,33640 
2026년,04월,JJA,7C,제주항공,국제,일본,일본,FUK,출발,정기,여객,121 ,20911 ,231 ,355 ,0 ,0 ,0 ,165197 
2026년,04월,JJA,7C,제주항공,국제,일본,일본,FUK,출발,부정기,여객,21 ,3339 ,41 ,18 ,0 ,0 ,0 ,23133 
2026년,04월,JJA,7C,제주항공,국제,일본,일본,HIJ,도착,정기,여객,60 ,9713 ,52 ,212 ,0 ,0 ,0 ,100255 
2026년,04월,JJA,7C,제주항공,국제,일본,일본,HIJ,출발,정기,여객,60 ,9451 ,41 ,286 ,0 ,0 ,0 ,88961 
2026년,04월,JJA,7C,제주항공,국제,일본,일본,HKD,도착,정기,여객,17 ,2633 ,16 ,4 ,0 ,0 ,0 ,31038 
2026년,04월,JJA,7C,제주항공,국제,일본,일본,HKD,출발,정기,여객,17 ,2692 ,19 ,5 ,0 ,0 ,0 ,24714 
2026년,04월,JJA,7C,제주항공,국제,일본,일본,KIX,도착,정기,여객,210 ,33054 ,156 ,1262 ,19455 ,0 ,0 ,340624 
2026년,04월,JJA,7C,제주항공,국제,일본,일본,KIX,출발,정기,여객,210 ,31876 ,152 ,1033 ,2026 ,1048 ,32896 ,267728 
2026년,04월,JJA,7C,제주항공,국제,일본,일본,MYJ,도착,정기,여객,60 ,9876 ,65 ,89 ,0 ,0 ,0 ,101578 
2026년,04월,JJA,7C,제주항공,국제,일본,일본,MYJ,출발,정기,여객,60 ,9799 ,64 ,53 ,0 ,0 ,0 ,76988 
2026년,04월,JJA,7C,제주항공,국제,일본,일본,NGO,도착,정기,여객,84 ,12926 ,57 ,284 ,5990 ,0 ,0 ,139863 
2026년,04월,JJA,7C,제주항공,국제,일본,일본,NGO,도착,부정기,여객,1 ,108 ,0 ,5 ,0 ,0 ,0 ,1449 
2026년,04월,JJA,7C,제주항공,국제,일본,일본,NGO,출발,정기,여객,84 ,12581 ,58 ,217 ,230 ,0 ,25657 ,119695 
2026년,04월,JJA,7C,제주항공,국제,일본,일본,NGO,출발,부정기,여객,1 ,184 ,2 ,2 ,0 ,0 ,0 ,1561 
2026년,04월,JJA,7C,제주항공,국제,일본,일본,NRT,도착,정기,여객,219 ,36405 ,157 ,1255 ,54222 ,0 ,0 ,390607 
2026년,04월,JJA,7C,제주항공,국제,일본,일본,NRT,출발,정기,여객,219 ,36329 ,163 ,1629 ,24029 ,5822 ,29988 ,350697 
2026년,04월,JJA,7C,제주항공,국제,일본,일본,OIT,도착,정기,여객,13 ,2090 ,11 ,7 ,0 ,0 ,0 ,32652 
2026년,04월,JJA,7C,제주항공,국제,일본,일본,OIT,출발,정기,여객,13 ,2213 ,12 ,3 ,0 ,0 ,0 ,30813 
2026년,04월,JJA,7C,제주항공,국제,일본,일본,OKA,도착,정기,여객,36 ,5894 ,195 ,39 ,0 ,0 ,0 ,66907 
2026년,04월,JJA,7C,제주항공,국제,일본,일본,OKA,출발,정기,여객,36 ,5898 ,177 ,45 ,0 ,0 ,0 ,54580 
2026년,04월,JJA,7C,제주항공,국제,중국,중국,HRB,도착,정기,여객,13 ,1948 ,13 ,222 ,0 ,0 ,0 ,23434 
2026년,04월,JJA,7C,제주항공,국제,중국,중국,HRB,출발,정기,여객,13 ,2007 ,8 ,51 ,0 ,0 ,0 ,21634 
2026년,04월,JJA,7C,제주항공,국제,중국,중국,JMU,도착,정기,여객,5 ,736 ,4 ,4 ,0 ,0 ,0 ,9249 
2026년,04월,JJA,7C,제주항공,국제,중국,중국,JMU,출발,정기,여객,5 ,676 ,2 ,0 ,0 ,0 ,0 ,7913 
2026년,04월,JJA,7C,제주항공,국제,중국,중국,KWL,도착,정기,여객,17 ,2307 ,2 ,0 ,0 ,0 ,0 ,25500 
2026년,04월,JJA,7C,제주항공,국제,중국,중국,KWL,출발,정기,여객,18 ,2461 ,0 ,0 ,0 ,0 ,0 ,22236 
2026년,04월,JJA,7C,제주항공,국제,중국,중국,SJW,도착,정기,여객,8 ,1378 ,0 ,1 ,0 ,0 ,0 ,13232 
2026년,04월,JJA,7C,제주항공,국제,중국,중국,SJW,출발,정기,여객,8 ,1370 ,0 ,1 ,0 ,0 ,0 ,13423 
2026년,04월,JJA,7C,제주항공,국제,중국,중국,TAO,도착,정기,여객,30 ,4748 ,8 ,696 ,11044 ,0 ,50479 ,53450 
2026년,04월,JJA,7C,제주항공,국제,중국,중국,TAO,출발,정기,여객,30 ,5211 ,10 ,155 ,28349 ,1271 ,0 ,43066 
2026년,04월,JJA,7C,제주항공,국제,중국,중국,WEH,도착,정기,여객,51 ,7505 ,13 ,722 ,74567 ,0 ,0 ,91101 
2026년,04월,JJA,7C,제주항공,국제,중국,중국,WEH,도착,부정기,여객,9 ,1293 ,4 ,37 ,10674 ,0 ,0 ,14393 
2026년,04월,JJA,7C,제주항공,국제,중국,중국,WEH,출발,정기,여객,51 ,7996 ,15 ,550 ,11288 ,47236 ,0 ,90242 
2026년,04월,JJA,7C,제주항공,국제,중국,중국,WEH,출발,부정기,여객,9 ,1193 ,1 ,106 ,0 ,7495 ,0 ,12577 
2026년,04월,JJA,7C,제주항공,국제,중국,중국,YIH,도착,부정기,여객,8 ,1178 ,0 ,0 ,0 ,0 ,0 ,13345 
2026년,04월,JJA,7C,제주항공,국제,중국,중국,YIH,출발,부정기,여객,8 ,1293 ,0 ,0 ,0 ,0 ,0 ,11392 
2026년,04월,JJA,7C,제주항공,국제,중국,중국,YNJ,도착,정기,여객,13 ,2032 ,6 ,49 ,0 ,0 ,3217 ,23805 
2026년,04월,JJA,7C,제주항공,국제,중국,중국,YNJ,출발,정기,여객,13 ,2110 ,4 ,115 ,0 ,0 ,2651 ,24213 
2026년,04월,JJA,7C,제주항공,국제,동북아,대만,TPE,도착,정기,여객,30 ,5066 ,15 ,57 ,10632 ,0 ,2220 ,55322 
2026년,04월,JJA,7C,제주항공,국제,동북아,대만,TPE,출발,정기,여객,30 ,5148 ,12 ,19 ,32558 ,0 ,3630 ,41720 
2026년,04월,JJA,7C,제주항공,국제,동북아,마카오,MFM,도착,정기,여객,30 ,5178 ,65 ,14 ,10397 ,0 ,0 ,46430 
2026년,04월,JJA,7C,제주항공,국제,동북아,마카오,MFM,출발,정기,여객,30 ,5392 ,62 ,15 ,567 ,0 ,1148 ,45864 
2026년,04월,JJA,7C,제주항공,국제,동북아,홍콩,HKG,도착,정기,여객,30 ,5131 ,3 ,36 ,49630 ,0 ,0 ,45708 
2026년,04월,JJA,7C,제주항공,국제,동북아,홍콩,HKG,출발,정기,여객,30 ,5232 ,8 ,81 ,19090 ,0 ,32 ,65302 
2026년,04월,JJA,7C,제주항공,국제,동북아,몽골,UBN,도착,정기,여객,13 ,1929 ,13 ,231 ,0 ,0 ,0 ,26524 
2026년,04월,JJA,7C,제주항공,국제,동북아,몽골,UBN,출발,정기,여객,13 ,2059 ,13 ,202 ,287 ,1033 ,834 ,31535 
2026년,04월,JJA,7C,제주항공,국제,동남아,라오스,VTE,도착,정기,여객,29 ,4827 ,15 ,122 ,15934 ,0 ,0 ,59882 
2026년,04월,JJA,7C,제주항공,국제,동남아,라오스,VTE,출발,정기,여객,28 ,4020 ,17 ,364 ,2346 ,4 ,1600 ,54625 
2026년,04월,JJA,7C,제주항공,국제,동남아,말레이시아,BKI,도착,정기,여객,17 ,2802 ,8 ,101 ,0 ,0 ,0 ,35810 
2026년,04월,JJA,7C,제주항공,국제,동남아,말레이시아,BKI,출발,정기,여객,18 ,2907 ,11 ,212 ,0 ,0 ,0 ,36980 
2026년,04월,JJA,7C,제주항공,국제,동남아,베트남,CXR,도착,정기,여객,30 ,5040 ,56 ,72 ,0 ,0 ,0 ,60223 
2026년,04월,JJA,7C,제주항공,국제,동남아,베트남,CXR,출발,정기,여객,30 ,5113 ,66 ,40 ,0 ,0 ,0 ,46498 
2026년,04월,JJA,7C,제주항공,국제,동남아,베트남,DAD,도착,정기,여객,47 ,7427 ,60 ,174 ,69045 ,0 ,0 ,84432 
2026년,04월,JJA,7C,제주항공,국제,동남아,베트남,DAD,출발,정기,여객,48 ,7651 ,63 ,200 ,4148 ,0 ,0 ,65077 
2026년,04월,JJA,7C,제주항공,국제,동남아,베트남,HAN,도착,정기,여객,30 ,5211 ,21 ,172 ,30890 ,0 ,0 ,63102 
2026년,04월,JJA,7C,제주항공,국제,동남아,베트남,HAN,출발,정기,여객,30 ,5120 ,18 ,226 ,16253 ,0 ,954 ,60813 
2026년,04월,JJA,7C,제주항공,국제,동남아,베트남,PQC,도착,정기,여객,30 ,5108 ,81 ,185 ,0 ,0 ,0 ,62482 
2026년,04월,JJA,7C,제주항공,국제,동남아,베트남,PQC,출발,정기,여객,30 ,4965 ,65 ,148 ,0 ,0 ,0 ,48604 
2026년,04월,JJA,7C,제주항공,국제,동남아,싱가포르,SIN,도착,정기,여객,30 ,4922 ,25 ,77 ,0 ,0 ,0 ,52943 
2026년,04월,JJA,7C,제주항공,국제,동남아,싱가포르,SIN,출발,정기,여객,30 ,4914 ,20 ,163 ,14676 ,0 ,5183 ,57712 
2026년,04월,JJA,7C,제주항공,국제,동남아,인도네시아,BTH,도착,정기,여객,9 ,859 ,7 ,20 ,0 ,0 ,0 ,9564 
2026년,04월,JJA,7C,제주항공,국제,동남아,인도네시아,BTH,출발,정기,여객,9 ,837 ,4 ,21 ,15 ,211 ,0 ,9747 
2026년,04월,JJA,7C,제주항공,국제,동남아,인도네시아,DPS,도착,정기,여객,30 ,4176 ,13 ,181 ,0 ,0 ,0 ,55628 
2026년,04월,JJA,7C,제주항공,국제,동남아,인도네시아,DPS,출발,정기,여객,30 ,4339 ,13 ,199 ,9321 ,0 ,0 ,50319 
2026년,04월,JJA,7C,제주항공,국제,동남아,태국,BKK,도착,정기,여객,30 ,4790 ,18 ,394 ,30351 ,0 ,0 ,60138 
2026년,04월,JJA,7C,제주항공,국제,동남아,태국,BKK,출발,정기,여객,30 ,4855 ,18 ,509 ,12402 ,0 ,0 ,69836 
2026년,04월,JJA,7C,제주항공,국제,동남아,태국,CNX,도착,정기,여객,17 ,2669 ,10 ,160 ,0 ,0 ,0 ,35036 
2026년,04월,JJA,7C,제주항공,국제,동남아,태국,CNX,출발,정기,여객,18 ,2889 ,14 ,230 ,0 ,0 ,0 ,38934 
2026년,04월,JJA,7C,제주항공,국제,동남아,필리핀,CEB,도착,정기,여객,17 ,2887 ,27 ,109 ,5939 ,0 ,0 ,34552 
2026년,04월,JJA,7C,제주항공,국제,동남아,필리핀,CEB,출발,정기,여객,18 ,3124 ,23 ,120 ,9341 ,3945 ,0 ,38264 
2026년,04월,JJA,7C,제주항공,국제,동남아,필리핀,CRK,도착,정기,여객,30 ,4549 ,24 ,137 ,0 ,0 ,0 ,50486 
2026년,04월,JJA,7C,제주항공,국제,동남아,필리핀,CRK,출발,정기,여객,30 ,4651 ,31 ,260 ,10501 ,13989 ,0 ,77564 
2026년,04월,JJA,7C,제주항공,국제,동남아,필리핀,MNL,도착,정기,여객,30 ,4894 ,28 ,367 ,59 ,0 ,0 ,67778 
2026년,04월,JJA,7C,제주항공,국제,동남아,필리핀,MNL,출발,정기,여객,30 ,4794 ,31 ,540 ,9472 ,852 ,2282 ,99340 
2026년,04월,JJA,7C,제주항공,국제,동남아,필리핀,TAG,도착,정기,여객,30 ,5051 ,34 ,45 ,0 ,0 ,0 ,59989 
2026년,04월,JJA,7C,제주항공,국제,동남아,필리핀,TAG,출발,정기,여객,30 ,5077 ,32 ,65 ,0 ,0 ,0 ,58196 
2026년,04월,JNA,LJ,진 에어,국제,일본,일본,CTS,도착,정기,여객,8 ,1412 ,13 ,52 ,0 ,0 ,0 ,15222 
2026년,04월,JNA,LJ,진 에어,국제,일본,일본,CTS,출발,정기,여객,8 ,1254 ,10 ,15 ,0 ,0 ,0 ,10940 
2026년,04월,JNA,LJ,진 에어,국제,일본,일본,FUK,도착,정기,여객,162 ,34688 ,433 ,53 ,0 ,0 ,0 ,361591 
2026년,04월,JNA,LJ,진 에어,국제,일본,일본,FUK,도착,부정기,여객,1 ,180 ,1 ,0 ,0 ,0 ,0 ,2070 
2026년,04월,JNA,LJ,진 에어,국제,일본,일본,FUK,출발,정기,여객,162 ,35358 ,455 ,124 ,0 ,0 ,0 ,279625 
2026년,04월,JNA,LJ,진 에어,국제,일본,일본,FUK,출발,부정기,여객,1 ,189 ,3 ,0 ,0 ,0 ,0 ,1577 
2026년,04월,JNA,LJ,진 에어,국제,일본,일본,ISG,도착,정기,여객,30 ,4402 ,91 ,4 ,0 ,0 ,0 ,51967 
2026년,04월,JNA,LJ,진 에어,국제,일본,일본,ISG,출발,정기,여객,30 ,4393 ,83 ,3 ,0 ,0 ,0 ,42517 
2026년,04월,JNA,LJ,진 에어,국제,일본,일본,KIX,도착,정기,여객,149 ,28993 ,143 ,239 ,50534 ,0 ,0 ,309350 
2026년,04월,JNA,LJ,진 에어,국제,일본,일본,KIX,도착,부정기,여객,4 ,744 ,7 ,2 ,0 ,0 ,0 ,7433 
2026년,04월,JNA,LJ,진 에어,국제,일본,일본,KIX,출발,정기,여객,149 ,29591 ,134 ,136 ,99385 ,0 ,21109 ,242016 
2026년,04월,JNA,LJ,진 에어,국제,일본,일본,KIX,출발,부정기,여객,4 ,722 ,2 ,0 ,0 ,0 ,0 ,5547 
2026년,04월,JNA,LJ,진 에어,국제,일본,일본,KKJ,도착,정기,여객,30 ,5320 ,24 ,0 ,0 ,0 ,0 ,64518 
2026년,04월,JNA,LJ,진 에어,국제,일본,일본,KKJ,출발,정기,여객,30 ,5146 ,25 ,4 ,0 ,0 ,0 ,50651 
2026년,04월,JNA,LJ,진 에어,국제,일본,일본,NGO,도착,정기,여객,60 ,10354 ,45 ,73 ,786 ,0 ,0 ,101380 
2026년,04월,JNA,LJ,진 에어,국제,일본,일본,NGO,출발,정기,여객,60 ,10318 ,43 ,79 ,14002 ,0 ,6943 ,98267 
2026년,04월,JNA,LJ,진 에어,국제,일본,일본,NRT,도착,정기,여객,108 ,31933 ,145 ,136 ,355936 ,0 ,0 ,315456 
2026년,04월,JNA,LJ,진 에어,국제,일본,일본,NRT,도착,부정기,여객,14 ,2588 ,4 ,3 ,0 ,0 ,0 ,26367 
2026년,04월,JNA,LJ,진 에어,국제,일본,일본,NRT,출발,정기,여객,108 ,31678 ,119 ,206 ,412833 ,0 ,14063 ,293994 
2026년,04월,JNA,LJ,진 에어,국제,일본,일본,NRT,출발,부정기,여객,14 ,2565 ,10 ,2 ,0 ,0 ,0 ,23645 
2026년,04월,JNA,LJ,진 에어,국제,일본,일본,OKA,도착,정기,여객,30 ,10932 ,496 ,65 ,0 ,0 ,0 ,124886 
2026년,04월,JNA,LJ,진 에어,국제,일본,일본,OKA,도착,부정기,여객,1 ,187 ,13 ,0 ,0 ,0 ,0 ,2109 
2026년,04월,JNA,LJ,진 에어,국제,일본,일본,OKA,출발,정기,여객,30 ,11056 ,517 ,44 ,0 ,0 ,0 ,99425 
2026년,04월,JNA,LJ,진 에어,국제,일본,일본,OKA,출발,부정기,여객,1 ,184 ,8 ,0 ,0 ,0 ,0 ,1473 
2026년,04월,JNA,LJ,진 에어,국제,일본,일본,SHI,도착,정기,여객,30 ,4627 ,70 ,1 ,0 ,0 ,0 ,57310 
2026년,04월,JNA,LJ,진 에어,국제,일본,일본,SHI,출발,정기,여객,30 ,4768 ,72 ,0 ,0 ,0 ,0 ,50253 
2026년,04월,JNA,LJ,진 에어,국제,일본,일본,TAK,도착,정기,여객,30 ,5016 ,13 ,4 ,0 ,0 ,0 ,52372 
2026년,04월,JNA,LJ,진 에어,국제,일본,일본,TAK,출발,정기,여객,30 ,5051 ,19 ,11 ,0 ,0 ,0 ,44707 
2026년,04월,JNA,LJ,진 에어,국제,중국,중국,KWL,도착,정기,여객,9 ,931 ,1 ,3 ,0 ,0 ,0 ,10355 
2026년,04월,JNA,LJ,진 에어,국제,중국,중국,KWL,출발,정기,여객,9 ,1009 ,0 ,11 ,0 ,0 ,0 ,8936 
2026년,04월,JNA,LJ,진 에어,국제,동북아,대만,RMQ,도착,정기,여객,60 ,9505 ,43 ,14 ,0 ,0 ,0 ,95379 
2026년,04월,JNA,LJ,진 에어,국제,동북아,대만,RMQ,출발,정기,여객,60 ,9552 ,43 ,19 ,0 ,0 ,0 ,99405 
2026년,04월,JNA,LJ,진 에어,국제,동북아,대만,TPE,도착,정기,여객,30 ,10576 ,9 ,95 ,135999 ,0 ,0 ,105038 
2026년,04월,JNA,LJ,진 에어,국제,동북아,대만,TPE,도착,부정기,여객,6 ,1001 ,6 ,4 ,0 ,0 ,0 ,10473 
2026년,04월,JNA,LJ,진 에어,국제,동북아,대만,TPE,출발,정기,여객,30 ,10566 ,10 ,58 ,236043 ,0 ,12494 ,110200 
2026년,04월,JNA,LJ,진 에어,국제,동북아,대만,TPE,출발,부정기,여객,6 ,1049 ,6 ,3 ,1212 ,0 ,0 ,11329 
2026년,04월,JNA,LJ,진 에어,국제,동남아,말레이시아,BKI,도착,정기,여객,16 ,2538 ,11 ,80 ,4 ,0 ,0 ,32740 
2026년,04월,JNA,LJ,진 에어,국제,동남아,말레이시아,BKI,출발,정기,여객,17 ,2852 ,11 ,52 ,2490 ,0 ,0 ,34522 
2026년,04월,JNA,LJ,진 에어,국제,동남아,베트남,CXR,도착,정기,여객,28 ,4851 ,48 ,27 ,0 ,0 ,0 ,59995 
2026년,04월,JNA,LJ,진 에어,국제,동남아,베트남,CXR,출발,정기,여객,28 ,4617 ,47 ,31 ,0 ,0 ,0 ,43374 
2026년,04월,JNA,LJ,진 에어,국제,동남아,베트남,DAD,도착,정기,여객,29 ,4846 ,34 ,101 ,43447 ,0 ,0 ,58954 
2026년,04월,JNA,LJ,진 에어,국제,동남아,베트남,DAD,출발,정기,여객,29 ,4638 ,34 ,280 ,0 ,0 ,0 ,46223 
2026년,04월,JNA,LJ,진 에어,국제,동남아,베트남,PQC,도착,정기,여객,29 ,5129 ,66 ,45 ,0 ,0 ,0 ,64236 
2026년,04월,JNA,LJ,진 에어,국제,동남아,베트남,PQC,출발,정기,여객,29 ,4852 ,50 ,35 ,0 ,0 ,0 ,49364 
2026년,04월,JNA,LJ,진 에어,국제,동남아,태국,BKK,도착,정기,여객,17 ,2878 ,10 ,114 ,9166 ,0 ,0 ,36701 
2026년,04월,JNA,LJ,진 에어,국제,동남아,태국,BKK,출발,정기,여객,18 ,3074 ,12 ,159 ,3302 ,0 ,4880 ,37627 
2026년,04월,JNA,LJ,진 에어,국제,동남아,필리핀,CRK,도착,정기,여객,27 ,4396 ,16 ,205 ,0 ,0 ,0 ,61063 
2026년,04월,JNA,LJ,진 에어,국제,동남아,필리핀,CRK,출발,정기,여객,27 ,4359 ,20 ,319 ,3695 ,0 ,0 ,69596 
2026년,04월,JNA,LJ,진 에어,국제,동남아,필리핀,TAG,도착,정기,여객,30 ,5122 ,23 ,5 ,0 ,0 ,0 ,58771 
2026년,04월,JNA,LJ,진 에어,국제,동남아,필리핀,TAG,출발,정기,여객,30 ,4928 ,23 ,12 ,0 ,0 ,0 ,53025 
2026년,04월,JNA,LJ,진 에어,국제,대양주,괌,GUM,도착,정기,여객,24 ,3166 ,36 ,80 ,0 ,0 ,0 ,39886 
2026년,04월,JNA,LJ,진 에어,국제,대양주,괌,GUM,도착,부정기,여객,1 ,145 ,2 ,0 ,0 ,0 ,0 ,1887 
2026년,04월,JNA,LJ,진 에어,국제,대양주,괌,GUM,출발,정기,여객,23 ,3249 ,39 ,112 ,0 ,0 ,0 ,58863 
2026년,04월,JNA,LJ,진 에어,국제,대양주,괌,GUM,출발,부정기,여객,1 ,0 ,0 ,0 ,0 ,0 ,0 ,0 
2026년,04월,JST,JQ,젯스타,국제,대양주,호주,BNE,도착,정기,여객,13 ,3812 ,29 ,51 ,39312 ,0 ,1562 ,56158 
2026년,04월,JST,JQ,젯스타,국제,대양주,호주,BNE,출발,정기,여객,13 ,3911 ,34 ,58 ,94832 ,0 ,8225 ,76060 
2026년,04월,JST,JQ,젯스타,국제,대양주,호주,SYD,도착,정기,여객,30 ,8389 ,54 ,62 ,54427 ,0 ,5415 ,120853 
2026년,04월,JST,JQ,젯스타,국제,대양주,호주,SYD,출발,정기,여객,30 ,8729 ,46 ,111 ,258108 ,0 ,14385 ,155349 
2026년,04월,KAL,KE,대한항공,국내,한국,한국,CJU,도착,부정기,여객,1 ,231 ,0 ,0 ,0 ,0 ,0 ,1579 
2026년,04월,KAL,KE,대한항공,국내,한국,한국,PUS,도착,정기,여객,149 ,17751 ,77 ,0 ,0 ,0 ,0 ,361986 
2026년,04월,KAL,KE,대한항공,국내,한국,한국,PUS,출발,정기,여객,147 ,16841 ,88 ,0 ,0 ,0 ,0 ,330573 
2026년,04월,KAL,KE,대한항공,국내,한국,한국,TAE,도착,정기,여객,30 ,1920 ,16 ,0 ,0 ,0 ,0 ,40291 
2026년,04월,KAL,KE,대한항공,국내,한국,한국,TAE,출발,정기,여객,30 ,1934 ,19 ,0 ,0 ,0 ,0 ,40063 
2026년,04월,KAL,KE,대한항공,국제,일본,일본,AOJ,도착,정기,여객,22 ,2778 ,23 ,286 ,300 ,0 ,0 ,37428 
2026년,04월,KAL,KE,대한항공,국제,일본,일본,AOJ,출발,정기,여객,22 ,3035 ,24 ,138 ,18 ,0 ,0 ,30576 
2026년,04월,KAL,KE,대한항공,국제,일본,일본,CTS,도착,정기,여객,39 ,7269 ,53 ,1219 ,7257 ,24484 ,0 ,122442 
2026년,04월,KAL,KE,대한항공,국제,일본,일본,CTS,출발,정기,여객,39 ,8065 ,73 ,749 ,11480 ,22539 ,0 ,97974 
2026년,04월,KAL,KE,대한항공,국제,일본,일본,FUK,도착,정기,여객,90 ,14322 ,240 ,2993 ,83204 ,174287 ,10276 ,239793 
2026년,04월,KAL,KE,대한항공,국제,일본,일본,FUK,도착,부정기,여객,30 ,4094 ,64 ,113 ,15 ,0 ,0 ,53795 
2026년,04월,KAL,KE,대한항공,국제,일본,일본,FUK,출발,정기,여객,90 ,15432 ,256 ,2376 ,78294 ,280333 ,23133 ,196589 
2026년,04월,KAL,KE,대한항공,국제,일본,일본,FUK,출발,부정기,여객,30 ,3667 ,69 ,505 ,11 ,12 ,0 ,43320 
2026년,04월,KAL,KE,대한항공,국제,일본,일본,HND,도착,정기,여객,30 ,4575 ,8 ,2984 ,20942 ,315 ,0 ,101872 
2026년,04월,KAL,KE,대한항공,국제,일본,일본,HND,출발,정기,여객,30 ,5988 ,23 ,1118 ,100126 ,9853 ,53529 ,89952 
2026년,04월,KAL,KE,대한항공,국제,일본,일본,KIJ,도착,정기,여객,13 ,1395 ,6 ,389 ,49 ,0 ,0 ,21772 
2026년,04월,KAL,KE,대한항공,국제,일본,일본,KIJ,출발,정기,여객,13 ,1598 ,5 ,203 ,202 ,0 ,0 ,21666 
2026년,04월,KAL,KE,대한항공,국제,일본,일본,KIX,도착,정기,화물,22 ,0 ,0 ,0 ,645773 ,1005666 ,0 ,0 
2026년,04월,KAL,KE,대한항공,국제,일본,일본,KIX,도착,정기,여객,120 ,15067 ,85 ,8567 ,91151 ,74652 ,17867 ,339956 
2026년,04월,KAL,KE,대한항공,국제,일본,일본,KIX,출발,정기,화물,22 ,0 ,0 ,0 ,395145 ,954126 ,111495 ,0 
2026년,04월,KAL,KE,대한항공,국제,일본,일본,KIX,출발,정기,여객,120 ,17702 ,120 ,4900 ,142688 ,131617 ,39985 ,269956 
2026년,04월,KAL,KE,대한항공,국제,일본,일본,KKJ,도착,정기,화물,4 ,0 ,0 ,0 ,130359 ,307560 ,0 ,0 
2026년,04월,KAL,KE,대한항공,국제,일본,일본,KKJ,출발,정기,화물,4 ,0 ,0 ,0 ,259 ,89814 ,0 ,0 
2026년,04월,KAL,KE,대한항공,국제,일본,일본,KMJ,도착,정기,여객,30 ,3718 ,12 ,68 ,50 ,0 ,0 ,67594 
2026년,04월,KAL,KE,대한항공,국제,일본,일본,KMJ,출발,정기,여객,30 ,3708 ,18 ,58 ,0 ,0 ,0 ,58281 
2026년,04월,KAL,KE,대한항공,국제,일본,일본,KMQ,도착,정기,여객,30 ,3230 ,19 ,741 ,0 ,0 ,0 ,43896 
2026년,04월,KAL,KE,대한항공,국제,일본,일본,KMQ,출발,정기,여객,30 ,3693 ,21 ,186 ,47 ,0 ,0 ,41186 
2026년,04월,KAL,KE,대한항공,국제,일본,일본,KOJ,도착,정기,화물,0 ,0 ,0 ,0 ,0 ,0 ,0 ,0 
2026년,04월,KAL,KE,대한항공,국제,일본,일본,KOJ,도착,정기,여객,30 ,4674 ,12 ,168 ,115 ,0 ,0 ,84691 
2026년,04월,KAL,KE,대한항공,국제,일본,일본,KOJ,출발,정기,여객,30 ,4635 ,9 ,155 ,57 ,0 ,0 ,78658 
2026년,04월,KAL,KE,대한항공,국제,일본,일본,NGO,도착,정기,여객,60 ,6975 ,45 ,2590 ,5001 ,3268 ,10803 ,112339 
2026년,04월,KAL,KE,대한항공,국제,일본,일본,NGO,출발,정기,여객,60 ,8470 ,57 ,1543 ,14078 ,5976 ,8602 ,122928 
2026년,04월,KAL,KE,대한항공,국제,일본,일본,NGS,도착,정기,여객,13 ,1387 ,8 ,64 ,0 ,0 ,0 ,23058 
2026년,04월,KAL,KE,대한항공,국제,일본,일본,NGS,출발,정기,여객,13 ,1488 ,9 ,41 ,0 ,0 ,0 ,21891 
2026년,04월,KAL,KE,대한항공,국제,일본,일본,NRT,도착,정기,화물,26 ,0 ,0 ,0 ,1066330 ,895496 ,10704 ,0 
2026년,04월,KAL,KE,대한항공,국제,일본,일본,NRT,도착,정기,여객,146 ,20195 ,130 ,8404 ,70106 ,66900 ,6366 ,433093 
2026년,04월,KAL,KE,대한항공,국제,일본,일본,NRT,도착,부정기,화물,12 ,0 ,0 ,0 ,136469 ,568517 ,893 ,0 
2026년,04월,KAL,KE,대한항공,국제,일본,일본,NRT,출발,정기,화물,26 ,0 ,0 ,0 ,533456 ,1034295 ,214236 ,0 
2026년,04월,KAL,KE,대한항공,국제,일본,일본,NRT,출발,정기,여객,146 ,22264 ,153 ,5356 ,55015 ,147946 ,81702 ,353706 
2026년,04월,KAL,KE,대한항공,국제,일본,일본,NRT,출발,부정기,화물,12 ,0 ,0 ,0 ,102230 ,399515 ,65014 ,0 
2026년,04월,KAL,KE,대한항공,국제,일본,일본,OKA,도착,정기,여객,30 ,4291 ,241 ,759 ,43 ,0 ,0 ,76240 
2026년,04월,KAL,KE,대한항공,국제,일본,일본,OKA,출발,정기,여객,30 ,4845 ,278 ,409 ,108 ,919 ,0 ,61482 
2026년,04월,KAL,KE,대한항공,국제,일본,일본,OKJ,도착,정기,여객,17 ,1714 ,9 ,439 ,135 ,0 ,0 ,27340 
2026년,04월,KAL,KE,대한항공,국제,일본,일본,OKJ,출발,정기,여객,17 ,1843 ,15 ,155 ,0 ,0 ,0 ,24225 
2026년,04월,KAL,KE,대한항공,국제,일본,일본,UKB,도착,정기,여객,60 ,8630 ,52 ,948 ,690 ,0 ,0 ,123748 
2026년,04월,KAL,KE,대한항공,국제,일본,일본,UKB,출발,정기,여객,60 ,8596 ,58 ,779 ,57 ,0 ,0 ,107579 
2026년,04월,KAL,KE,대한항공,국제,중국,중국,CAN,도착,정기,화물,34 ,0 ,0 ,0 ,205964 ,3151914 ,26743 ,0 
2026년,04월,KAL,KE,대한항공,국제,중국,중국,CAN,도착,정기,여객,30 ,6215 ,4 ,1631 ,88 ,446031 ,9533 ,122249 
2026년,04월,KAL,KE,대한항공,국제,중국,중국,CAN,도착,부정기,여객,1 ,10 ,0 ,0 ,0 ,0 ,0 ,0 
2026년,04월,KAL,KE,대한항공,국제,중국,중국,CAN,출발,정기,화물,34 ,0 ,0 ,0 ,229309 ,477987 ,47824 ,0 
2026년,04월,KAL,KE,대한항공,국제,중국,중국,CAN,출발,정기,여객,30 ,6188 ,12 ,1185 ,7883 ,17017 ,30 ,88446 
2026년,04월,KAL,KE,대한항공,국제,중국,중국,CGO,도착,정기,화물,9 ,0 ,0 ,0 ,30937 ,732740 ,29041 ,0 
2026년,04월,KAL,KE,대한항공,국제,중국,중국,CGO,도착,정기,여객,30 ,4031 ,5 ,897 ,0 ,0 ,0 ,66475 
2026년,04월,KAL,KE,대한항공,국제,중국,중국,CGO,출발,정기,화물,9 ,0 ,0 ,0 ,27598 ,62456 ,0 ,0 
2026년,04월,KAL,KE,대한항공,국제,중국,중국,CGO,출발,정기,여객,30 ,3755 ,11 ,649 ,2068 ,151 ,0 ,52172 
2026년,04월,KAL,KE,대한항공,국제,중국,중국,CSX,도착,정기,여객,21 ,2705 ,1 ,358 ,3004 ,0 ,0 ,39803 
2026년,04월,KAL,KE,대한항공,국제,중국,중국,CSX,출발,정기,여객,22 ,2453 ,3 ,361 ,2 ,0 ,0 ,33888 
2026년,04월,KAL,KE,대한항공,국제,중국,중국,DLC,도착,정기,여객,33 ,4636 ,21 ,1566 ,25373 ,205651 ,27039 ,85228 
2026년,04월,KAL,KE,대한항공,국제,중국,중국,DLC,출발,정기,여객,33 ,4738 ,27 ,1383 ,28477 ,11976 ,8290 ,76431 
2026년,04월,KAL,KE,대한항공,국제,중국,중국,DYG,도착,정기,여객,13 ,1860 ,2 ,37 ,0 ,0 ,0 ,24384 
2026년,04월,KAL,KE,대한항공,국제,중국,중국,DYG,출발,정기,여객,13 ,1924 ,1 ,29 ,0 ,0 ,0 ,20288 
2026년,04월,KAL,KE,대한항공,국제,중국,중국,FOC,도착,정기,여객,17 ,1264 ,1 ,1212 ,0 ,0 ,0 ,53734 
2026년,04월,KAL,KE,대한항공,국제,중국,중국,FOC,출발,정기,여객,17 ,1123 ,3 ,1071 ,0 ,0 ,0 ,39544 
2026년,04월,KAL,KE,대한항공,국제,중국,중국,HFE,도착,정기,여객,22 ,2560 ,6 ,164 ,995 ,0 ,0 ,31539 
2026년,04월,KAL,KE,대한항공,국제,중국,중국,HFE,출발,정기,여객,22 ,2658 ,2 ,137 ,804 ,704 ,0 ,34218 
2026년,04월,KAL,KE,대한항공,국제,중국,중국,HGH,도착,정기,여객,13 ,1826 ,5 ,359 ,55 ,0 ,0 ,29248 
2026년,04월,KAL,KE,대한항공,국제,중국,중국,HGH,출발,정기,여객,13 ,1854 ,3 ,122 ,0 ,0 ,0 ,24159 
2026년,04월,KAL,KE,대한항공,국제,중국,중국,KMG,도착,정기,여객,17 ,2440 ,5 ,291 ,0 ,0 ,0 ,37408 
2026년,04월,KAL,KE,대한항공,국제,중국,중국,KMG,출발,정기,여객,17 ,2444 ,2 ,286 ,1 ,0 ,0 ,34726 
2026년,04월,KAL,KE,대한항공,국제,중국,중국,NKG,도착,정기,여객,17 ,2213 ,4 ,712 ,0 ,0 ,0 ,41373 
2026년,04월,KAL,KE,대한항공,국제,중국,중국,NKG,출발,정기,여객,17 ,2325 ,4 ,481 ,40 ,977 ,0 ,36068 
2026년,04월,KAL,KE,대한항공,국제,중국,중국,PEK,도착,정기,여객,77 ,7032 ,11 ,5810 ,7159 ,217159 ,10067 ,190642 
2026년,04월,KAL,KE,대한항공,국제,중국,중국,PEK,출발,정기,여객,77 ,7363 ,33 ,6581 ,44394 ,9488 ,1932 ,202471 
2026년,04월,KAL,KE,대한항공,국제,중국,중국,PVG,도착,정기,화물,34 ,0 ,0 ,0 ,391842 ,2758143 ,0 ,0 
2026년,04월,KAL,KE,대한항공,국제,중국,중국,PVG,도착,정기,여객,90 ,15985 ,51 ,5824 ,75766 ,891300 ,0 ,306437 
2026년,04월,KAL,KE,대한항공,국제,중국,중국,PVG,도착,부정기,화물,13 ,0 ,0 ,0 ,235772 ,952920 ,0 ,0 
2026년,04월,KAL,KE,대한항공,국제,중국,중국,PVG,출발,정기,화물,35 ,0 ,0 ,0 ,1441568 ,520036 ,6221 ,0 
2026년,04월,KAL,KE,대한항공,국제,중국,중국,PVG,출발,정기,여객,90 ,15821 ,70 ,5396 ,127111 ,99177 ,0 ,256165 
2026년,04월,KAL,KE,대한항공,국제,중국,중국,PVG,출발,부정기,화물,13 ,0 ,0 ,0 ,142776 ,271974 ,0 ,0 
2026년,04월,KAL,KE,대한항공,국제,중국,중국,SHE,도착,정기,여객,60 ,6765 ,38 ,4643 ,5554 ,160663 ,91041 ,194809 
2026년,04월,KAL,KE,대한항공,국제,중국,중국,SHE,출발,정기,여객,60 ,6108 ,59 ,4579 ,4789 ,31411 ,0 ,178814 
2026년,04월,KAL,KE,대한항공,국제,중국,중국,SZX,도착,정기,여객,30 ,7034 ,26 ,963 ,27378 ,481680 ,0 ,105203 
2026년,04월,KAL,KE,대한항공,국제,중국,중국,SZX,출발,정기,여객,30 ,6796 ,14 ,482 ,236591 ,18279 ,0 ,78393 
2026년,04월,KAL,KE,대한항공,국제,중국,중국,TAO,도착,정기,여객,60 ,7593 ,19 ,2538 ,2737 ,87707 ,12195 ,153083 
2026년,04월,KAL,KE,대한항공,국제,중국,중국,TAO,출발,정기,여객,60 ,7466 ,28 ,2611 ,2019 ,4506 ,260 ,136237 
2026년,04월,KAL,KE,대한항공,국제,중국,중국,TSN,도착,정기,화물,22 ,0 ,0 ,0 ,77043 ,1352118 ,161147 ,0 
2026년,04월,KAL,KE,대한항공,국제,중국,중국,TSN,도착,정기,여객,30 ,3278 ,7 ,1276 ,160 ,325 ,0 ,69678 
2026년,04월,KAL,KE,대한항공,국제,중국,중국,TSN,출발,정기,화물,22 ,0 ,0 ,0 ,272847 ,452133 ,0 ,0 
2026년,04월,KAL,KE,대한항공,국제,중국,중국,TSN,출발,정기,여객,30 ,3298 ,8 ,994 ,1046 ,1417 ,0 ,61472 
2026년,04월,KAL,KE,대한항공,국제,중국,중국,WUH,도착,정기,여객,22 ,3902 ,5 ,882 ,1715 ,205283 ,9546 ,62850 
2026년,04월,KAL,KE,대한항공,국제,중국,중국,WUH,출발,정기,여객,22 ,3497 ,10 ,608 ,19730 ,22859 ,0 ,50565 
2026년,04월,KAL,KE,대한항공,국제,중국,중국,XIY,도착,정기,여객,30 ,6776 ,11 ,866 ,33654 ,87220 ,0 ,99374 
2026년,04월,KAL,KE,대한항공,국제,중국,중국,XIY,출발,정기,화물,0 ,0 ,0 ,0 ,170762 ,44421 ,0 ,0 
2026년,04월,KAL,KE,대한항공,국제,중국,중국,XIY,출발,정기,여객,30 ,6568 ,7 ,775 ,32777 ,53567 ,0 ,87504 
2026년,04월,KAL,KE,대한항공,국제,중국,중국,XMN,도착,정기,여객,30 ,4509 ,5 ,310 ,5888 ,27862 ,1415 ,61005 
2026년,04월,KAL,KE,대한항공,국제,중국,중국,XMN,출발,정기,여객,30 ,4569 ,4 ,195 ,1974 ,156 ,0 ,47235 
2026년,04월,KAL,KE,대한항공,국제,중국,중국,YNJ,도착,정기,여객,30 ,4046 ,31 ,907 ,0 ,0 ,0 ,79545 
2026년,04월,KAL,KE,대한항공,국제,중국,중국,YNJ,출발,정기,여객,30 ,4165 ,24 ,626 ,0 ,0 ,0 ,58819 
2026년,04월,KAL,KE,대한항공,국제,동북아,대만,RMQ,도착,정기,여객,30 ,2924 ,24 ,84 ,0 ,0 ,0 ,38858 
2026년,04월,KAL,KE,대한항공,국제,동북아,대만,RMQ,출발,정기,여객,30 ,3576 ,25 ,49 ,0 ,0 ,0 ,62431 
2026년,04월,KAL,KE,대한항공,국제,동북아,대만,TPE,도착,정기,여객,60 ,14521 ,46 ,968 ,326070 ,158713 ,0 ,193833 
2026년,04월,KAL,KE,대한항공,국제,동북아,대만,TPE,출발,정기,여객,60 ,15896 ,59 ,596 ,394119 ,146753 ,11878 ,208917 
2026년,04월,KAL,KE,대한항공,국제,동북아,마카오,MFM,도착,정기,여객,30 ,4981 ,69 ,47 ,0 ,0 ,0 ,56414 
2026년,04월,KAL,KE,대한항공,국제,동북아,마카오,MFM,출발,정기,여객,30 ,4863 ,70 ,30 ,1 ,0 ,0 ,49178 
2026년,04월,KAL,KE,대한항공,국제,동북아,홍콩,HKG,도착,정기,화물,34 ,0 ,0 ,0 ,384831 ,2447704 ,0 ,0 
2026년,04월,KAL,KE,대한항공,국제,동북아,홍콩,HKG,도착,정기,여객,90 ,14149 ,62 ,4755 ,40774 ,714068 ,0 ,274381 
2026년,04월,KAL,KE,대한항공,국제,동북아,홍콩,HKG,도착,부정기,화물,26 ,0 ,0 ,0 ,92422 ,2134763 ,0 ,0 
2026년,04월,KAL,KE,대한항공,국제,동북아,홍콩,HKG,출발,정기,화물,34 ,0 ,0 ,0 ,948752 ,84822 ,0 ,0 
2026년,04월,KAL,KE,대한항공,국제,동북아,홍콩,HKG,출발,정기,여객,90 ,15993 ,85 ,4326 ,62550 ,130891 ,111590 ,294595 
2026년,04월,KAL,KE,대한항공,국제,동북아,홍콩,HKG,출발,부정기,화물,26 ,0 ,0 ,0 ,34292 ,88716 ,46342 ,0 
2026년,04월,KAL,KE,대한항공,국제,동북아,몽골,UBN,도착,정기,여객,26 ,3454 ,24 ,1816 ,10790 ,3909 ,56 ,82619 
2026년,04월,KAL,KE,대한항공,국제,동북아,몽골,UBN,출발,정기,여객,26 ,3939 ,49 ,1941 ,101931 ,107055 ,6251 ,122358 
2026년,04월,KAL,KE,대한항공,국제,동남아,말레이시아,KUL,도착,정기,화물,5 ,0 ,0 ,0 ,186552 ,175467 ,0 ,0 
2026년,04월,KAL,KE,대한항공,국제,동남아,말레이시아,KUL,도착,정기,여객,30 ,6256 ,23 ,1592 ,62632 ,393836 ,0 ,128923 
2026년,04월,KAL,KE,대한항공,국제,동남아,말레이시아,KUL,출발,정기,화물,5 ,0 ,0 ,0 ,176462 ,238022 ,0 ,0 
2026년,04월,KAL,KE,대한항공,국제,동남아,말레이시아,KUL,출발,정기,여객,30 ,6933 ,31 ,981 ,154615 ,106981 ,5679 ,145875 
2026년,04월,KAL,KE,대한항공,국제,동남아,말레이시아,PEN,도착,정기,화물,21 ,0 ,0 ,0 ,484926 ,1089350 ,0 ,0 
2026년,04월,KAL,KE,대한항공,국제,동남아,말레이시아,PEN,출발,정기,화물,21 ,0 ,0 ,0 ,97796 ,625287 ,0 ,0 
2026년,04월,KAL,KE,대한항공,국제,동남아,미얀마,RGN,도착,정기,여객,4 ,687 ,6 ,164 ,14239 ,6946 ,0 ,19756 
2026년,04월,KAL,KE,대한항공,국제,동남아,미얀마,RGN,출발,정기,여객,4 ,645 ,6 ,145 ,30 ,3917 ,0 ,24631 
2026년,04월,KAL,KE,대한항공,국제,동남아,베트남,CXR,도착,정기,여객,30 ,6492 ,102 ,1350 ,799 ,0 ,0 ,143233 
2026년,04월,KAL,KE,대한항공,국제,동남아,베트남,CXR,출발,정기,여객,30 ,6715 ,106 ,859 ,1 ,0 ,0 ,104700 
2026년,04월,KAL,KE,대한항공,국제,동남아,베트남,DAD,도착,정기,여객,60 ,13283 ,163 ,2902 ,156122 ,122674 ,20052 ,282952 
2026년,04월,KAL,KE,대한항공,국제,동남아,베트남,DAD,출발,정기,여객,60 ,13869 ,197 ,1798 ,8431 ,108637 ,0 ,200271 
2026년,04월,KAL,KE,대한항공,국제,동남아,베트남,HAN,도착,정기,화물,30 ,0 ,0 ,0 ,1078906 ,1232508 ,0 ,0 
2026년,04월,KAL,KE,대한항공,국제,동남아,베트남,HAN,도착,정기,여객,60 ,13694 ,69 ,3127 ,83070 ,456701 ,0 ,269241 
2026년,04월,KAL,KE,대한항공,국제,동남아,베트남,HAN,출발,정기,화물,30 ,0 ,0 ,0 ,1753392 ,368815 ,0 ,0 
2026년,04월,KAL,KE,대한항공,국제,동남아,베트남,HAN,출발,정기,여객,60 ,12131 ,61 ,3597 ,81234 ,122519 ,4281 ,219862 
2026년,04월,KAL,KE,대한항공,국제,동남아,베트남,HAN,출발,부정기,화물,0 ,0 ,0 ,0 ,181612 ,68981 ,0 ,0 
2026년,04월,KAL,KE,대한항공,국제,동남아,베트남,PQC,도착,정기,여객,30 ,4936 ,74 ,196 ,0 ,0 ,0 ,76314 
2026년,04월,KAL,KE,대한항공,국제,동남아,베트남,PQC,출발,정기,여객,30 ,4901 ,77 ,153 ,0 ,0 ,0 ,59172 
2026년,04월,KAL,KE,대한항공,국제,동남아,베트남,SGN,도착,정기,화물,9 ,0 ,0 ,0 ,144184 ,492230 ,513 ,0 
2026년,04월,KAL,KE,대한항공,국제,동남아,베트남,SGN,도착,정기,여객,90 ,15146 ,115 ,9546 ,392263 ,436959 ,7197 ,577444 
2026년,04월,KAL,KE,대한항공,국제,동남아,베트남,SGN,출발,정기,화물,9 ,0 ,0 ,0 ,40910 ,94501 ,0 ,0 
2026년,04월,KAL,KE,대한항공,국제,동남아,베트남,SGN,출발,정기,여객,90 ,14076 ,148 ,8080 ,369290 ,202846 ,8750 ,431471 
2026년,04월,KAL,KE,대한항공,국제,동남아,싱가포르,SIN,도착,정기,화물,4 ,0 ,0 ,0 ,146362 ,109158 ,0 ,0 
2026년,04월,KAL,KE,대한항공,국제,동남아,싱가포르,SIN,도착,정기,여객,90 ,19736 ,175 ,3589 ,664486 ,358988 ,0 ,342467 
2026년,04월,KAL,KE,대한항공,국제,동남아,싱가포르,SIN,출발,정기,화물,4 ,0 ,0 ,0 ,313339 ,547528 ,0 ,0 
2026년,04월,KAL,KE,대한항공,국제,동남아,싱가포르,SIN,출발,정기,여객,90 ,21657 ,210 ,3087 ,463028 ,535911 ,16160 ,429648 
2026년,04월,KAL,KE,대한항공,국제,동남아,인도네시아,CGK,도착,정기,여객,29 ,6341 ,16 ,1206 ,136835 ,211543 ,0 ,138365 
2026년,04월,KAL,KE,대한항공,국제,동남아,인도네시아,CGK,출발,정기,화물,0 ,0 ,0 ,0 ,40650 ,128382 ,0 ,0 
2026년,04월,KAL,KE,대한항공,국제,동남아,인도네시아,CGK,출발,정기,여객,29 ,7245 ,40 ,697 ,115376 ,191367 ,33374 ,178717 
2026년,04월,KAL,KE,대한항공,국제,동남아,인도네시아,DPS,도착,정기,여객,60 ,10452 ,54 ,6438 ,6464 ,26680 ,1 ,301622 
2026년,04월,KAL,KE,대한항공,국제,동남아,인도네시아,DPS,출발,정기,여객,60 ,11509 ,70 ,4728 ,96168 ,10943 ,0 ,247805 
2026년,04월,KAL,KE,대한항공,국제,동남아,캄보디아,KTI,도착,정기,여객,30 ,3320 ,17 ,1978 ,2736 ,649 ,338 ,127832 
2026년,04월,KAL,KE,대한항공,국제,동남아,캄보디아,KTI,출발,정기,여객,30 ,2464 ,43 ,2295 ,112 ,0 ,105 ,121860 
2026년,04월,KAL,KE,대한항공,국제,동남아,태국,BKK,도착,정기,화물,9 ,0 ,0 ,0 ,201597 ,483490 ,0 ,0 
2026년,04월,KAL,KE,대한항공,국제,동남아,태국,BKK,도착,정기,여객,90 ,12722 ,54 ,11170 ,670434 ,584940 ,0 ,461171 
2026년,04월,KAL,KE,대한항공,국제,동남아,태국,BKK,출발,정기,화물,9 ,0 ,0 ,0 ,70550 ,196564 ,0 ,0 
2026년,04월,KAL,KE,대한항공,국제,동남아,태국,BKK,출발,정기,여객,90 ,14266 ,100 ,9580 ,599344 ,310527 ,21532 ,452268 
2026년,04월,KAL,KE,대한항공,국제,동남아,태국,HKT,도착,정기,여객,30 ,4821 ,30 ,3201 ,87994 ,0 ,0 ,134207 
2026년,04월,KAL,KE,대한항공,국제,동남아,태국,HKT,출발,정기,여객,30 ,5254 ,31 ,1974 ,24895 ,24774 ,0 ,102888 
2026년,04월,KAL,KE,대한항공,국제,동남아,필리핀,CEB,도착,정기,여객,30 ,4913 ,66 ,3050 ,130873 ,43969 ,0 ,144161 
2026년,04월,KAL,KE,대한항공,국제,동남아,필리핀,CEB,출발,정기,여객,30 ,5721 ,106 ,2552 ,21536 ,452700 ,0 ,161861 
2026년,04월,KAL,KE,대한항공,국제,동남아,필리핀,MNL,도착,정기,여객,90 ,8702 ,43 ,14127 ,272940 ,264652 ,0 ,565446 
2026년,04월,KAL,KE,대한항공,국제,동남아,필리핀,MNL,출발,정기,화물,0 ,0 ,0 ,0 ,49565 ,148148 ,0 ,0 
2026년,04월,KAL,KE,대한항공,국제,동남아,필리핀,MNL,출발,정기,여객,90 ,10392 ,127 ,12442 ,299831 ,358250 ,8290 ,617338 
2026년,04월,KAL,KE,대한항공,국제,미주,멕시코,GDL,도착,정기,화물,13 ,0 ,0 ,0 ,143221 ,338636 ,0 ,0 
2026년,04월,KAL,KE,대한항공,국제,미주,멕시코,GDL,출발,정기,화물,14 ,0 ,0 ,0 ,7779 ,254984 ,0 ,0 
2026년,04월,KAL,KE,대한항공,국제,미주,미국,ANC,도착,정기,화물,0 ,0 ,0 ,0 ,15 ,0 ,0 ,0 
2026년,04월,KAL,KE,대한항공,국제,미주,미국,ANC,출발,정기,화물,0 ,0 ,0 ,0 ,35 ,0 ,0 ,0 
2026년,04월,KAL,KE,대한항공,국제,미주,미국,ATL,도착,정기,화물,12 ,0 ,0 ,0 ,319168 ,366326 ,0 ,0 
2026년,04월,KAL,KE,대한항공,국제,미주,미국,ATL,도착,정기,여객,47 ,6017 ,47 ,4777 ,3600 ,42150 ,0 ,275596 
2026년,04월,KAL,KE,대한항공,국제,미주,미국,ATL,출발,정기,화물,13 ,0 ,0 ,0 ,243020 ,259068 ,0 ,0 
2026년,04월,KAL,KE,대한항공,국제,미주,미국,ATL,출발,정기,여객,47 ,5871 ,56 ,6193 ,61229 ,613717 ,0 ,343277 
2026년,04월,KAL,KE,대한항공,국제,미주,미국,BOS,도착,정기,여객,30 ,2631 ,29 ,4495 ,43914 ,20388 ,0 ,167724 
2026년,04월,KAL,KE,대한항공,국제,미주,미국,BOS,출발,정기,여객,30 ,3234 ,37 ,4775 ,27829 ,355019 ,0 ,210290 
2026년,04월,KAL,KE,대한항공,국제,미주,미국,DFW,도착,정기,여객,30 ,3346 ,31 ,3426 ,1372 ,6071 ,0 ,167954 
2026년,04월,KAL,KE,대한항공,국제,미주,미국,DFW,출발,정기,화물,0 ,0 ,0 ,0 ,967804 ,1239848 ,0 ,0 
2026년,04월,KAL,KE,대한항공,국제,미주,미국,DFW,출발,정기,여객,30 ,3815 ,57 ,4018 ,15097 ,247790 ,0 ,223304 
2026년,04월,KAL,KE,대한항공,국제,미주,미국,IAD,도착,정기,여객,30 ,4058 ,32 ,3219 ,57037 ,71834 ,0 ,187937 
2026년,04월,KAL,KE,대한항공,국제,미주,미국,IAD,출발,정기,여객,30 ,4422 ,47 ,3367 ,8665 ,362706 ,0 ,223357 
2026년,04월,KAL,KE,대한항공,국제,미주,미국,JFK,도착,정기,화물,30 ,0 ,0 ,0 ,511960 ,382280 ,0 ,0 
2026년,04월,KAL,KE,대한항공,국제,미주,미국,JFK,도착,정기,여객,60 ,9847 ,47 ,7826 ,90853 ,54858 ,557 ,400617 
2026년,04월,KAL,KE,대한항공,국제,미주,미국,JFK,출발,정기,화물,31 ,0 ,0 ,0 ,206471 ,953350 ,0 ,0 
2026년,04월,KAL,KE,대한항공,국제,미주,미국,JFK,출발,정기,여객,60 ,11196 ,88 ,8573 ,69546 ,522972 ,53782 ,487949 
2026년,04월,KAL,KE,대한항공,국제,미주,미국,LAS,도착,정기,여객,30 ,2349 ,9 ,4743 ,170 ,0 ,0 ,169403 
2026년,04월,KAL,KE,대한항공,국제,미주,미국,LAS,출발,정기,여객,30 ,3091 ,25 ,4810 ,4397 ,458910 ,0 ,187592 
2026년,04월,KAL,KE,대한항공,국제,미주,미국,LAX,도착,정기,화물,56 ,0 ,0 ,0 ,843616 ,529905 ,0 ,0 
2026년,04월,KAL,KE,대한항공,국제,미주,미국,LAX,도착,정기,여객,73 ,14488 ,88 ,10126 ,256614 ,44579 ,1317 ,550969 
2026년,04월,KAL,KE,대한항공,국제,미주,미국,LAX,도착,부정기,화물,1 ,0 ,0 ,0 ,17509 ,15855 ,0 ,0 
2026년,04월,KAL,KE,대한항공,국제,미주,미국,LAX,출발,정기,화물,54 ,0 ,0 ,0 ,1111517 ,3884999 ,0 ,0 
2026년,04월,KAL,KE,대한항공,국제,미주,미국,LAX,출발,정기,여객,73 ,16068 ,147 ,10441 ,62331 ,503446 ,35044 ,625644 
2026년,04월,KAL,KE,대한항공,국제,미주,미국,LAX,출발,부정기,화물,1 ,0 ,0 ,0 ,4771 ,79709 ,0 ,0 
2026년,04월,KAL,KE,대한항공,국제,미주,미국,MIA,출발,정기,화물,0 ,0 ,0 ,0 ,32186 ,792063 ,0 ,0 
2026년,04월,KAL,KE,대한항공,국제,미주,미국,ORD,도착,정기,화물,42 ,0 ,0 ,0 ,216382 ,211923 ,0 ,0 
2026년,04월,KAL,KE,대한항공,국제,미주,미국,ORD,도착,정기,여객,30 ,3366 ,24 ,3499 ,64626 ,86934 ,650 ,164526 
2026년,04월,KAL,KE,대한항공,국제,미주,미국,ORD,출발,정기,화물,42 ,0 ,0 ,0 ,976351 ,3428558 ,790 ,0 
2026년,04월,KAL,KE,대한항공,국제,미주,미국,ORD,출발,정기,여객,30 ,3918 ,39 ,4155 ,128290 ,445046 ,15219 ,214262 
2026년,04월,KAL,KE,대한항공,국제,미주,미국,SEA,도착,정기,화물,18 ,0 ,0 ,0 ,473383 ,288643 ,0 ,0 
2026년,04월,KAL,KE,대한항공,국제,미주,미국,SEA,도착,정기,여객,30 ,3890 ,27 ,4319 ,12812 ,20353 ,0 ,163259 
2026년,04월,KAL,KE,대한항공,국제,미주,미국,SEA,출발,정기,화물,18 ,0 ,0 ,0 ,0 ,28701 ,0 ,0 
2026년,04월,KAL,KE,대한항공,국제,미주,미국,SEA,출발,정기,여객,30 ,4150 ,66 ,5158 ,8899 ,262170 ,0 ,216249 
2026년,04월,KAL,KE,대한항공,국제,미주,미국,SFO,도착,정기,화물,0 ,0 ,0 ,0 ,151245 ,209869 ,0 ,0 
2026년,04월,KAL,KE,대한항공,국제,미주,미국,SFO,도착,정기,여객,30 ,4124 ,19 ,3100 ,11360 ,15722 ,0 ,146405 
2026년,04월,KAL,KE,대한항공,국제,미주,미국,SFO,출발,정기,여객,30 ,5301 ,29 ,4046 ,27021 ,254514 ,0 ,206425 
2026년,04월,KAL,KE,대한항공,국제,미주,브라질,VCP,도착,정기,화물,8 ,0 ,0 ,0 ,4816 ,29198 ,0 ,0 
2026년,04월,KAL,KE,대한항공,국제,미주,브라질,VCP,출발,정기,화물,9 ,0 ,0 ,0 ,25701 ,212155 ,0 ,0 
2026년,04월,KAL,KE,대한항공,국제,미주,칠레,SCL,도착,정기,화물,0 ,0 ,0 ,0 ,50470 ,83002 ,0 ,0 
2026년,04월,KAL,KE,대한항공,국제,미주,캐나다,YEG,도착,정기,화물,0 ,0 ,0 ,0 ,0 ,0 ,0 ,0 
2026년,04월,KAL,KE,대한항공,국제,미주,캐나다,YHZ,도착,정기,화물,0 ,0 ,0 ,0 ,83400 ,475466 ,0 ,0 
2026년,04월,KAL,KE,대한항공,국제,미주,캐나다,YVR,도착,정기,화물,0 ,0 ,0 ,0 ,45420 ,621 ,0 ,0 
2026년,04월,KAL,KE,대한항공,국제,미주,캐나다,YVR,도착,정기,여객,60 ,6059 ,90 ,10264 ,48315 ,49085 ,0 ,400166 
2026년,04월,KAL,KE,대한항공,국제,미주,캐나다,YVR,출발,정기,여객,60 ,7039 ,143 ,11672 ,17028 ,608941 ,24007 ,556671 
2026년,04월,KAL,KE,대한항공,국제,미주,캐나다,YYZ,도착,정기,화물,8 ,0 ,0 ,0 ,174851 ,166345 ,0 ,0 
2026년,04월,KAL,KE,대한항공,국제,미주,캐나다,YYZ,도착,정기,여객,30 ,4717 ,55 ,3878 ,12769 ,25662 ,0 ,221137 
2026년,04월,KAL,KE,대한항공,국제,미주,캐나다,YYZ,출발,정기,화물,8 ,0 ,0 ,0 ,2577 ,601792 ,324 ,0 
2026년,04월,KAL,KE,대한항공,국제,미주,캐나다,YYZ,출발,정기,여객,30 ,4365 ,91 ,4623 ,9758 ,200486 ,24530 ,282824 
2026년,04월,KAL,KE,대한항공,국제,미주,페루,LIM,도착,정기,화물,0 ,0 ,0 ,0 ,36424 ,116876 ,0 ,0 
2026년,04월,KAL,KE,대한항공,국제,대양주,뉴질랜드,AKL,도착,정기,여객,13 ,3304 ,32 ,233 ,59151 ,47079 ,0 ,71120 
2026년,04월,KAL,KE,대한항공,국제,대양주,뉴질랜드,AKL,출발,정기,여객,13 ,3185 ,26 ,262 ,13140 ,75313 ,17521 ,74249 
2026년,04월,KAL,KE,대한항공,국제,대양주,호주,BNE,도착,정기,여객,14 ,3152 ,41 ,369 ,49827 ,1895 ,0 ,64378 
2026년,04월,KAL,KE,대한항공,국제,대양주,호주,BNE,출발,정기,여객,14 ,3297 ,44 ,316 ,19935 ,104410 ,15958 ,72805 
2026년,04월,KAL,KE,대한항공,국제,대양주,호주,SYD,도착,정기,여객,30 ,7940 ,67 ,844 ,64105 ,3981 ,0 ,163631 
2026년,04월,KAL,KE,대한항공,국제,대양주,호주,SYD,출발,정기,여객,30 ,8354 ,67 ,736 ,114048 ,192026 ,39616 ,168230 
2026년,04월,KAL,KE,대한항공,국제,대양주,괌,GUM,도착,정기,여객,53 ,8194 ,202 ,873 ,17305 ,6535 ,0 ,121476 
2026년,04월,KAL,KE,대한항공,국제,대양주,괌,GUM,출발,정기,여객,53 ,9286 ,228 ,1093 ,115222 ,139245 ,0 ,136314 
2026년,04월,KAL,KE,대한항공,국제,대양주,하와이,HNL,도착,정기,여객,30 ,5780 ,36 ,2053 ,30468 ,26615 ,489 ,165650 
2026년,04월,KAL,KE,대한항공,국제,대양주,하와이,HNL,출발,정기,여객,30 ,6808 ,41 ,2347 ,4885 ,388468 ,1667 ,179643 
2026년,04월,KAL,KE,대한항공,국제,유럽,그리스,ATH,도착,부정기,여객,1 ,271 ,0 ,8 ,0 ,0 ,0 ,5125 
2026년,04월,KAL,KE,대한항공,국제,유럽,그리스,ATH,출발,부정기,여객,2 ,568 ,0 ,0 ,0 ,0 ,0 ,9326 
2026년,04월,KAL,KE,대한항공,국제,유럽,네덜란드,AMS,도착,정기,화물,13 ,0 ,0 ,0 ,791698 ,385954 ,4420 ,0 
2026년,04월,KAL,KE,대한항공,국제,유럽,네덜란드,AMS,도착,정기,여객,17 ,3802 ,30 ,533 ,127411 ,75506 ,11662 ,80499 
2026년,04월,KAL,KE,대한항공,국제,유럽,네덜란드,AMS,출발,정기,화물,13 ,0 ,0 ,0 ,406306 ,689702 ,0 ,0 
2026년,04월,KAL,KE,대한항공,국제,유럽,네덜란드,AMS,출발,정기,여객,17 ,3948 ,23 ,845 ,122679 ,151537 ,0 ,94493 
2026년,04월,KAL,KE,대한항공,국제,유럽,노르웨이,OSL,도착,정기,화물,9 ,0 ,0 ,0 ,609145 ,87985 ,0 ,0 
2026년,04월,KAL,KE,대한항공,국제,유럽,노르웨이,OSL,출발,정기,화물,8 ,0 ,0 ,0 ,66746 ,39593 ,0 ,0 
2026년,04월,KAL,KE,대한항공,국제,유럽,독일,FRA,도착,정기,화물,18 ,0 ,0 ,0 ,1314059 ,251827 ,0 ,0 
2026년,04월,KAL,KE,대한항공,국제,유럽,독일,FRA,도착,정기,여객,13 ,3219 ,28 ,138 ,232193 ,37047 ,0 ,65738 
2026년,04월,KAL,KE,대한항공,국제,유럽,독일,FRA,출발,정기,화물,18 ,0 ,0 ,0 ,380573 ,969875 ,1761 ,0 
2026년,04월,KAL,KE,대한항공,국제,유럽,독일,FRA,출발,정기,여객,13 ,3096 ,27 ,533 ,115747 ,73442 ,10354 ,75212 
2026년,04월,KAL,KE,대한항공,국제,유럽,스위스,ZRH,도착,정기,화물,4 ,0 ,0 ,0 ,192154 ,73780 ,0 ,0 
2026년,04월,KAL,KE,대한항공,국제,유럽,스위스,ZRH,도착,정기,여객,13 ,2814 ,14 ,282 ,56362 ,51883 ,0 ,57021 
2026년,04월,KAL,KE,대한항공,국제,유럽,스위스,ZRH,출발,정기,화물,4 ,0 ,0 ,0 ,361 ,57798 ,0 ,0 
2026년,04월,KAL,KE,대한항공,국제,유럽,스위스,ZRH,출발,정기,여객,13 ,2914 ,17 ,630 ,2205 ,110339 ,2010 ,70941 
2026년,04월,KAL,KE,대한항공,국제,유럽,스페인,MAD,도착,정기,화물,9 ,0 ,0 ,0 ,201401 ,705813 ,0 ,0 
2026년,04월,KAL,KE,대한항공,국제,유럽,스페인,MAD,도착,정기,여객,17 ,3996 ,11 ,350 ,122545 ,28997 ,0 ,86565 
2026년,04월,KAL,KE,대한항공,국제,유럽,스페인,MAD,출발,정기,화물,8 ,0 ,0 ,0 ,13190 ,680927 ,0 ,0 
2026년,04월,KAL,KE,대한항공,국제,유럽,스페인,MAD,출발,정기,여객,17 ,4071 ,8 ,572 ,3255 ,69242 ,3754 ,82786 
2026년,04월,KAL,KE,대한항공,국제,유럽,영국,LHR,도착,정기,화물,8 ,0 ,0 ,0 ,97981 ,55637 ,0 ,0 
2026년,04월,KAL,KE,대한항공,국제,유럽,영국,LHR,도착,정기,여객,30 ,5635 ,26 ,734 ,239937 ,56246 ,13488 ,126635 
2026년,04월,KAL,KE,대한항공,국제,유럽,영국,LHR,출발,정기,화물,9 ,0 ,0 ,0 ,248431 ,356992 ,1779 ,0 
2026년,04월,KAL,KE,대한항공,국제,유럽,영국,LHR,출발,정기,여객,30 ,6544 ,32 ,1526 ,171304 ,182030 ,35890 ,171693 
2026년,04월,KAL,KE,대한항공,국제,유럽,오스트리아,VIE,도착,정기,화물,0 ,0 ,0 ,0 ,0 ,0 ,0 ,0 
2026년,04월,KAL,KE,대한항공,국제,유럽,오스트리아,VIE,도착,정기,여객,17 ,3683 ,10 ,244 ,135737 ,56638 ,0 ,78685 
2026년,04월,KAL,KE,대한항공,국제,유럽,오스트리아,VIE,출발,정기,화물,0 ,0 ,0 ,0 ,567800 ,591978 ,265 ,0 
2026년,04월,KAL,KE,대한항공,국제,유럽,오스트리아,VIE,출발,정기,여객,17 ,3951 ,12 ,630 ,135589 ,165902 ,3670 ,88598 
2026년,04월,KAL,KE,대한항공,국제,유럽,오스트리아,VIE,출발,부정기,화물,0 ,0 ,0 ,0 ,0 ,0 ,0 ,0 
2026년,04월,KAL,KE,대한항공,국제,유럽,이탈리아,FCO,도착,정기,여객,13 ,3402 ,7 ,243 ,63755 ,59875 ,0 ,72170 
2026년,04월,KAL,KE,대한항공,국제,유럽,이탈리아,FCO,출발,정기,여객,13 ,3350 ,6 ,632 ,55659 ,29535 ,0 ,70342 
2026년,04월,KAL,KE,대한항공,국제,유럽,이탈리아,MXP,도착,정기,화물,4 ,0 ,0 ,0 ,318665 ,66304 ,0 ,0 
2026년,04월,KAL,KE,대한항공,국제,유럽,이탈리아,MXP,도착,정기,여객,17 ,4249 ,8 ,488 ,29867 ,16570 ,0 ,92731 
2026년,04월,KAL,KE,대한항공,국제,유럽,이탈리아,MXP,도착,부정기,화물,9 ,0 ,0 ,0 ,398589 ,231461 ,0 ,0 
2026년,04월,KAL,KE,대한항공,국제,유럽,이탈리아,MXP,출발,정기,화물,4 ,0 ,0 ,0 ,21633 ,168372 ,0 ,0 
2026년,04월,KAL,KE,대한항공,국제,유럽,이탈리아,MXP,출발,정기,여객,17 ,4221 ,13 ,1069 ,8574 ,54941 ,1868 ,95531 
2026년,04월,KAL,KE,대한항공,국제,유럽,이탈리아,MXP,출발,부정기,화물,9 ,0 ,0 ,0 ,0 ,7764 ,0 ,0 
2026년,04월,KAL,KE,대한항공,국제,유럽,체코,PRG,도착,정기,여객,17 ,4194 ,6 ,465 ,90190 ,85703 ,0 ,85559 
2026년,04월,KAL,KE,대한항공,국제,유럽,체코,PRG,출발,정기,여객,17 ,4303 ,13 ,1067 ,29688 ,33580 ,0 ,100175 
2026년,04월,KAL,KE,대한항공,국제,유럽,포르투갈,LIS,도착,정기,여객,13 ,3260 ,2 ,62 ,118984 ,21977 ,0 ,67883 
2026년,04월,KAL,KE,대한항공,국제,유럽,포르투갈,LIS,출발,정기,여객,13 ,3072 ,3 ,462 ,1775 ,174 ,0 ,62368 
2026년,04월,KAL,KE,대한항공,국제,유럽,프랑스,CDG,도착,정기,화물,0 ,0 ,0 ,0 ,293411 ,64736 ,0 ,0 
2026년,04월,KAL,KE,대한항공,국제,유럽,프랑스,CDG,도착,정기,여객,26 ,6038 ,23 ,497 ,382788 ,49346 ,0 ,123833 
2026년,04월,KAL,KE,대한항공,국제,유럽,프랑스,CDG,출발,정기,여객,26 ,6323 ,19 ,557 ,103656 ,354990 ,11978 ,129240 
2026년,04월,KAL,KE,대한항공,국제,유럽,헝가리,BUD,도착,정기,여객,17 ,3841 ,8 ,446 ,98779 ,5928 ,0 ,83270 
2026년,04월,KAL,KE,대한항공,국제,유럽,헝가리,BUD,출발,정기,여객,17 ,3895 ,7 ,933 ,9290 ,164360 ,1790 ,97116 
2026년,04월,KAL,KE,대한항공,국제,유럽,튀르키예,IST,도착,정기,여객,21 ,4158 ,11 ,570 ,103769 ,15910 ,0 ,88585 
2026년,04월,KAL,KE,대한항공,국제,유럽,튀르키예,IST,출발,정기,여객,21 ,4329 ,6 ,1184 ,114989 ,95285 ,1597 ,108050 
2026년,04월,KAL,KE,대한항공,국제,기타,네팔,KTM,도착,정기,여객,9 ,1368 ,9 ,993 ,17961 ,26845 ,0 ,59720 
2026년,04월,KAL,KE,대한항공,국제,기타,네팔,KTM,출발,정기,여객,8 ,1277 ,14 ,656 ,1339 ,91104 ,0 ,46707 
2026년,04월,KAL,KE,대한항공,국제,기타,인도,DEL,도착,정기,여객,16 ,1863 ,9 ,2455 ,100946 ,97032 ,0 ,119999 
2026년,04월,KAL,KE,대한항공,국제,기타,인도,DEL,출발,정기,여객,17 ,2719 ,15 ,530 ,7103 ,153327 ,0 ,65859 
2026년,04월,KAL,KE,대한항공,국제,기타,인도,DEL,출발,부정기,화물,0 ,0 ,0 ,0 ,101376 ,66665 ,0 ,0 
2026년,04월,KLM,KL,KLM네덜란드항공,국제,유럽,네덜란드,AMS,도착,정기,여객,29 ,7121 ,50 ,329 ,447232 ,0 ,3288 ,123222 
2026년,04월,KLM,KL,KLM네덜란드항공,국제,유럽,네덜란드,AMS,출발,정기,여객,29 ,7197 ,38 ,677 ,364340 ,0 ,9501 ,162829 
2026년,04월,KZR,KC,아스타나항공,국제,유럽,카자흐스탄,ALA,도착,정기,여객,30 ,4360 ,32 ,700 ,11949 ,0 ,818 ,79278 
2026년,04월,KZR,KC,아스타나항공,국제,유럽,카자흐스탄,ALA,출발,정기,여객,30 ,5432 ,52 ,564 ,131947 ,0 ,4885 ,122018 
2026년,04월,KZR,KC,아스타나항공,국제,유럽,카자흐스탄,NQZ,도착,정기,여객,13 ,1150 ,15 ,333 ,311 ,0 ,268 ,19497 
2026년,04월,KZR,KC,아스타나항공,국제,유럽,카자흐스탄,NQZ,출발,정기,여객,13 ,1527 ,16 ,277 ,937 ,0 ,0 ,38019 
2026년,04월,LAO,QV,라오 항공,국제,동남아,라오스,VTE,도착,정기,여객,21 ,2781 ,9 ,53 ,13752 ,0 ,177 ,44143 
2026년,04월,LAO,QV,라오 항공,국제,동남아,라오스,VTE,출발,정기,여객,21 ,1751 ,12 ,70 ,10444 ,0 ,746 ,27199 
2026년,04월,LHA,GI,롱하오 항공,국제,중국,중국,WEH,도착,정기,화물,30 ,0 ,0 ,0 ,498469 ,0 ,0 ,0 
2026년,04월,LHA,GI,롱하오 항공,국제,중국,중국,WEH,출발,정기,화물,30 ,0 ,0 ,0 ,401355 ,0 ,0 ,0 
2026년,04월,LOT,LO,LOT 폴란드항공,국제,유럽,폴란드,WAW,도착,정기,여객,26 ,6030 ,23 ,101 ,172471 ,0 ,20229 ,88057 
2026년,04월,LOT,LO,LOT 폴란드항공,국제,유럽,폴란드,WAW,출발,정기,여객,26 ,6527 ,25 ,119 ,224493 ,0 ,24313 ,123023 
2026년,04월,LOT,LO,LOT 폴란드항공,국제,유럽,폴란드,WRO,도착,정기,여객,4 ,1014 ,7 ,16 ,11068 ,0 ,0 ,17554 
2026년,04월,LOT,LO,LOT 폴란드항공,국제,유럽,폴란드,WRO,출발,정기,여객,4 ,1076 ,5 ,16 ,23471 ,0 ,0 ,20516 
2026년,04월,MAA,M7,MAS AIR,국제,중국,중국,WUX,도착,정기,화물,0 ,0 ,0 ,0 ,0 ,0 ,0 ,0 
2026년,04월,MAA,M7,MAS AIR,국제,중국,중국,WUX,도착,부정기,화물,0 ,0 ,0 ,0 ,0 ,0 ,0 ,0 
2026년,04월,MAA,M7,MAS AIR,국제,미주,멕시코,NLU,도착,정기,화물,14 ,0 ,0 ,0 ,177 ,0 ,0 ,0 
2026년,04월,MAA,M7,MAS AIR,국제,미주,멕시코,NLU,도착,부정기,화물,1 ,0 ,0 ,0 ,0 ,0 ,0 ,0 
2026년,04월,MAA,M7,MAS AIR,국제,미주,멕시코,NLU,출발,정기,화물,14 ,0 ,0 ,0 ,9133 ,7691 ,0 ,0 
2026년,04월,MAA,M7,MAS AIR,국제,미주,멕시코,NLU,출발,부정기,화물,1 ,0 ,0 ,0 ,0 ,0 ,0 ,0 
2026년,04월,MAA,M7,MAS AIR,국제,미주,미국,ANC,출발,정기,화물,0 ,0 ,0 ,0 ,0 ,0 ,0 ,0 
2026년,04월,MAA,M7,MAS AIR,국제,미주,미국,ANC,출발,부정기,화물,0 ,0 ,0 ,0 ,0 ,0 ,0 ,0 
2026년,04월,MAS,MH,말레이시아항공,국제,동남아,말레이시아,KUL,도착,정기,여객,51 ,10838 ,79 ,133 ,395863 ,0 ,6665 ,171164 
2026년,04월,MAS,MH,말레이시아항공,국제,동남아,말레이시아,KUL,출발,정기,여객,50 ,11944 ,67 ,177 ,592689 ,0 ,24022 ,231673 
2026년,04월,MFX,C6,센트럼 항공 / MY FREIGHTER,국제,유럽,우즈베키스탄,TAS,도착,정기,여객,8 ,1312 ,13 ,3 ,4 ,0 ,0 ,20256 
2026년,04월,MFX,C6,센트럼 항공 / MY FREIGHTER,국제,유럽,우즈베키스탄,TAS,출발,정기,여객,8 ,1464 ,32 ,27 ,6646 ,0 ,0 ,24515 
2026년,04월,MGL,OM,몽골항공,국제,동북아,몽골,UBN,도착,정기,여객,46 ,6902 ,65 ,927 ,108968 ,0 ,1022 ,116662 
2026년,04월,MGL,OM,몽골항공,국제,동북아,몽골,UBN,도착,부정기,화물,4 ,0 ,0 ,0 ,7360 ,0 ,0 ,0 
2026년,04월,MGL,OM,몽골항공,국제,동북아,몽골,UBN,도착,부정기,여객,10 ,1152 ,4 ,1 ,9 ,0 ,0 ,18424 
2026년,04월,MGL,OM,몽골항공,국제,동북아,몽골,UBN,출발,정기,여객,47 ,8069 ,69 ,1215 ,244051 ,0 ,0 ,197625 
2026년,04월,MGL,OM,몽골항공,국제,동북아,몽골,UBN,출발,부정기,화물,4 ,0 ,0 ,0 ,75014 ,0 ,0 ,0 
2026년,04월,MGL,OM,몽골항공,국제,동북아,몽골,UBN,출발,부정기,여객,9 ,1088 ,10 ,154 ,7244 ,0 ,0 ,27683 
2026년,04월,MMA,8M,미얀마 국제항공,국제,동남아,미얀마,RGN,도착,정기,여객,16 ,1482 ,6 ,50 ,3054 ,0 ,0 ,30024 
2026년,04월,MMA,8M,미얀마 국제항공,국제,동남아,미얀마,RGN,출발,정기,여객,16 ,1553 ,6 ,17 ,5128 ,0 ,0 ,46768 
2026년,04월,MMA,8M,미얀마 국제항공,국제,동남아,태국,CNX,출발,정기,여객,0 ,91 ,0 ,1 ,433 ,0 ,0 ,3059 
2026년,04월,MNG,M0,에어로몽골리아,국제,동북아,몽골,UBN,도착,정기,여객,13 ,1102 ,8 ,3 ,0 ,0 ,0 ,17344 
2026년,04월,MNG,M0,에어로몽골리아,국제,동북아,몽골,UBN,도착,부정기,여객,5 ,344 ,5 ,0 ,0 ,0 ,0 ,5382 
2026년,04월,MNG,M0,에어로몽골리아,국제,동북아,몽골,UBN,출발,정기,여객,13 ,1538 ,19 ,17 ,2896 ,0 ,0 ,30292 
2026년,04월,MNG,M0,에어로몽골리아,국제,동북아,몽골,UBN,출발,부정기,여객,5 ,584 ,5 ,4 ,825 ,0 ,0 ,11982 
2026년,04월,MPH,MP,마틴에어카고,국제,동북아,홍콩,HKG,출발,정기,화물,0 ,0 ,0 ,0 ,89063 ,0 ,0 ,0 
2026년,04월,MPH,MP,마틴에어카고,국제,유럽,네덜란드,AMS,도착,정기,화물,12 ,0 ,0 ,0 ,474652 ,0 ,0 ,0 
2026년,04월,MPH,MP,마틴에어카고,국제,유럽,네덜란드,AMS,출발,정기,화물,12 ,0 ,0 ,0 ,482728 ,0 ,0 ,0 
2026년,04월,MPH,MP,마틴에어카고,국제,유럽,카자흐스탄,ALA,도착,정기,화물,0 ,0 ,0 ,0 ,0 ,0 ,0 ,0 
2026년,04월,MPH,MP,마틴에어카고,국제,유럽,카자흐스탄,ALA,출발,정기,화물,0 ,0 ,0 ,0 ,0 ,0 ,0 ,0 
2026년,04월,MXD,OD,바틱에어,국제,동남아,말레이시아,BKI,도착,정기,여객,2 ,223 ,0 ,5 ,0 ,0 ,0 ,2519 
2026년,04월,MXD,OD,바틱에어,국제,동남아,말레이시아,BKI,출발,정기,여객,2 ,199 ,1 ,0 ,0 ,0 ,0 ,2629 
2026년,04월,MXD,OD,바틱에어,국제,동남아,말레이시아,KUL,도착,정기,여객,22 ,3001 ,16 ,1 ,16607 ,0 ,0 ,35915 
2026년,04월,MXD,OD,바틱에어,국제,동남아,말레이시아,KUL,출발,정기,여객,22 ,2786 ,11 ,12 ,21120 ,0 ,0 ,44729 
2026년,04월,PAC,PO,폴라에어카고,국제,일본,일본,NGO,출발,정기,화물,0 ,0 ,0 ,0 ,0 ,0 ,0 ,0 
2026년,04월,PAC,PO,폴라에어카고,국제,중국,중국,PVG,출발,정기,화물,0 ,0 ,0 ,0 ,162500 ,176568 ,0 ,0 
2026년,04월,PAC,PO,폴라에어카고,국제,미주,미국,ANC,도착,정기,화물,0 ,0 ,0 ,0 ,26802 ,0 ,0 ,0 
2026년,04월,PAC,PO,폴라에어카고,국제,미주,미국,ANC,출발,정기,화물,0 ,0 ,0 ,0 ,0 ,0 ,0 ,0 
2026년,04월,PAC,PO,폴라에어카고,국제,미주,미국,CVG,도착,정기,화물,22 ,0 ,0 ,0 ,748260 ,1711 ,0 ,0 
2026년,04월,PAC,PO,폴라에어카고,국제,미주,미국,CVG,출발,정기,화물,18 ,0 ,0 ,0 ,0 ,0 ,0 ,0 
2026년,04월,PAC,PO,폴라에어카고,국제,미주,미국,LAX,출발,정기,화물,4 ,0 ,0 ,0 ,0 ,0 ,0 ,0 
2026년,04월,PAL,PR,필리핀항공,국제,동남아,필리핀,MNL,도착,정기,여객,60 ,12592 ,65 ,1483 ,38273 ,0 ,510 ,222191 
2026년,04월,PAL,PR,필리핀항공,국제,동남아,필리핀,MNL,출발,정기,여객,60 ,12848 ,83 ,1134 ,185977 ,0 ,0 ,268541 
2026년,04월,PTA,WE,파라타항공,국내,한국,한국,CJU,도착,부정기,여객,2 ,346 ,2 ,0 ,0 ,0 ,0 ,1635 
2026년,04월,PTA,WE,파라타항공,국제,일본,일본,KIX,도착,정기,여객,30 ,4866 ,22 ,51 ,7380 ,0 ,0 ,50654 
2026년,04월,PTA,WE,파라타항공,국제,일본,일본,KIX,출발,정기,여객,30 ,4975 ,22 ,12 ,11164 ,7461 ,0 ,39611 
2026년,04월,PTA,WE,파라타항공,국제,일본,일본,NRT,도착,정기,여객,53 ,13310 ,49 ,103 ,255843 ,21692 ,0 ,135749 
2026년,04월,PTA,WE,파라타항공,국제,일본,일본,NRT,출발,정기,여객,53 ,13476 ,40 ,44 ,138981 ,130648 ,0 ,118555 
2026년,04월,PTA,WE,파라타항공,국제,동남아,베트남,CXR,도착,정기,여객,17 ,2698 ,31 ,7 ,0 ,0 ,0 ,33062 
2026년,04월,PTA,WE,파라타항공,국제,동남아,베트남,CXR,출발,정기,여객,18 ,2667 ,32 ,21 ,0 ,0 ,0 ,25377 
2026년,04월,PTA,WE,파라타항공,국제,동남아,베트남,DAD,도착,정기,여객,30 ,7789 ,43 ,30 ,276037 ,7943 ,527 ,89316 
2026년,04월,PTA,WE,파라타항공,국제,동남아,베트남,DAD,출발,정기,여객,30 ,7594 ,47 ,117 ,30939 ,0 ,0 ,66617 
2026년,04월,PTA,WE,파라타항공,국제,동남아,베트남,PQC,도착,정기,여객,13 ,2759 ,41 ,5 ,0 ,0 ,0 ,34466 
2026년,04월,PTA,WE,파라타항공,국제,동남아,베트남,PQC,출발,정기,여객,14 ,3111 ,53 ,16 ,0 ,0 ,0 ,31907 
2026년,04월,QDA,QW,청도항공,국제,중국,중국,TAO,도착,정기,여객,30 ,4948 ,12 ,1 ,26091 ,0 ,0 ,57668 
2026년,04월,QDA,QW,청도항공,국제,중국,중국,TAO,출발,정기,여객,30 ,4892 ,6 ,33 ,3772 ,0 ,0 ,61304 
2026년,04월,QNT,HH,카놋샤크항공,국제,유럽,우즈베키스탄,TAS,도착,정기,여객,13 ,2987 ,57 ,2 ,907 ,0 ,0 ,86568 
2026년,04월,QNT,HH,카놋샤크항공,국제,유럽,우즈베키스탄,TAS,출발,정기,여객,13 ,2890 ,60 ,52 ,133162 ,0 ,0 ,91267 
2026년,04월,QTR,QR,카타르항공,국제,중동,카타르,DOH,도착,정기,화물,14 ,0 ,0 ,0 ,357088 ,0 ,2 ,0 
2026년,04월,QTR,QR,카타르항공,국제,중동,카타르,DOH,도착,정기,여객,27 ,3975 ,23 ,338 ,212586 ,0 ,1337 ,91718 
2026년,04월,QTR,QR,카타르항공,국제,중동,카타르,DOH,출발,정기,화물,13 ,0 ,0 ,0 ,1030690 ,0 ,0 ,0 
2026년,04월,QTR,QR,카타르항공,국제,중동,카타르,DOH,출발,정기,여객,27 ,5596 ,32 ,182 ,246321 ,0 ,0 ,136080 
2026년,04월,RBA,BI,로얄 브루나이 에어라인,국제,동남아,브루나이,BWN,도착,정기,여객,13 ,1397 ,9 ,7 ,411 ,0 ,48 ,17890 
2026년,04월,RBA,BI,로얄 브루나이 에어라인,국제,동남아,브루나이,BWN,출발,정기,여객,13 ,1660 ,14 ,8 ,4295 ,0 ,320 ,33069 
2026년,04월,SAS,SK,스칸디나비안 항공,국제,유럽,덴마크,CPH,도착,정기,여객,17 ,4433 ,33 ,58 ,200557 ,0 ,0 ,58213 
2026년,04월,SAS,SK,스칸디나비안 항공,국제,유럽,덴마크,CPH,출발,정기,여객,17 ,4702 ,32 ,277 ,197924 ,0 ,0 ,92903 
2026년,04월,SIA,SQ,싱가폴항공,국제,동남아,싱가포르,SIN,도착,정기,화물,26 ,0 ,0 ,0 ,179984 ,0 ,0 ,0 
2026년,04월,SIA,SQ,싱가폴항공,국제,동남아,싱가포르,SIN,도착,정기,여객,120 ,34110 ,378 ,312 ,1680398 ,0 ,39170 ,534181 
2026년,04월,SIA,SQ,싱가폴항공,국제,동남아,싱가포르,SIN,출발,정기,여객,120 ,36700 ,397 ,193 ,1029962 ,0 ,19478 ,760243 
2026년,04월,SIA,SQ,싱가폴항공,국제,동남아,태국,BKK,도착,정기,화물,0 ,0 ,0 ,0 ,342990 ,0 ,0 ,0 
2026년,04월,SIA,SQ,싱가폴항공,국제,미주,미국,CVG,출발,정기,화물,26 ,0 ,0 ,0 ,928698 ,0 ,0 ,0 
2026년,04월,SPQ,9G,썬푸꾸옥항공,국제,동남아,베트남,PQC,도착,정기,여객,14 ,2541 ,14 ,0 ,0 ,0 ,0 ,37548 
2026년,04월,SPQ,9G,썬푸꾸옥항공,국제,동남아,베트남,PQC,출발,정기,여객,14 ,2602 ,15 ,0 ,0 ,0 ,0 ,27845 
2026년,04월,SWM,ZA,스카이앙코르항공,국제,동남아,캄보디아,KTI,도착,정기,여객,13 ,2315 ,15 ,0 ,930 ,0 ,75 ,27573 
2026년,04월,SWM,ZA,스카이앙코르항공,국제,동남아,캄보디아,KTI,도착,부정기,여객,1 ,180 ,0 ,0 ,0 ,0 ,0 ,2340 
2026년,04월,SWM,ZA,스카이앙코르항공,국제,동남아,캄보디아,KTI,출발,정기,여객,13 ,2086 ,22 ,1 ,1664 ,0 ,941 ,36316 
2026년,04월,SWM,ZA,스카이앙코르항공,국제,동남아,캄보디아,KTI,출발,부정기,여객,1 ,12 ,0 ,1 ,0 ,0 ,0 ,112 
2026년,04월,SWR,LX,스위스항공,국제,유럽,스위스,ZRH,도착,정기,여객,13 ,2847 ,19 ,50 ,195882 ,0 ,2133 ,45953 
2026년,04월,SWR,LX,스위스항공,국제,유럽,스위스,ZRH,출발,정기,여객,13 ,2953 ,18 ,80 ,187195 ,0 ,4508 ,56513 
2026년,04월,TAX,XJ,타이에어아시아엑스,국제,동남아,태국,DMK,도착,정기,여객,30 ,7513 ,19 ,0 ,399048 ,0 ,0 ,84709 
2026년,04월,TAX,XJ,타이에어아시아엑스,국제,동남아,태국,DMK,출발,정기,여객,30 ,7326 ,28 ,22 ,135030 ,0 ,0 ,93248 
2026년,04월,TGW,TR,스쿠트항공,국제,동북아,대만,TPE,도착,정기,여객,0 ,9742 ,15 ,0 ,110709 ,0 ,18593 ,76196 
2026년,04월,TGW,TR,스쿠트항공,국제,동북아,대만,TPE,출발,정기,여객,0 ,9791 ,16 ,0 ,220785 ,0 ,0 ,121580 
2026년,04월,TGW,TR,스쿠트항공,국제,동남아,싱가포르,SIN,도착,정기,여객,43 ,3890 ,16 ,0 ,108537 ,0 ,5963 ,39091 
2026년,04월,TGW,TR,스쿠트항공,국제,동남아,싱가포르,SIN,출발,정기,여객,43 ,3631 ,10 ,0 ,51352 ,0 ,0 ,53170 
2026년,04월,THA,TG,타이항공,국제,동남아,태국,BKK,도착,정기,여객,90 ,22048 ,116 ,293 ,1493593 ,0 ,1515 ,361903 
2026년,04월,THA,TG,타이항공,국제,동남아,태국,BKK,출발,정기,여객,90 ,20738 ,87 ,191 ,777923 ,0 ,40424 ,424764 
2026년,04월,THY,TK,터키항공,국제,유럽,튀르키예,IST,도착,정기,화물,8 ,0 ,0 ,0 ,516468 ,0 ,0 ,0 
2026년,04월,THY,TK,터키항공,국제,유럽,튀르키예,IST,도착,정기,여객,47 ,15009 ,68 ,170 ,685737 ,0 ,1793 ,257822 
2026년,04월,THY,TK,터키항공,국제,유럽,튀르키예,IST,출발,정기,화물,8 ,0 ,0 ,0 ,707835 ,0 ,0 ,0 
2026년,04월,THY,TK,터키항공,국제,유럽,튀르키예,IST,출발,정기,여객,47 ,15082 ,38 ,552 ,854451 ,0 ,0 ,354820 
2026년,04월,TLM,SL,타이라이언항공,국제,동남아,태국,DMK,도착,정기,여객,30 ,3356 ,5 ,0 ,63973 ,0 ,1 ,32868 
2026년,04월,TLM,SL,타이라이언항공,국제,동남아,태국,DMK,출발,정기,여객,30 ,3395 ,4 ,16 ,41388 ,0 ,0 ,37826 
2026년,04월,TTW,IT,타이거에어타이완,국제,동북아,대만,TPE,도착,정기,여객,29 ,4693 ,3 ,0 ,13455 ,0 ,1245 ,33429 
2026년,04월,TTW,IT,타이거에어타이완,국제,동북아,대만,TPE,출발,정기,여객,30 ,4758 ,3 ,0 ,13185 ,0 ,10 ,51403 
2026년,04월,TUA,T5,투르크메니스탄 항공,국제,유럽,투르크메니스탄,ASB,도착,정기,화물,4 ,0 ,0 ,0 ,38421 ,0 ,147 ,0 
2026년,04월,TUA,T5,투르크메니스탄 항공,국제,유럽,투르크메니스탄,ASB,도착,정기,여객,3 ,247 ,1 ,2 ,21712 ,0 ,194 ,4788 
2026년,04월,TUA,T5,투르크메니스탄 항공,국제,유럽,투르크메니스탄,ASB,도착,부정기,여객,1 ,59 ,0 ,0 ,452 ,0 ,204 ,1282 
2026년,04월,TUA,T5,투르크메니스탄 항공,국제,유럽,투르크메니스탄,ASB,출발,정기,화물,4 ,0 ,0 ,0 ,126650 ,0 ,0 ,0 
2026년,04월,TUA,T5,투르크메니스탄 항공,국제,유럽,투르크메니스탄,ASB,출발,정기,여객,3 ,191 ,2 ,3 ,49893 ,0 ,0 ,6878 
2026년,04월,TUA,T5,투르크메니스탄 항공,국제,유럽,투르크메니스탄,ASB,출발,부정기,여객,1 ,43 ,1 ,2 ,13495 ,0 ,0 ,2344 
2026년,04월,TVJ,VZ,타이비엣젯항공,국제,동남아,태국,BKK,도착,정기,여객,24 ,3517 ,15 ,1 ,27690 ,0 ,0 ,40334 
2026년,04월,TVJ,VZ,타이비엣젯항공,국제,동남아,태국,BKK,출발,정기,여객,24 ,3247 ,16 ,17 ,0 ,0 ,0 ,44788 
2026년,04월,TWB,TW,티웨이항공,국내,한국,한국,CJU,도착,부정기,여객,1 ,185 ,0 ,0 ,0 ,0 ,0 ,842 
2026년,04월,TWB,TW,티웨이항공,국제,일본,일본,CTS,도착,정기,여객,25 ,3859 ,9 ,657 ,0 ,0 ,0 ,50805 
2026년,04월,TWB,TW,티웨이항공,국제,일본,일본,CTS,출발,정기,여객,25 ,3979 ,14 ,495 ,0 ,0 ,0 ,42358 
2026년,04월,TWB,TW,티웨이항공,국제,일본,일본,FUK,도착,정기,여객,90 ,15166 ,108 ,604 ,0 ,0 ,0 ,169436 
2026년,04월,TWB,TW,티웨이항공,국제,일본,일본,FUK,출발,정기,여객,90 ,15331 ,85 ,532 ,0 ,0 ,0 ,137085 
2026년,04월,TWB,TW,티웨이항공,국제,일본,일본,HSG,도착,정기,여객,17 ,2871 ,23 ,23 ,0 ,0 ,0 ,28111 
2026년,04월,TWB,TW,티웨이항공,국제,일본,일본,HSG,출발,정기,여객,17 ,2903 ,16 ,6 ,0 ,0 ,0 ,19873 
2026년,04월,TWB,TW,티웨이항공,국제,일본,일본,KIX,도착,정기,여객,90 ,14860 ,39 ,1219 ,34454 ,0 ,0 ,171689 
2026년,04월,TWB,TW,티웨이항공,국제,일본,일본,KIX,출발,정기,여객,90 ,15297 ,34 ,438 ,47147 ,0 ,12277 ,142436 
2026년,04월,TWB,TW,티웨이항공,국제,일본,일본,KMJ,도착,정기,여객,30 ,5098 ,14 ,37 ,0 ,0 ,0 ,88498 
2026년,04월,TWB,TW,티웨이항공,국제,일본,일본,KMJ,출발,정기,여객,30 ,5053 ,1 ,4 ,0 ,0 ,0 ,85177 
2026년,04월,TWB,TW,티웨이항공,국제,일본,일본,NRT,도착,정기,여객,103 ,15448 ,29 ,2403 ,2940 ,0 ,0 ,196560 
2026년,04월,TWB,TW,티웨이항공,국제,일본,일본,NRT,출발,정기,여객,103 ,16240 ,32 ,775 ,21659 ,0 ,2826 ,166702 
2026년,04월,TWB,TW,티웨이항공,국제,일본,일본,OKA,도착,정기,여객,30 ,5004 ,158 ,214 ,0 ,0 ,0 ,59107 
2026년,04월,TWB,TW,티웨이항공,국제,일본,일본,OKA,출발,정기,여객,30 ,5202 ,191 ,96 ,0 ,0 ,0 ,46727 
2026년,04월,TWB,TW,티웨이항공,국제,일본,일본,TOY,도착,부정기,여객,5 ,751 ,0 ,0 ,0 ,0 ,0 ,8113 
2026년,04월,TWB,TW,티웨이항공,국제,일본,일본,TOY,출발,부정기,여객,5 ,937 ,0 ,0 ,0 ,0 ,0 ,8740 
2026년,04월,TWB,TW,티웨이항공,국제,중국,중국,ENH,도착,부정기,여객,7 ,468 ,0 ,0 ,0 ,0 ,0 ,5191 
2026년,04월,TWB,TW,티웨이항공,국제,중국,중국,ENH,출발,부정기,여객,7 ,573 ,0 ,0 ,0 ,0 ,0 ,5130 
2026년,04월,TWB,TW,티웨이항공,국제,중국,중국,WUH,도착,정기,여객,1 ,130 ,0 ,16 ,0 ,0 ,0 ,1163 
2026년,04월,TWB,TW,티웨이항공,국제,중국,중국,WUH,출발,정기,여객,1 ,101 ,0 ,21 ,0 ,0 ,0 ,1435 
2026년,04월,TWB,TW,티웨이항공,국제,동북아,대만,KHH,도착,정기,여객,30 ,4927 ,17 ,139 ,0 ,0 ,0 ,53737 
2026년,04월,TWB,TW,티웨이항공,국제,동북아,대만,KHH,출발,정기,여객,30 ,5126 ,14 ,23 ,0 ,0 ,0 ,58225 
2026년,04월,TWB,TW,티웨이항공,국제,동북아,대만,RMQ,도착,정기,여객,30 ,4736 ,11 ,34 ,0 ,0 ,0 ,48722 
2026년,04월,TWB,TW,티웨이항공,국제,동북아,대만,RMQ,출발,정기,여객,30 ,4898 ,15 ,14 ,0 ,0 ,0 ,60556 
2026년,04월,TWB,TW,티웨이항공,국제,동북아,홍콩,HKG,도착,정기,여객,30 ,9260 ,18 ,559 ,246026 ,0 ,0 ,100406 
2026년,04월,TWB,TW,티웨이항공,국제,동북아,홍콩,HKG,출발,정기,여객,30 ,9064 ,12 ,148 ,23713 ,0 ,79 ,82356 
2026년,04월,TWB,TW,티웨이항공,국제,동남아,베트남,CXR,도착,정기,여객,30 ,5243 ,39 ,106 ,0 ,0 ,0 ,64115 
2026년,04월,TWB,TW,티웨이항공,국제,동남아,베트남,CXR,출발,정기,여객,30 ,5220 ,46 ,70 ,0 ,0 ,0 ,47468 
2026년,04월,TWB,TW,티웨이항공,국제,동남아,베트남,DAD,도착,정기,여객,60 ,9933 ,70 ,653 ,153445 ,0 ,0 ,118081 
2026년,04월,TWB,TW,티웨이항공,국제,동남아,베트남,DAD,출발,정기,여객,60 ,10083 ,63 ,282 ,0 ,0 ,0 ,82423 
2026년,04월,TWB,TW,티웨이항공,국제,동남아,베트남,PQC,도착,정기,여객,30 ,4881 ,65 ,53 ,0 ,0 ,0 ,59929 
2026년,04월,TWB,TW,티웨이항공,국제,동남아,베트남,PQC,출발,정기,여객,30 ,4912 ,62 ,35 ,0 ,0 ,0 ,48136 
2026년,04월,TWB,TW,티웨이항공,국제,동남아,싱가포르,SIN,도착,정기,여객,30 ,9259 ,24 ,501 ,335201 ,0 ,34598 ,118747 
2026년,04월,TWB,TW,티웨이항공,국제,동남아,싱가포르,SIN,출발,정기,여객,30 ,9344 ,25 ,242 ,342272 ,0 ,9691 ,150830 
2026년,04월,TWB,TW,티웨이항공,국제,동남아,인도네시아,CGK,도착,정기,여객,1 ,330 ,0 ,0 ,4042 ,0 ,0 ,3703 
2026년,04월,TWB,TW,티웨이항공,국제,동남아,인도네시아,CGK,출발,정기,여객,1 ,100 ,1 ,4 ,3350 ,0 ,1590 ,1704 
2026년,04월,TWB,TW,티웨이항공,국제,동남아,태국,BKK,도착,정기,여객,30 ,6688 ,13 ,771 ,211533 ,0 ,9189 ,88958 
2026년,04월,TWB,TW,티웨이항공,국제,동남아,태국,BKK,출발,정기,여객,30 ,6750 ,13 ,704 ,97984 ,0 ,0 ,100458 
2026년,04월,TWB,TW,티웨이항공,국제,동남아,필리핀,KLO,도착,정기,여객,30 ,5361 ,17 ,47 ,0 ,0 ,0 ,59644 
2026년,04월,TWB,TW,티웨이항공,국제,동남아,필리핀,KLO,출발,정기,여객,30 ,5275 ,15 ,9 ,0 ,0 ,0 ,51449 
2026년,04월,TWB,TW,티웨이항공,국제,미주,캐나다,YVR,도착,정기,여객,17 ,2363 ,10 ,39 ,40966 ,0 ,0 ,39286 
2026년,04월,TWB,TW,티웨이항공,국제,미주,캐나다,YVR,출발,정기,여객,17 ,3405 ,20 ,1342 ,200956 ,0 ,5259 ,85704 
2026년,04월,TWB,TW,티웨이항공,국제,대양주,호주,SYD,도착,정기,여객,13 ,3563 ,18 ,191 ,58313 ,0 ,0 ,64183 
2026년,04월,TWB,TW,티웨이항공,국제,대양주,호주,SYD,출발,정기,여객,13 ,3582 ,15 ,313 ,120069 ,0 ,15356 ,66742 
2026년,04월,TWB,TW,티웨이항공,국제,대양주,사이판,SPN,도착,정기,여객,12 ,1070 ,7 ,83 ,0 ,0 ,0 ,15248 
2026년,04월,TWB,TW,티웨이항공,국제,대양주,사이판,SPN,도착,부정기,여객,2 ,257 ,4 ,6 ,0 ,0 ,0 ,4087 
2026년,04월,TWB,TW,티웨이항공,국제,대양주,사이판,SPN,출발,정기,여객,11 ,937 ,10 ,56 ,0 ,0 ,0 ,18929 
2026년,04월,TWB,TW,티웨이항공,국제,대양주,사이판,SPN,출발,부정기,여객,2 ,85 ,1 ,12 ,0 ,0 ,0 ,2555 
2026년,04월,TWB,TW,티웨이항공,국제,유럽,독일,FRA,도착,정기,여객,13 ,2282 ,18 ,207 ,122002 ,0 ,0 ,37482 
2026년,04월,TWB,TW,티웨이항공,국제,유럽,독일,FRA,출발,정기,여객,13 ,2683 ,5 ,339 ,27024 ,0 ,0 ,54063 
2026년,04월,TWB,TW,티웨이항공,국제,유럽,스페인,BCN,도착,정기,여객,17 ,3343 ,7 ,183 ,197394 ,0 ,0 ,64957 
2026년,04월,TWB,TW,티웨이항공,국제,유럽,스페인,BCN,출발,정기,여객,17 ,3553 ,5 ,208 ,29988 ,0 ,0 ,60136 
2026년,04월,TWB,TW,티웨이항공,국제,유럽,이탈리아,FCO,도착,정기,여객,30 ,7056 ,9 ,242 ,259487 ,0 ,0 ,130315 
2026년,04월,TWB,TW,티웨이항공,국제,유럽,이탈리아,FCO,출발,정기,여객,30 ,8058 ,6 ,276 ,228145 ,0 ,0 ,132971 
2026년,04월,TWB,TW,티웨이항공,국제,유럽,프랑스,CDG,도착,정기,여객,21 ,4100 ,14 ,406 ,240014 ,0 ,0 ,69343 
2026년,04월,TWB,TW,티웨이항공,국제,유럽,프랑스,CDG,출발,정기,여객,21 ,4908 ,11 ,504 ,231364 ,0 ,0 ,90185 
2026년,04월,TZP,ZG,집에어 도쿄,국제,일본,일본,NRT,도착,정기,여객,30 ,8310 ,22 ,0 ,226907 ,0 ,2009 ,61345 
2026년,04월,TZP,ZG,집에어 도쿄,국제,일본,일본,NRT,도착,부정기,여객,14 ,3217 ,8 ,0 ,74160 ,0 ,56 ,20039 
2026년,04월,TZP,ZG,집에어 도쿄,국제,일본,일본,NRT,출발,정기,여객,30 ,6692 ,26 ,7 ,170320 ,0 ,20260 ,69177 
2026년,04월,TZP,ZG,집에어 도쿄,국제,일본,일본,NRT,출발,부정기,여객,14 ,3199 ,9 ,3 ,93425 ,0 ,0 ,30947 
2026년,04월,UAE,EK,에미리트항공,국제,중동,아랍에미리트,DWC,도착,정기,화물,2 ,0 ,0 ,0 ,67243 ,0 ,0 ,0 
2026년,04월,UAE,EK,에미리트항공,국제,중동,아랍에미리트,DWC,도착,부정기,여객,6 ,0 ,0 ,0 ,85471 ,0 ,102 ,0 
2026년,04월,UAE,EK,에미리트항공,국제,중동,아랍에미리트,DWC,출발,정기,화물,2 ,0 ,0 ,0 ,186252 ,0 ,0 ,0 
2026년,04월,UAE,EK,에미리트항공,국제,중동,아랍에미리트,DWC,출발,부정기,여객,6 ,0 ,0 ,0 ,189457 ,0 ,0 ,0 
2026년,04월,UAE,EK,에미리트항공,국제,중동,아랍에미리트,DXB,도착,정기,여객,13 ,3692 ,27 ,91 ,94329 ,0 ,1830 ,77807 
2026년,04월,UAE,EK,에미리트항공,국제,중동,아랍에미리트,DXB,출발,정기,여객,13 ,5297 ,45 ,145 ,141060 ,0 ,0 ,146932 
2026년,04월,UAL,UA,유나이티드항공,국제,미주,미국,SFO,도착,정기,여객,60 ,12075 ,52 ,793 ,439834 ,0 ,20003 ,270167 
2026년,04월,UAL,UA,유나이티드항공,국제,미주,미국,SFO,출발,정기,여객,60 ,14178 ,63 ,1138 ,1031655 ,0 ,4548 ,388045 
2026년,04월,UPS,5X,유피에스항공,국제,일본,일본,KIX,출발,정기,화물,0 ,0 ,0 ,0 ,0 ,0 ,0 ,0 
2026년,04월,UPS,5X,유피에스항공,국제,일본,일본,NRT,도착,정기,화물,0 ,0 ,0 ,0 ,0 ,0 ,0 ,0 
2026년,04월,UPS,5X,유피에스항공,국제,중국,중국,CGO,도착,정기,화물,0 ,0 ,0 ,0 ,47441 ,0 ,0 ,0 
2026년,04월,UPS,5X,유피에스항공,국제,중국,중국,CGO,출발,정기,화물,0 ,0 ,0 ,0 ,113744 ,0 ,0 ,0 
2026년,04월,UPS,5X,유피에스항공,국제,중국,중국,PVG,도착,정기,화물,0 ,0 ,0 ,0 ,175461 ,0 ,0 ,0 
2026년,04월,UPS,5X,유피에스항공,국제,중국,중국,SZX,도착,정기,화물,0 ,0 ,0 ,0 ,732016 ,0 ,0 ,0 
2026년,04월,UPS,5X,유피에스항공,국제,중국,중국,SZX,출발,정기,화물,0 ,0 ,0 ,0 ,352793 ,0 ,0 ,0 
2026년,04월,UPS,5X,유피에스항공,국제,동북아,대만,TPE,도착,정기,화물,2 ,0 ,0 ,0 ,0 ,0 ,0 ,0 
2026년,04월,UPS,5X,유피에스항공,국제,동북아,대만,TPE,도착,부정기,화물,1 ,0 ,0 ,0 ,0 ,0 ,0 ,0 
2026년,04월,UPS,5X,유피에스항공,국제,동북아,대만,TPE,출발,정기,화물,0 ,0 ,0 ,0 ,96550 ,0 ,0 ,0 
2026년,04월,UPS,5X,유피에스항공,국제,동북아,대만,TPE,출발,부정기,화물,2 ,0 ,0 ,0 ,19265 ,0 ,0 ,0 
2026년,04월,UPS,5X,유피에스항공,국제,동북아,홍콩,HKG,도착,정기,화물,0 ,0 ,0 ,0 ,46112 ,0 ,0 ,0 
2026년,04월,UPS,5X,유피에스항공,국제,동북아,홍콩,HKG,출발,정기,화물,0 ,0 ,0 ,0 ,88390 ,0 ,0 ,0 
2026년,04월,UPS,5X,유피에스항공,국제,동남아,베트남,HAN,도착,정기,화물,0 ,0 ,0 ,0 ,60572 ,0 ,0 ,0 
2026년,04월,UPS,5X,유피에스항공,국제,동남아,베트남,SGN,도착,정기,화물,0 ,0 ,0 ,0 ,0 ,0 ,0 ,0 
2026년,04월,UPS,5X,유피에스항공,국제,동남아,싱가포르,SIN,도착,정기,화물,0 ,0 ,0 ,0 ,0 ,0 ,0 ,0 
2026년,04월,UPS,5X,유피에스항공,국제,미주,미국,ANC,도착,정기,화물,59 ,0 ,0 ,0 ,646502 ,0 ,0 ,0 
2026년,04월,UPS,5X,유피에스항공,국제,미주,미국,ANC,출발,정기,화물,82 ,0 ,0 ,0 ,1640194 ,0 ,0 ,0 
2026년,04월,UPS,5X,유피에스항공,국제,미주,미국,EWR,출발,정기,화물,0 ,0 ,0 ,0 ,0 ,0 ,0 ,0 
2026년,04월,UPS,5X,유피에스항공,국제,미주,미국,ONT,도착,정기,화물,0 ,0 ,0 ,0 ,0 ,0 ,0 ,0 
2026년,04월,UPS,5X,유피에스항공,국제,미주,미국,SDF,도착,정기,화물,70 ,0 ,0 ,0 ,0 ,0 ,0 ,0 
2026년,04월,UPS,5X,유피에스항공,국제,미주,미국,SDF,출발,정기,화물,48 ,0 ,0 ,0 ,0 ,0 ,0 ,0 
2026년,04월,UPS,5X,유피에스항공,국제,대양주,호주,SYD,도착,정기,화물,0 ,0 ,0 ,0 ,32979 ,0 ,0 ,0 
2026년,04월,UPS,5X,유피에스항공,국제,대양주,하와이,HNL,도착,정기,화물,0 ,0 ,0 ,0 ,0 ,0 ,0 ,0 
2026년,04월,UPS,5X,유피에스항공,국제,유럽,독일,CGN,도착,정기,화물,0 ,0 ,0 ,0 ,0 ,0 ,0 ,0 
2026년,04월,UPS,5X,유피에스항공,국제,유럽,독일,CGN,출발,정기,화물,0 ,0 ,0 ,0 ,402412 ,0 ,0 ,0 
2026년,04월,UPS,5X,유피에스항공,국제,중동,아랍에미리트,DXB,출발,정기,화물,0 ,0 ,0 ,0 ,0 ,0 ,0 ,0 
2026년,04월,UPS,5X,유피에스항공,국제,기타,인도,DEL,출발,정기,화물,0 ,0 ,0 ,0 ,0 ,0 ,0 ,0 
2026년,04월,UZB,HY,우즈베키스탄항공,국제,유럽,우즈베키스탄,TAS,도착,정기,여객,30 ,6328 ,48 ,348 ,53004 ,0 ,434 ,137137 
2026년,04월,UZB,HY,우즈베키스탄항공,국제,유럽,우즈베키스탄,TAS,출발,정기,여객,30 ,6275 ,51 ,511 ,203909 ,0 ,34408 ,175305 
2026년,04월,VIR,VS,버진애틀랜틱항공,국제,유럽,영국,LHR,도착,정기,여객,30 ,5160 ,33 ,83 ,105803 ,0 ,0 ,96730 
2026년,04월,VIR,VS,버진애틀랜틱항공,국제,유럽,영국,LHR,출발,정기,여객,30 ,7149 ,55 ,249 ,343886 ,0 ,0 ,153680 
2026년,04월,VJC,VJ,비엣제트항공,국제,동남아,베트남,CXR,도착,정기,여객,23 ,4288 ,38 ,1 ,34109 ,0 ,0 ,52626 
2026년,04월,VJC,VJ,비엣제트항공,국제,동남아,베트남,CXR,출발,정기,여객,23 ,4245 ,35 ,4 ,0 ,0 ,0 ,34713 
2026년,04월,VJC,VJ,비엣제트항공,국제,동남아,베트남,DAD,도착,정기,여객,21 ,4180 ,15 ,1 ,10892 ,0 ,0 ,49874 
2026년,04월,VJC,VJ,비엣제트항공,국제,동남아,베트남,DAD,출발,정기,여객,21 ,3482 ,11 ,12 ,3556 ,0 ,0 ,26372 
2026년,04월,VJC,VJ,비엣제트항공,국제,동남아,베트남,HAN,도착,정기,여객,43 ,8643 ,36 ,0 ,47817 ,0 ,0 ,129260 
2026년,04월,VJC,VJ,비엣제트항공,국제,동남아,베트남,HAN,출발,정기,여객,43 ,7242 ,46 ,14 ,28291 ,0 ,0 ,100680 
2026년,04월,VJC,VJ,비엣제트항공,국제,동남아,베트남,HPH,도착,정기,여객,23 ,4678 ,92 ,0 ,9733 ,0 ,0 ,107916 
2026년,04월,VJC,VJ,비엣제트항공,국제,동남아,베트남,HPH,출발,정기,여객,23 ,3871 ,96 ,3 ,0 ,0 ,0 ,80494 
2026년,04월,VJC,VJ,비엣제트항공,국제,동남아,베트남,PQC,도착,정기,여객,37 ,7481 ,68 ,1 ,0 ,0 ,0 ,92188 
2026년,04월,VJC,VJ,비엣제트항공,국제,동남아,베트남,PQC,출발,정기,여객,37 ,6300 ,56 ,0 ,0 ,0 ,0 ,55203 
2026년,04월,VJC,VJ,비엣제트항공,국제,동남아,베트남,SGN,도착,정기,여객,60 ,12557 ,55 ,0 ,22075 ,0 ,0 ,249882 
2026년,04월,VJC,VJ,비엣제트항공,국제,동남아,베트남,SGN,출발,정기,여객,60 ,9819 ,52 ,37 ,66135 ,0 ,2549 ,142349 
2026년,04월,VSV,DV,스캇항공,국제,유럽,카자흐스탄,CIT,도착,정기,여객,12 ,952 ,6 ,1 ,100 ,0 ,0 ,15744 
2026년,04월,VSV,DV,스캇항공,국제,유럽,카자흐스탄,CIT,출발,정기,여객,12 ,960 ,17 ,48 ,1144 ,0 ,0 ,25313 
2026년,04월,WJA,WS,웨스트젯 항공,국제,미주,캐나다,YYC,도착,정기,여객,13 ,3762 ,69 ,110 ,5808 ,0 ,0 ,50092 
2026년,04월,WJA,WS,웨스트젯 항공,국제,미주,캐나다,YYC,출발,정기,여객,13 ,3381 ,47 ,770 ,179716 ,0 ,0 ,97426 
2026년,04월,XAX,D7,에어아시아엑스,국제,동남아,말레이시아,KUL,도착,정기,여객,30 ,9943 ,71 ,0 ,249161 ,0 ,0 ,119202 
2026년,04월,XAX,D7,에어아시아엑스,국제,동남아,말레이시아,KUL,출발,정기,여객,30 ,8754 ,48 ,17 ,290125 ,0 ,0 ,127074 
2026년,05월,AAL,AA,아메리칸항공,국제,미주,미국,DFW,도착,정기,여객,31 ,7145 ,47 ,1375 ,40583 ,0 ,2163 ,195300 
2026년,05월,AAL,AA,아메리칸항공,국제,미주,미국,DFW,출발,정기,여객,31 ,7026 ,45 ,812 ,350251 ,0 ,21110 ,164950 
2026년,05월,AAR,OZ,아시아나항공,국제,일본,일본,CTS,도착,정기,여객,31 ,4234 ,33 ,525 ,0 ,0 ,0 ,64190 
2026년,05월,AAR,OZ,아시아나항공,국제,일본,일본,CTS,출발,정기,여객,31 ,4639 ,39 ,532 ,0 ,0 ,0 ,53896 
2026년,05월,AAR,OZ,아시아나항공,국제,일본,일본,FUK,도착,정기,여객,31 ,7852 ,199 ,345 ,55376 ,30876 ,0 ,104118 
2026년,05월,AAR,OZ,아시아나항공,국제,일본,일본,FUK,도착,부정기,여객,24 ,2753 ,37 ,429 ,4425 ,2483 ,0 ,35789 
2026년,05월,AAR,OZ,아시아나항공,국제,일본,일본,FUK,출발,정기,여객,31 ,7323 ,190 ,699 ,17288 ,114056 ,0 ,74696 
2026년,05월,AAR,OZ,아시아나항공,국제,일본,일본,FUK,출발,부정기,여객,24 ,3463 ,30 ,282 ,392 ,4781 ,0 ,29746 
2026년,05월,AAR,OZ,아시아나항공,국제,일본,일본,HND,도착,정기,여객,31 ,5621 ,8 ,2877 ,16368 ,0 ,0 ,108466 
2026년,05월,AAR,OZ,아시아나항공,국제,일본,일본,HND,출발,정기,여객,31 ,6054 ,27 ,1792 ,4234 ,22762 ,0 ,96015 
2026년,05월,AAR,OZ,아시아나항공,국제,일본,일본,KIX,도착,정기,여객,124 ,21484 ,92 ,3659 ,208682 ,25673 ,0 ,296004 
2026년,05월,AAR,OZ,아시아나항공,국제,일본,일본,KIX,출발,정기,여객,124 ,20637 ,87 ,5207 ,124858 ,134884 ,49161 ,292711 
2026년,05월,AAR,OZ,아시아나항공,국제,일본,일본,KMI,도착,정기,여객,14 ,1792 ,5 ,62 ,0 ,0 ,0 ,29477 
2026년,05월,AAR,OZ,아시아나항공,국제,일본,일본,KMI,출발,정기,여객,14 ,1790 ,8 ,62 ,0 ,0 ,0 ,27496 
2026년,05월,AAR,OZ,아시아나항공,국제,일본,일본,NGO,도착,정기,여객,62 ,13143 ,89 ,1133 ,7227 ,2037 ,0 ,177546 
2026년,05월,AAR,OZ,아시아나항공,국제,일본,일본,NGO,출발,정기,여객,62 ,14488 ,102 ,2145 ,41599 ,149144 ,0 ,193712 
2026년,05월,AAR,OZ,아시아나항공,국제,일본,일본,NRT,도착,정기,여객,124 ,24667 ,133 ,5130 ,315858 ,52463 ,0 ,380765 
2026년,05월,AAR,OZ,아시아나항공,국제,일본,일본,NRT,출발,정기,여객,124 ,25160 ,137 ,6883 ,97744 ,239021 ,47063 ,391544 
2026년,05월,AAR,OZ,아시아나항공,국제,일본,일본,OKA,도착,정기,여객,31 ,4655 ,157 ,220 ,0 ,0 ,0 ,66234 
2026년,05월,AAR,OZ,아시아나항공,국제,일본,일본,OKA,출발,정기,여객,31 ,4379 ,133 ,341 ,101 ,2610 ,0 ,55823 
2026년,05월,AAR,OZ,아시아나항공,국제,일본,일본,SDJ,도착,정기,여객,31 ,3855 ,25 ,328 ,6 ,0 ,0 ,46029 
2026년,05월,AAR,OZ,아시아나항공,국제,일본,일본,SDJ,출발,정기,여객,31 ,3912 ,30 ,302 ,21 ,0 ,0 ,49824 
2026년,05월,AAR,OZ,아시아나항공,국제,일본,일본,TOY,도착,부정기,여객,6 ,1080 ,0 ,0 ,0 ,0 ,0 ,13039 
2026년,05월,AAR,OZ,아시아나항공,국제,일본,일본,TOY,출발,부정기,여객,6 ,903 ,0 ,0 ,0 ,0 ,0 ,8952 
2026년,05월,AAR,OZ,아시아나항공,국제,일본,일본,UKB,도착,부정기,여객,3 ,479 ,0 ,22 ,0 ,0 ,0 ,4853 
2026년,05월,AAR,OZ,아시아나항공,국제,일본,일본,UKB,출발,부정기,여객,3 ,401 ,0 ,8 ,0 ,0 ,0 ,2743 
2026년,05월,AAR,OZ,아시아나항공,국제,중국,중국,CAN,도착,정기,여객,62 ,10782 ,14 ,4696 ,296218 ,402133 ,13560 ,269810 
2026년,05월,AAR,OZ,아시아나항공,국제,중국,중국,CAN,도착,부정기,여객,2 ,281 ,1 ,49 ,0 ,0 ,186 ,4169 
2026년,05월,AAR,OZ,아시아나항공,국제,중국,중국,CAN,출발,정기,여객,62 ,10868 ,19 ,2740 ,62022 ,5011 ,19 ,189368 
2026년,05월,AAR,OZ,아시아나항공,국제,중국,중국,CAN,출발,부정기,여객,1 ,148 ,0 ,6 ,0 ,0 ,0 ,1857 
2026년,05월,AAR,OZ,아시아나항공,국제,중국,중국,CGQ,도착,정기,여객,31 ,3951 ,25 ,1140 ,0 ,15681 ,46 ,74792 
2026년,05월,AAR,OZ,아시아나항공,국제,중국,중국,CGQ,출발,정기,여객,31 ,3714 ,32 ,884 ,118 ,11 ,0 ,65149 
2026년,05월,AAR,OZ,아시아나항공,국제,중국,중국,CKG,도착,정기,여객,31 ,4111 ,2 ,707 ,6667 ,4207 ,0 ,61080 
2026년,05월,AAR,OZ,아시아나항공,국제,중국,중국,CKG,출발,정기,여객,31 ,3412 ,5 ,531 ,12038 ,35 ,0 ,47904 
2026년,05월,AAR,OZ,아시아나항공,국제,중국,중국,CSX,도착,정기,여객,22 ,3122 ,1 ,356 ,0 ,0 ,28260 ,40817 
2026년,05월,AAR,OZ,아시아나항공,국제,중국,중국,CSX,출발,정기,여객,22 ,2907 ,1 ,356 ,661 ,0 ,0 ,37267 
2026년,05월,AAR,OZ,아시아나항공,국제,중국,중국,DLC,도착,정기,여객,43 ,7716 ,24 ,1591 ,100160 ,8784 ,61005 ,113924 
2026년,05월,AAR,OZ,아시아나항공,국제,중국,중국,DLC,출발,정기,여객,43 ,7025 ,28 ,1418 ,45666 ,37127 ,0 ,100891 
2026년,05월,AAR,OZ,아시아나항공,국제,중국,중국,HGH,도착,정기,여객,31 ,7645 ,17 ,991 ,92048 ,144301 ,1704 ,107465 
2026년,05월,AAR,OZ,아시아나항공,국제,중국,중국,HGH,출발,정기,여객,31 ,7502 ,18 ,663 ,12131 ,1402 ,0 ,99570 
2026년,05월,AAR,OZ,아시아나항공,국제,중국,중국,HRB,도착,정기,여객,31 ,3402 ,21 ,764 ,0 ,0 ,0 ,59094 
2026년,05월,AAR,OZ,아시아나항공,국제,중국,중국,HRB,출발,정기,여객,31 ,3353 ,18 ,524 ,0 ,0 ,0 ,54057 
2026년,05월,AAR,OZ,아시아나항공,국제,중국,중국,NKG,도착,정기,여객,31 ,3924 ,6 ,1170 ,3656 ,2356 ,0 ,68220 
2026년,05월,AAR,OZ,아시아나항공,국제,중국,중국,NKG,출발,정기,여객,31 ,4043 ,16 ,778 ,45 ,246 ,0 ,67744 
2026년,05월,AAR,OZ,아시아나항공,국제,중국,중국,PEK,도착,정기,여객,89 ,11888 ,28 ,4522 ,24466 ,93545 ,5024 ,232988 
2026년,05월,AAR,OZ,아시아나항공,국제,중국,중국,PEK,출발,정기,여객,89 ,12077 ,29 ,3768 ,9124 ,8992 ,0 ,234572 
2026년,05월,AAR,OZ,아시아나항공,국제,중국,중국,PVG,도착,정기,여객,124 ,25866 ,52 ,5515 ,480408 ,562436 ,0 ,404333 
2026년,05월,AAR,OZ,아시아나항공,국제,중국,중국,PVG,출발,정기,여객,124 ,23039 ,65 ,5865 ,99111 ,105868 ,0 ,381034 
2026년,05월,AAR,OZ,아시아나항공,국제,중국,중국,SZX,도착,정기,여객,31 ,5637 ,9 ,564 ,79792 ,68865 ,7432 ,75234 
2026년,05월,AAR,OZ,아시아나항공,국제,중국,중국,SZX,출발,정기,여객,31 ,6439 ,11 ,263 ,35686 ,26459 ,0 ,76459 
2026년,05월,AAR,OZ,아시아나항공,국제,중국,중국,TFU,도착,정기,여객,31 ,3912 ,2 ,1413 ,126 ,76 ,0 ,72421 
2026년,05월,AAR,OZ,아시아나항공,국제,중국,중국,TFU,출발,정기,여객,31 ,3689 ,3 ,1296 ,372 ,0 ,0 ,70442 
2026년,05월,AAR,OZ,아시아나항공,국제,중국,중국,TSN,도착,정기,여객,31 ,4473 ,9 ,944 ,1900 ,2824 ,0 ,74267 
2026년,05월,AAR,OZ,아시아나항공,국제,중국,중국,TSN,출발,정기,여객,31 ,3918 ,5 ,695 ,619 ,6358 ,0 ,63990 
2026년,05월,AAR,OZ,아시아나항공,국제,중국,중국,XIY,도착,정기,여객,22 ,3013 ,8 ,907 ,0 ,381 ,0 ,53759 
2026년,05월,AAR,OZ,아시아나항공,국제,중국,중국,XIY,출발,정기,여객,22 ,2909 ,9 ,444 ,1481 ,2333 ,0 ,39519 
2026년,05월,AAR,OZ,아시아나항공,국제,중국,중국,YNJ,도착,정기,여객,32 ,4200 ,20 ,199 ,0 ,0 ,13536 ,60385 
2026년,05월,AAR,OZ,아시아나항공,국제,중국,중국,YNJ,출발,정기,여객,32 ,4379 ,18 ,587 ,0 ,0 ,0 ,59692 
2026년,05월,AAR,OZ,아시아나항공,국제,중국,중국,YNZ,도착,정기,여객,9 ,1013 ,3 ,42 ,0 ,0 ,0 ,16935 
2026년,05월,AAR,OZ,아시아나항공,국제,중국,중국,YNZ,출발,정기,여객,9 ,1138 ,4 ,32 ,0 ,0 ,0 ,17420 
2026년,05월,AAR,OZ,아시아나항공,국제,동북아,대만,TPE,도착,정기,여객,62 ,16986 ,87 ,969 ,460413 ,73796 ,0 ,221304 
2026년,05월,AAR,OZ,아시아나항공,국제,동북아,대만,TPE,도착,부정기,여객,2 ,335 ,1 ,4 ,0 ,0 ,0 ,3541 
2026년,05월,AAR,OZ,아시아나항공,국제,동북아,대만,TPE,출발,정기,여객,62 ,15384 ,90 ,1315 ,210008 ,76445 ,0 ,205047 
2026년,05월,AAR,OZ,아시아나항공,국제,동북아,대만,TPE,출발,부정기,여객,2 ,348 ,1 ,3 ,0 ,0 ,0 ,4030 
2026년,05월,AAR,OZ,아시아나항공,국제,동북아,홍콩,HKG,도착,정기,여객,62 ,8419 ,23 ,1677 ,226350 ,62452 ,0 ,140676 
2026년,05월,AAR,OZ,아시아나항공,국제,동북아,홍콩,HKG,출발,정기,여객,62 ,7562 ,27 ,2722 ,27779 ,12101 ,0 ,156538 
2026년,05월,AAR,OZ,아시아나항공,국제,동북아,몽골,UBN,도착,정기,여객,13 ,1419 ,5 ,410 ,0 ,248 ,0 ,31073 
2026년,05월,AAR,OZ,아시아나항공,국제,동북아,몽골,UBN,출발,정기,여객,13 ,1341 ,10 ,666 ,0 ,17 ,0 ,46189 
2026년,05월,AAR,OZ,아시아나항공,국제,동남아,베트남,DAD,도착,정기,여객,31 ,3905 ,41 ,847 ,18738 ,0 ,0 ,75324 
2026년,05월,AAR,OZ,아시아나항공,국제,동남아,베트남,DAD,출발,정기,여객,31 ,3752 ,44 ,794 ,45 ,527 ,0 ,55582 
2026년,05월,AAR,OZ,아시아나항공,국제,동남아,베트남,HAN,도착,정기,여객,62 ,15968 ,92 ,1587 ,217081 ,280353 ,0 ,269496 
2026년,05월,AAR,OZ,아시아나항공,국제,동남아,베트남,HAN,출발,정기,여객,62 ,13990 ,79 ,1971 ,75874 ,129443 ,0 ,215110 
2026년,05월,AAR,OZ,아시아나항공,국제,동남아,베트남,SGN,도착,정기,여객,62 ,10310 ,71 ,3277 ,83954 ,101942 ,0 ,287368 
2026년,05월,AAR,OZ,아시아나항공,국제,동남아,베트남,SGN,출발,정기,여객,62 ,8506 ,59 ,3369 ,119529 ,86396 ,0 ,216439 
2026년,05월,AAR,OZ,아시아나항공,국제,동남아,싱가포르,SIN,도착,정기,여객,30 ,6643 ,36 ,556 ,278033 ,91336 ,0 ,95422 
2026년,05월,AAR,OZ,아시아나항공,국제,동남아,싱가포르,SIN,도착,부정기,여객,1 ,255 ,1 ,24 ,5572 ,4444 ,0 ,3769 
2026년,05월,AAR,OZ,아시아나항공,국제,동남아,싱가포르,SIN,출발,정기,여객,31 ,6225 ,37 ,454 ,217040 ,18274 ,0 ,100287 
2026년,05월,AAR,OZ,아시아나항공,국제,동남아,인도네시아,CGK,도착,정기,여객,31 ,6612 ,22 ,1735 ,58718 ,88061 ,2826 ,136988 
2026년,05월,AAR,OZ,아시아나항공,국제,동남아,인도네시아,CGK,출발,정기,여객,31 ,6594 ,33 ,1348 ,146473 ,118471 ,0 ,170445 
2026년,05월,AAR,OZ,아시아나항공,국제,동남아,캄보디아,KTI,도착,정기,여객,29 ,4367 ,32 ,733 ,5975 ,6740 ,0 ,111212 
2026년,05월,AAR,OZ,아시아나항공,국제,동남아,캄보디아,KTI,출발,정기,여객,29 ,2289 ,37 ,677 ,1903 ,590 ,0 ,62508 
2026년,05월,AAR,OZ,아시아나항공,국제,동남아,태국,BKK,도착,정기,여객,62 ,12224 ,47 ,2757 ,460250 ,8923 ,0 ,260744 
2026년,05월,AAR,OZ,아시아나항공,국제,동남아,태국,BKK,도착,부정기,여객,1 ,33 ,1 ,4 ,0 ,0 ,0 ,768 
2026년,05월,AAR,OZ,아시아나항공,국제,동남아,태국,BKK,출발,정기,여객,62 ,11583 ,47 ,2669 ,193386 ,10549 ,0 ,242231 
2026년,05월,AAR,OZ,아시아나항공,국제,동남아,태국,BKK,출발,부정기,여객,1 ,53 ,1 ,0 ,0 ,0 ,0 ,778 
2026년,05월,AAR,OZ,아시아나항공,국제,동남아,태국,HKT,도착,정기,여객,31 ,5469 ,46 ,641 ,231084 ,0 ,0 ,88464 
2026년,05월,AAR,OZ,아시아나항공,국제,동남아,태국,HKT,출발,정기,여객,31 ,5079 ,49 ,448 ,5809 ,305944 ,0 ,67980 
2026년,05월,AAR,OZ,아시아나항공,국제,동남아,필리핀,CRK,도착,정기,여객,18 ,1683 ,7 ,747 ,0 ,0 ,0 ,48173 
2026년,05월,AAR,OZ,아시아나항공,국제,동남아,필리핀,CRK,출발,정기,여객,18 ,1379 ,4 ,608 ,0 ,0 ,0 ,42953 
2026년,05월,AAR,OZ,아시아나항공,국제,동남아,필리핀,MNL,도착,정기,여객,62 ,8926 ,47 ,7339 ,136590 ,121056 ,0 ,354983 
2026년,05월,AAR,OZ,아시아나항공,국제,동남아,필리핀,MNL,출발,정기,여객,62 ,8837 ,72 ,5166 ,371129 ,113547 ,0 ,317996 
2026년,05월,AAR,OZ,아시아나항공,국제,미주,미국,JFK,도착,정기,여객,62 ,9884 ,44 ,12626 ,50047 ,10168 ,0 ,567985 
2026년,05월,AAR,OZ,아시아나항공,국제,미주,미국,JFK,출발,정기,여객,62 ,9336 ,69 ,13088 ,206704 ,150748 ,0 ,576195 
2026년,05월,AAR,OZ,아시아나항공,국제,미주,미국,LAX,도착,정기,여객,31 ,7181 ,47 ,6414 ,63357 ,9280 ,0 ,328560 
2026년,05월,AAR,OZ,아시아나항공,국제,미주,미국,LAX,출발,정기,여객,31 ,6817 ,79 ,6451 ,87576 ,22765 ,0 ,375159 
2026년,05월,AAR,OZ,아시아나항공,국제,미주,미국,SEA,도착,정기,여객,22 ,2856 ,11 ,3407 ,84 ,33280 ,0 ,144308 
2026년,05월,AAR,OZ,아시아나항공,국제,미주,미국,SEA,출발,정기,여객,22 ,2292 ,34 ,3810 ,31025 ,103716 ,0 ,167395 
2026년,05월,AAR,OZ,아시아나항공,국제,미주,미국,SFO,도착,정기,여객,31 ,3831 ,21 ,5044 ,82188 ,1413 ,0 ,221252 
2026년,05월,AAR,OZ,아시아나항공,국제,미주,미국,SFO,출발,정기,여객,31 ,3571 ,39 ,5598 ,128460 ,118471 ,0 ,238033 
2026년,05월,AAR,OZ,아시아나항공,국제,대양주,호주,SYD,도착,정기,여객,31 ,7493 ,58 ,1291 ,31259 ,279 ,0 ,147602 
2026년,05월,AAR,OZ,아시아나항공,국제,대양주,호주,SYD,출발,정기,여객,31 ,7428 ,63 ,576 ,199116 ,24524 ,0 ,134839 
2026년,05월,AAR,OZ,아시아나항공,국제,대양주,하와이,HNL,도착,정기,여객,22 ,3610 ,14 ,2499 ,0 ,0 ,0 ,129925 
2026년,05월,AAR,OZ,아시아나항공,국제,대양주,하와이,HNL,출발,정기,여객,23 ,3241 ,26 ,2530 ,154987 ,9177 ,0 ,113448 
2026년,05월,AAR,OZ,아시아나항공,국제,유럽,독일,FRA,도착,정기,여객,18 ,4412 ,23 ,300 ,178057 ,5183 ,0 ,90140 
2026년,05월,AAR,OZ,아시아나항공,국제,유럽,독일,FRA,출발,정기,여객,17 ,4489 ,30 ,371 ,39500 ,46863 ,0 ,93617 
2026년,05월,AAR,OZ,아시아나항공,국제,유럽,스페인,BCN,도착,정기,여객,23 ,6221 ,6 ,433 ,129472 ,5705 ,0 ,129390 
2026년,05월,AAR,OZ,아시아나항공,국제,유럽,스페인,BCN,출발,정기,여객,22 ,6087 ,8 ,396 ,53139 ,21895 ,0 ,103845 
2026년,05월,AAR,OZ,아시아나항공,국제,유럽,영국,LHR,도착,정기,여객,31 ,4745 ,20 ,1397 ,128185 ,42127 ,0 ,109818 
2026년,05월,AAR,OZ,아시아나항공,국제,유럽,영국,LHR,출발,정기,여객,31 ,5944 ,23 ,2502 ,109837 ,80115 ,0 ,153696 
2026년,05월,AAR,OZ,아시아나항공,국제,유럽,이탈리아,FCO,도착,정기,여객,18 ,4105 ,3 ,462 ,102286 ,2289 ,0 ,86984 
2026년,05월,AAR,OZ,아시아나항공,국제,유럽,이탈리아,FCO,출발,정기,여객,18 ,4436 ,5 ,628 ,3904 ,31300 ,0 ,81171 
2026년,05월,AAR,OZ,아시아나항공,국제,유럽,이탈리아,MXP,도착,정기,여객,14 ,3108 ,3 ,505 ,128805 ,7086 ,0 ,66599 
2026년,05월,AAR,OZ,아시아나항공,국제,유럽,이탈리아,MXP,출발,정기,여객,13 ,3110 ,4 ,464 ,29608 ,50584 ,0 ,58666 
2026년,05월,AAR,OZ,아시아나항공,국제,유럽,체코,PRG,도착,정기,여객,13 ,2897 ,4 ,372 ,47522 ,89175 ,0 ,57057 
2026년,05월,AAR,OZ,아시아나항공,국제,유럽,체코,PRG,출발,정기,여객,13 ,3307 ,7 ,420 ,25999 ,27693 ,0 ,59778 
2026년,05월,AAR,OZ,아시아나항공,국제,유럽,프랑스,CDG,도착,정기,여객,22 ,5102 ,10 ,578 ,103920 ,65005 ,0 ,105094 
2026년,05월,AAR,OZ,아시아나항공,국제,유럽,프랑스,CDG,출발,정기,여객,23 ,6250 ,18 ,526 ,68964 ,69687 ,0 ,121686 
2026년,05월,AAR,OZ,아시아나항공,국제,유럽,헝가리,BUD,도착,정기,여객,13 ,3006 ,2 ,325 ,44848 ,9383 ,0 ,58647 
2026년,05월,AAR,OZ,아시아나항공,국제,유럽,헝가리,BUD,출발,정기,여객,14 ,3588 ,10 ,520 ,50832 ,47568 ,0 ,65174 
2026년,05월,AAR,OZ,아시아나항공,국제,유럽,우즈베키스탄,TAS,도착,정기,여객,18 ,2810 ,19 ,1794 ,3706 ,1364 ,0 ,83392 
2026년,05월,AAR,OZ,아시아나항공,국제,유럽,우즈베키스탄,TAS,출발,정기,여객,18 ,2645 ,48 ,1774 ,13880 ,7114 ,0 ,98955 
2026년,05월,AAR,OZ,아시아나항공,국제,유럽,카자흐스탄,ALA,도착,정기,여객,21 ,3790 ,34 ,745 ,113 ,9954 ,0 ,69090 
2026년,05월,AAR,OZ,아시아나항공,국제,유럽,카자흐스탄,ALA,출발,정기,여객,22 ,4174 ,27 ,1159 ,61249 ,34635 ,0 ,94993 
2026년,05월,AAR,OZ,아시아나항공,국제,유럽,튀르키예,IST,도착,정기,여객,23 ,4221 ,11 ,1074 ,79732 ,88440 ,0 ,85691 
2026년,05월,AAR,OZ,아시아나항공,국제,유럽,튀르키예,IST,출발,정기,여객,22 ,4057 ,19 ,911 ,66423 ,46923 ,0 ,86787 
2026년,05월,ABL,BX,에어 부산,국제,일본,일본,FUK,도착,정기,여객,62 ,12589 ,121 ,0 ,0 ,0 ,0 ,123181 
2026년,05월,ABL,BX,에어 부산,국제,일본,일본,FUK,출발,정기,여객,62 ,13658 ,133 ,4 ,0 ,0 ,0 ,91047 
2026년,05월,ABL,BX,에어 부산,국제,일본,일본,KIX,도착,정기,여객,93 ,16553 ,46 ,2 ,0 ,0 ,0 ,162384 
2026년,05월,ABL,BX,에어 부산,국제,일본,일본,KIX,출발,정기,여객,93 ,18555 ,54 ,31 ,1132 ,0 ,0 ,138137 
2026년,05월,ABL,BX,에어 부산,국제,일본,일본,NRT,도착,정기,여객,62 ,11997 ,20 ,0 ,0 ,0 ,0 ,103355 
2026년,05월,ABL,BX,에어 부산,국제,일본,일본,NRT,출발,정기,여객,62 ,11393 ,21 ,7 ,56309 ,0 ,0 ,97271 
2026년,05월,ABL,BX,에어 부산,국제,동북아,홍콩,HKG,도착,부정기,여객,20 ,3398 ,1 ,1 ,0 ,0 ,0 ,31103 
2026년,05월,ABL,BX,에어 부산,국제,동북아,홍콩,HKG,출발,부정기,여객,20 ,3301 ,2 ,2 ,0 ,0 ,0 ,37214 
2026년,05월,ABL,BX,에어 부산,국제,동남아,베트남,CXR,도착,정기,여객,31 ,6798 ,70 ,1 ,0 ,0 ,0 ,84446 
2026년,05월,ABL,BX,에어 부산,국제,동남아,베트남,CXR,출발,정기,여객,31 ,6632 ,59 ,0 ,0 ,0 ,0 ,60741 
2026년,05월,ABL,BX,에어 부산,국제,동남아,태국,CNX,도착,부정기,여객,18 ,3022 ,10 ,1 ,0 ,0 ,0 ,34843 
2026년,05월,ABL,BX,에어 부산,국제,동남아,태국,CNX,출발,부정기,여객,18 ,3240 ,13 ,7 ,0 ,0 ,0 ,33232 
2026년,05월,ACA,AC,캐나다항공,국제,미주,캐나다,YVR,도착,정기,여객,31 ,7115 ,41 ,1719 ,68622 ,0 ,1156 ,185640 
2026년,05월,ACA,AC,캐나다항공,국제,미주,캐나다,YVR,출발,정기,여객,31 ,6919 ,48 ,1410 ,348193 ,0 ,1065 ,226842 
2026년,05월,ACA,AC,캐나다항공,국제,미주,캐나다,YYZ,도착,정기,여객,31 ,6983 ,38 ,1994 ,87734 ,0 ,0 ,204241 
2026년,05월,ACA,AC,캐나다항공,국제,미주,캐나다,YYZ,출발,정기,여객,31 ,5931 ,48 ,3145 ,184440 ,0 ,3409 ,261765 
2026년,05월,AFR,AF,프랑스항공,국제,유럽,프랑스,CDG,도착,정기,여객,31 ,7633 ,25 ,159 ,359920 ,0 ,3823 ,129176 
2026년,05월,AFR,AF,프랑스항공,국제,유럽,프랑스,CDG,출발,정기,여객,31 ,8310 ,45 ,370 ,283394 ,0 ,13035 ,170502 
2026년,05월,AHK,LD,에어홍콩,국제,동북아,홍콩,HKG,도착,정기,화물,27 ,0 ,0 ,0 ,1033194 ,113074 ,0 ,0 
2026년,05월,AHK,LD,에어홍콩,국제,동북아,홍콩,HKG,출발,정기,화물,26 ,0 ,0 ,0 ,1134286 ,0 ,0 ,0 
2026년,05월,AIC,AI,인도항공,국제,기타,인도,DEL,도착,정기,여객,27 ,6107 ,37 ,173 ,272096 ,0 ,0 ,131577 
2026년,05월,AIC,AI,인도항공,국제,기타,인도,DEL,출발,정기,여객,27 ,4948 ,30 ,50 ,346725 ,0 ,6290 ,117430 
2026년,05월,AIH,KJ,에어제타,국제,일본,일본,KIX,도착,정기,화물,18 ,0 ,0 ,0 ,156567 ,80180 ,0 ,0 
2026년,05월,AIH,KJ,에어제타,국제,일본,일본,KIX,출발,정기,화물,18 ,0 ,0 ,0 ,134502 ,68483 ,3149 ,0 
2026년,05월,AIH,KJ,에어제타,국제,일본,일본,NRT,도착,정기,화물,18 ,0 ,0 ,0 ,622121 ,194963 ,0 ,0 
2026년,05월,AIH,KJ,에어제타,국제,일본,일본,NRT,도착,부정기,화물,2 ,0 ,0 ,0 ,56584 ,7080 ,0 ,0 
2026년,05월,AIH,KJ,에어제타,국제,일본,일본,NRT,출발,정기,화물,18 ,0 ,0 ,0 ,359493 ,461360 ,45088 ,0 
2026년,05월,AIH,KJ,에어제타,국제,일본,일본,NRT,출발,부정기,화물,2 ,0 ,0 ,0 ,27880 ,32106 ,7143 ,0 
2026년,05월,AIH,KJ,에어제타,국제,중국,중국,CAN,도착,정기,화물,0 ,0 ,0 ,0 ,222984 ,997210 ,0 ,0 
2026년,05월,AIH,KJ,에어제타,국제,중국,중국,CTU,도착,정기,화물,14 ,0 ,0 ,0 ,170207 ,55268 ,0 ,0 
2026년,05월,AIH,KJ,에어제타,국제,중국,중국,CTU,출발,정기,화물,14 ,0 ,0 ,0 ,92197 ,15928 ,0 ,0 
2026년,05월,AIH,KJ,에어제타,국제,중국,중국,PVG,도착,정기,화물,44 ,0 ,0 ,0 ,1116406 ,1776195 ,0 ,0 
2026년,05월,AIH,KJ,에어제타,국제,중국,중국,PVG,출발,정기,화물,44 ,0 ,0 ,0 ,998659 ,385272 ,0 ,0 
2026년,05월,AIH,KJ,에어제타,국제,중국,중국,TAO,도착,정기,화물,23 ,0 ,0 ,0 ,127396 ,293784 ,0 ,0 
2026년,05월,AIH,KJ,에어제타,국제,중국,중국,TAO,출발,정기,화물,23 ,0 ,0 ,0 ,210185 ,54036 ,0 ,0 
2026년,05월,AIH,KJ,에어제타,국제,중국,중국,TSN,도착,정기,화물,11 ,0 ,0 ,0 ,103285 ,166341 ,25814 ,0 
2026년,05월,AIH,KJ,에어제타,국제,중국,중국,TSN,출발,정기,화물,11 ,0 ,0 ,0 ,57696 ,104940 ,0 ,0 
2026년,05월,AIH,KJ,에어제타,국제,중국,중국,YNT,도착,정기,화물,39 ,0 ,0 ,0 ,545009 ,119885 ,4543 ,0 
2026년,05월,AIH,KJ,에어제타,국제,중국,중국,YNT,출발,정기,화물,39 ,0 ,0 ,0 ,122020 ,27663 ,0 ,0 
2026년,05월,AIH,KJ,에어제타,국제,동북아,홍콩,HKG,도착,정기,화물,28 ,0 ,0 ,0 ,241145 ,3455929 ,0 ,0 
2026년,05월,AIH,KJ,에어제타,국제,동북아,홍콩,HKG,출발,정기,화물,27 ,0 ,0 ,0 ,466211 ,392333 ,78518 ,0 
2026년,05월,AIH,KJ,에어제타,국제,동남아,베트남,HAN,도착,정기,화물,76 ,0 ,0 ,0 ,849826 ,495885 ,0 ,0 
2026년,05월,AIH,KJ,에어제타,국제,동남아,베트남,HAN,출발,정기,화물,76 ,0 ,0 ,0 ,2587478 ,292437 ,1491 ,0 
2026년,05월,AIH,KJ,에어제타,국제,동남아,싱가포르,SIN,도착,부정기,화물,12 ,0 ,0 ,0 ,91799 ,31200 ,0 ,0 
2026년,05월,AIH,KJ,에어제타,국제,동남아,싱가포르,SIN,출발,부정기,화물,13 ,0 ,0 ,0 ,420951 ,611334 ,2101 ,0 
2026년,05월,AIH,KJ,에어제타,국제,동남아,인도네시아,SUB,도착,부정기,화물,1 ,0 ,0 ,0 ,0 ,0 ,0 ,0 
2026년,05월,AIH,KJ,에어제타,국제,동남아,태국,BKK,도착,부정기,화물,0 ,0 ,0 ,0 ,622687 ,295486 ,0 ,0 
2026년,05월,AIH,KJ,에어제타,국제,미주,미국,ANC,도착,정기,화물,0 ,0 ,0 ,0 ,229116 ,171393 ,0 ,0 
2026년,05월,AIH,KJ,에어제타,국제,미주,미국,ANC,출발,정기,화물,0 ,0 ,0 ,0 ,20 ,0 ,0 ,0 
2026년,05월,AIH,KJ,에어제타,국제,미주,미국,ANC,출발,부정기,화물,0 ,0 ,0 ,0 ,0 ,0 ,0 ,0 
2026년,05월,AIH,KJ,에어제타,국제,미주,미국,ATL,도착,정기,화물,10 ,0 ,0 ,0 ,189155 ,83636 ,0 ,0 
2026년,05월,AIH,KJ,에어제타,국제,미주,미국,ATL,출발,정기,화물,10 ,0 ,0 ,0 ,105643 ,74245 ,0 ,0 
2026년,05월,AIH,KJ,에어제타,국제,미주,미국,DFW,출발,정기,화물,0 ,0 ,0 ,0 ,343219 ,258193 ,0 ,0 
2026년,05월,AIH,KJ,에어제타,국제,미주,미국,JFK,출발,정기,화물,0 ,0 ,0 ,0 ,320573 ,992407 ,7143 ,0 
2026년,05월,AIH,KJ,에어제타,국제,미주,미국,LAX,도착,정기,화물,4 ,0 ,0 ,0 ,182989 ,75545 ,0 ,0 
2026년,05월,AIH,KJ,에어제타,국제,미주,미국,LAX,출발,정기,화물,5 ,0 ,0 ,0 ,830745 ,1251614 ,2076 ,0 
2026년,05월,AIH,KJ,에어제타,국제,미주,미국,ORD,도착,부정기,화물,2 ,0 ,0 ,0 ,80444 ,1525 ,0 ,0 
2026년,05월,AIH,KJ,에어제타,국제,미주,미국,ORD,출발,정기,화물,0 ,0 ,0 ,0 ,444228 ,1165071 ,2386 ,0 
2026년,05월,AIH,KJ,에어제타,국제,미주,미국,ORD,출발,부정기,화물,3 ,0 ,0 ,0 ,139311 ,149928 ,524 ,0 
2026년,05월,AIH,KJ,에어제타,국제,미주,미국,SEA,도착,정기,화물,17 ,0 ,0 ,0 ,670547 ,258865 ,0 ,0 
2026년,05월,AIH,KJ,에어제타,국제,미주,미국,SEA,출발,정기,화물,17 ,0 ,0 ,0 ,0 ,24025 ,0 ,0 
2026년,05월,AIH,KJ,에어제타,국제,미주,미국,SFO,도착,정기,화물,23 ,0 ,0 ,0 ,1050650 ,401588 ,0 ,0 
2026년,05월,AIH,KJ,에어제타,국제,미주,미국,SFO,출발,정기,화물,22 ,0 ,0 ,0 ,36950 ,218134 ,0 ,0 
2026년,05월,AIH,KJ,에어제타,국제,유럽,독일,FRA,도착,정기,화물,24 ,0 ,0 ,0 ,1528648 ,153260 ,0 ,0 
2026년,05월,AIH,KJ,에어제타,국제,유럽,독일,FRA,출발,정기,화물,22 ,0 ,0 ,0 ,188418 ,883330 ,5232 ,0 
2026년,05월,AIH,KJ,에어제타,국제,유럽,벨기에,BRU,도착,정기,화물,13 ,0 ,0 ,0 ,755913 ,98356 ,0 ,0 
2026년,05월,AIH,KJ,에어제타,국제,유럽,벨기에,BRU,출발,정기,화물,14 ,0 ,0 ,0 ,0 ,0 ,0 ,0 
2026년,05월,AIH,KJ,에어제타,국제,유럽,영국,STN,출발,정기,화물,0 ,0 ,0 ,0 ,118630 ,373066 ,17 ,0 
2026년,05월,AIH,KJ,에어제타,국제,유럽,오스트리아,VIE,출발,정기,화물,0 ,0 ,0 ,0 ,310917 ,403888 ,0 ,0 
2026년,05월,AIH,KJ,에어제타,국제,유럽,이탈리아,MXP,도착,정기,화물,9 ,0 ,0 ,0 ,344657 ,240371 ,0 ,0 
2026년,05월,AIH,KJ,에어제타,국제,유럽,이탈리아,MXP,출발,정기,화물,9 ,0 ,0 ,0 ,107165 ,384609 ,0 ,0 
2026년,05월,AIH,KJ,에어제타,국제,유럽,카자흐스탄,ALA,출발,정기,화물,0 ,0 ,0 ,0 ,4216 ,10481 ,0 ,0 
2026년,05월,AIQ,FD,타이에어아시아항공,국제,동남아,태국,DMK,도착,정기,여객,22 ,2981 ,14 ,0 ,0 ,0 ,0 ,26678 
2026년,05월,AIQ,FD,타이에어아시아항공,국제,동남아,태국,DMK,출발,정기,여객,22 ,3033 ,23 ,7 ,0 ,0 ,0 ,34130 
2026년,05월,ALK,UL,스리랑칸 에어라인즈,국제,기타,스리랑카,CMB,도착,정기,여객,6 ,1508 ,16 ,108 ,59804 ,0 ,312 ,48481 
2026년,05월,ALK,UL,스리랑칸 에어라인즈,국제,기타,스리랑카,CMB,출발,정기,여객,6 ,1224 ,21 ,20 ,59346 ,0 ,2708 ,48123 
2026년,05월,AMU,NX,마카오항공,국제,동북아,마카오,MFM,도착,정기,여객,37 ,4903 ,26 ,2 ,119287 ,0 ,655 ,61175 
2026년,05월,AMU,NX,마카오항공,국제,동북아,마카오,MFM,출발,정기,여객,38 ,5264 ,31 ,7 ,15436 ,0 ,1848 ,64815 
2026년,05월,AMX,AM,아에로멕시코,국제,미주,멕시코,MEX,출발,정기,여객,31 ,6511 ,40 ,578 ,254273 ,0 ,0 ,195496 
2026년,05월,AMX,AM,아에로멕시코,국제,미주,멕시코,MTY,도착,정기,여객,31 ,5851 ,15 ,956 ,27772 ,0 ,0 ,121850 
2026년,05월,ANA,NH,전일본항공,국제,일본,일본,NRT,도착,정기,화물,26 ,0 ,0 ,0 ,730498 ,0 ,7450 ,0 
2026년,05월,ANA,NH,전일본항공,국제,일본,일본,NRT,출발,정기,화물,26 ,0 ,0 ,0 ,921213 ,4650 ,25019 ,0 
2026년,05월,APJ,MM,피치 항공,국제,일본,일본,HND,도착,정기,여객,31 ,5225 ,6 ,0 ,0 ,0 ,0 ,38956 
2026년,05월,APJ,MM,피치 항공,국제,일본,일본,HND,출발,정기,여객,31 ,5158 ,10 ,0 ,0 ,0 ,0 ,51793 
2026년,05월,APJ,MM,피치 항공,국제,일본,일본,KIX,도착,정기,여객,134 ,20434 ,71 ,1 ,0 ,0 ,0 ,159615 
2026년,05월,APJ,MM,피치 항공,국제,일본,일본,KIX,도착,부정기,여객,1 ,178 ,1 ,0 ,0 ,0 ,0 ,1517 
2026년,05월,APJ,MM,피치 항공,국제,일본,일본,KIX,출발,정기,여객,134 ,19651 ,66 ,0 ,8303 ,0 ,0 ,139943 
2026년,05월,APJ,MM,피치 항공,국제,일본,일본,KIX,출발,부정기,여객,1 ,103 ,0 ,0 ,0 ,0 ,0 ,452 
2026년,05월,APZ,YP,에어 프레미아,국제,일본,일본,NRT,도착,정기,여객,58 ,17566 ,95 ,458 ,227308 ,0 ,0 ,208548 
2026년,05월,APZ,YP,에어 프레미아,국제,일본,일본,NRT,출발,정기,여객,58 ,16577 ,95 ,1096 ,375926 ,794 ,18997 ,188074 
2026년,05월,APZ,YP,에어 프레미아,국제,동북아,홍콩,HKG,도착,정기,여객,17 ,4243 ,15 ,196 ,147392 ,0 ,286 ,52634 
2026년,05월,APZ,YP,에어 프레미아,국제,동북아,홍콩,HKG,출발,정기,여객,17 ,3722 ,14 ,820 ,38566 ,1466 ,0 ,79688 
2026년,05월,APZ,YP,에어 프레미아,국제,동남아,베트남,DAD,도착,정기,여객,16 ,4091 ,21 ,122 ,225836 ,0 ,0 ,54632 
2026년,05월,APZ,YP,에어 프레미아,국제,동남아,베트남,DAD,출발,정기,여객,16 ,3782 ,26 ,111 ,3650 ,32144 ,0 ,40926 
2026년,05월,APZ,YP,에어 프레미아,국제,동남아,태국,BKK,도착,정기,여객,19 ,5796 ,31 ,161 ,356052 ,0 ,0 ,81060 
2026년,05월,APZ,YP,에어 프레미아,국제,동남아,태국,BKK,출발,정기,여객,18 ,5062 ,41 ,310 ,207060 ,26629 ,0 ,82844 
2026년,05월,APZ,YP,에어 프레미아,국제,미주,미국,EWR,도착,정기,여객,30 ,6863 ,44 ,1403 ,36134 ,0 ,0 ,174892 
2026년,05월,APZ,YP,에어 프레미아,국제,미주,미국,EWR,출발,정기,여객,30 ,6596 ,61 ,725 ,162314 ,58910 ,456 ,171377 
2026년,05월,APZ,YP,에어 프레미아,국제,미주,미국,IAD,도착,정기,여객,15 ,2981 ,25 ,429 ,30751 ,0 ,0 ,71194 
2026년,05월,APZ,YP,에어 프레미아,국제,미주,미국,IAD,출발,정기,여객,16 ,2407 ,12 ,340 ,64621 ,58035 ,0 ,68706 
2026년,05월,APZ,YP,에어 프레미아,국제,미주,미국,LAX,도착,정기,여객,42 ,9488 ,75 ,793 ,452656 ,0 ,0 ,211880 
2026년,05월,APZ,YP,에어 프레미아,국제,미주,미국,LAX,출발,정기,여객,41 ,9737 ,64 ,54 ,480478 ,74890 ,9172 ,235804 
2026년,05월,APZ,YP,에어 프레미아,국제,미주,미국,SFO,도착,정기,여객,18 ,4038 ,42 ,234 ,190210 ,0 ,0 ,83761 
2026년,05월,APZ,YP,에어 프레미아,국제,미주,미국,SFO,출발,정기,여객,19 ,4583 ,44 ,54 ,162751 ,20203 ,0 ,100064 
2026년,05월,APZ,YP,에어 프레미아,국제,대양주,하와이,HNL,도착,정기,여객,15 ,3559 ,16 ,115 ,0 ,0 ,0 ,69943 
2026년,05월,APZ,YP,에어 프레미아,국제,대양주,하와이,HNL,출발,정기,여객,15 ,3154 ,18 ,41 ,85542 ,45903 ,0 ,54647 
2026년,05월,ASA,AS,알래스카 항공,국제,미주,미국,SEA,도착,정기,여객,27 ,4910 ,18 ,2346 ,59357 ,0 ,0 ,185380 
2026년,05월,ASA,AS,알래스카 항공,국제,미주,미국,SEA,출발,정기,여객,27 ,5101 ,18 ,1906 ,366080 ,0 ,0 ,200031 
2026년,05월,ASV,RS,에어서울,국제,일본,일본,FUK,도착,정기,여객,62 ,11322 ,122 ,30 ,155 ,0 ,0 ,94445 
2026년,05월,ASV,RS,에어서울,국제,일본,일본,FUK,출발,정기,여객,62 ,11065 ,115 ,40 ,0 ,0 ,0 ,65677 
2026년,05월,ASV,RS,에어서울,국제,일본,일본,KIX,도착,정기,여객,89 ,16619 ,57 ,8 ,21408 ,0 ,0 ,142168 
2026년,05월,ASV,RS,에어서울,국제,일본,일본,KIX,도착,부정기,여객,9 ,1616 ,6 ,0 ,0 ,0 ,0 ,12402 
2026년,05월,ASV,RS,에어서울,국제,일본,일본,KIX,출발,정기,여객,89 ,16404 ,83 ,47 ,4665 ,0 ,0 ,115817 
2026년,05월,ASV,RS,에어서울,국제,일본,일본,KIX,출발,부정기,여객,9 ,1409 ,4 ,5 ,0 ,0 ,0 ,9761 
2026년,05월,ASV,RS,에어서울,국제,일본,일본,NRT,도착,정기,여객,93 ,16178 ,45 ,12 ,66869 ,0 ,0 ,123494 
2026년,05월,ASV,RS,에어서울,국제,일본,일본,NRT,출발,정기,여객,93 ,17519 ,51 ,72 ,136015 ,0 ,0 ,131613 
2026년,05월,ASV,RS,에어서울,국제,일본,일본,TAK,도착,정기,여객,31 ,5351 ,27 ,0 ,0 ,0 ,0 ,46762 
2026년,05월,ASV,RS,에어서울,국제,일본,일본,TAK,출발,정기,여객,31 ,5593 ,20 ,0 ,0 ,0 ,0 ,39460 
2026년,05월,ASV,RS,에어서울,국제,일본,일본,YGJ,도착,정기,여객,22 ,3197 ,18 ,0 ,0 ,0 ,0 ,26781 
2026년,05월,ASV,RS,에어서울,국제,일본,일본,YGJ,출발,정기,여객,22 ,3254 ,15 ,8 ,0 ,0 ,0 ,24018 
2026년,05월,ASV,RS,에어서울,국제,중국,중국,DYG,도착,정기,여객,13 ,2047 ,0 ,0 ,0 ,0 ,0 ,25671 
2026년,05월,ASV,RS,에어서울,국제,중국,중국,DYG,출발,정기,여객,13 ,1905 ,0 ,0 ,0 ,0 ,0 ,19599 
2026년,05월,ASV,RS,에어서울,국제,동남아,베트남,CXR,도착,정기,여객,23 ,4488 ,37 ,3 ,28366 ,0 ,0 ,45438 
2026년,05월,ASV,RS,에어서울,국제,동남아,베트남,CXR,출발,정기,여객,23 ,3717 ,33 ,4 ,0 ,0 ,0 ,25706 
2026년,05월,ASV,RS,에어서울,국제,동남아,베트남,DAD,도착,정기,여객,22 ,4014 ,18 ,49 ,41746 ,0 ,0 ,40643 
2026년,05월,ASV,RS,에어서울,국제,동남아,베트남,DAD,출발,정기,여객,21 ,3130 ,17 ,46 ,0 ,0 ,0 ,19874 
2026년,05월,ASV,RS,에어서울,국제,대양주,괌,GUM,도착,정기,여객,20 ,1401 ,14 ,12 ,0 ,0 ,0 ,16572 
2026년,05월,ASV,RS,에어서울,국제,대양주,괌,GUM,출발,정기,여객,19 ,1298 ,14 ,22 ,0 ,0 ,0 ,48011 
2026년,05월,AXM,AK,에어아시아버하드,국제,동남아,말레이시아,BKI,도착,정기,여객,28 ,2900 ,10 ,0 ,0 ,0 ,0 ,25837 
2026년,05월,AXM,AK,에어아시아버하드,국제,동남아,말레이시아,BKI,출발,정기,여객,28 ,2587 ,10 ,10 ,0 ,0 ,0 ,26797 
2026년,05월,AZG,7L,실크웨이웨스트항공,국제,일본,일본,NRT,도착,정기,화물,0 ,0 ,0 ,0 ,0 ,0 ,0 ,0 
2026년,05월,AZG,7L,실크웨이웨스트항공,국제,유럽,아제르바이잔,GYD,도착,정기,화물,14 ,0 ,0 ,0 ,961711 ,0 ,0 ,0 
2026년,05월,AZG,7L,실크웨이웨스트항공,국제,유럽,아제르바이잔,GYD,도착,부정기,화물,1 ,0 ,0 ,0 ,103583 ,0 ,0 ,0 
2026년,05월,AZG,7L,실크웨이웨스트항공,국제,유럽,아제르바이잔,GYD,출발,정기,화물,13 ,0 ,0 ,0 ,1139991 ,0 ,0 ,0 
2026년,05월,AZG,7L,실크웨이웨스트항공,국제,유럽,아제르바이잔,GYD,출발,부정기,화물,1 ,0 ,0 ,0 ,94030 ,0 ,0 ,0 
2026년,05월,AZG,7L,실크웨이웨스트항공,국제,중동,아랍에미리트,DWC,도착,정기,화물,0 ,0 ,0 ,0 ,0 ,0 ,0 ,0 
2026년,05월,BOX,3S,에어로로직,국제,중국,중국,PVG,출발,정기,화물,0 ,0 ,0 ,0 ,0 ,0 ,0 ,0 
2026년,05월,BOX,3S,에어로로직,국제,동북아,홍콩,HKG,출발,정기,화물,0 ,0 ,0 ,0 ,211751 ,0 ,0 ,0 
2026년,05월,BOX,3S,에어로로직,국제,유럽,독일,LEJ,도착,정기,화물,28 ,0 ,0 ,0 ,2029470 ,0 ,0 ,0 
2026년,05월,BOX,3S,에어로로직,국제,유럽,독일,LEJ,출발,정기,화물,27 ,0 ,0 ,0 ,0 ,0 ,0 ,0 
2026년,05월,CAL,CI,중화항공,국제,동북아,대만,KHH,도착,정기,여객,28 ,4126 ,23 ,59 ,10093 ,0 ,0 ,51294 
2026년,05월,CAL,CI,중화항공,국제,동북아,대만,KHH,출발,정기,여객,28 ,4015 ,30 ,11 ,17614 ,0 ,0 ,75181 
2026년,05월,CAL,CI,중화항공,국제,동북아,대만,TPE,도착,정기,여객,61 ,14491 ,59 ,288 ,448902 ,0 ,9244 ,185498 
2026년,05월,CAL,CI,중화항공,국제,동북아,대만,TPE,출발,정기,여객,61 ,14441 ,56 ,273 ,440361 ,0 ,9235 ,261891 
2026년,05월,CCA,CA,중국국제항공,국제,중국,중국,CKG,도착,정기,여객,31 ,4411 ,9 ,35 ,37154 ,0 ,0 ,51856 
2026년,05월,CCA,CA,중국국제항공,국제,중국,중국,CKG,출발,정기,여객,31 ,4242 ,8 ,26 ,31115 ,0 ,0 ,51010 
2026년,05월,CCA,CA,중국국제항공,국제,중국,중국,HGH,도착,정기,여객,31 ,5235 ,9 ,40 ,35155 ,0 ,0 ,53650 
2026년,05월,CCA,CA,중국국제항공,국제,중국,중국,HGH,출발,정기,여객,31 ,5121 ,14 ,13 ,7270 ,0 ,0 ,70201 
2026년,05월,CCA,CA,중국국제항공,국제,중국,중국,PEK,도착,정기,여객,107 ,19431 ,58 ,1140 ,743599 ,0 ,3464 ,270176 
2026년,05월,CCA,CA,중국국제항공,국제,중국,중국,PEK,출발,정기,여객,107 ,21483 ,76 ,237 ,105305 ,0 ,6734 ,338170 
2026년,05월,CCA,CA,중국국제항공,국제,중국,중국,PKX,도착,정기,여객,22 ,2405 ,6 ,496 ,12997 ,0 ,306 ,33804 
2026년,05월,CCA,CA,중국국제항공,국제,중국,중국,PKX,출발,정기,여객,22 ,3090 ,2 ,17 ,0 ,0 ,0 ,43430 
2026년,05월,CCA,CA,중국국제항공,국제,중국,중국,TFU,도착,정기,여객,33 ,5028 ,9 ,137 ,10849 ,0 ,1755 ,58742 
2026년,05월,CCA,CA,중국국제항공,국제,중국,중국,TFU,출발,정기,여객,33 ,5029 ,5 ,23 ,10830 ,0 ,0 ,68065 
2026년,05월,CCA,CA,중국국제항공,국제,중국,중국,TSN,도착,정기,여객,21 ,2660 ,1 ,235 ,5205 ,0 ,0 ,28123 
2026년,05월,CCA,CA,중국국제항공,국제,중국,중국,TSN,출발,정기,여객,21 ,2754 ,4 ,14 ,1720 ,0 ,0 ,35325 
2026년,05월,CCA,CA,중국국제항공,국제,중국,중국,WNZ,도착,정기,여객,13 ,1829 ,5 ,1 ,15111 ,0 ,0 ,20043 
2026년,05월,CCA,CA,중국국제항공,국제,중국,중국,WNZ,출발,정기,여객,13 ,1768 ,5 ,5 ,0 ,0 ,0 ,23816 
2026년,05월,CCA,CA,중국국제항공,국제,중국,중국,YNJ,도착,정기,여객,27 ,3962 ,17 ,8 ,0 ,0 ,0 ,59435 
2026년,05월,CCA,CA,중국국제항공,국제,중국,중국,YNJ,출발,정기,여객,27 ,4106 ,21 ,11 ,0 ,0 ,5581 ,54338 
2026년,05월,CDG,SC,산동항공,국제,중국,중국,SYX,도착,정기,여객,17 ,187 ,1 ,0 ,0 ,0 ,0 ,2183 
2026년,05월,CDG,SC,산동항공,국제,중국,중국,SYX,출발,정기,여객,17 ,211 ,0 ,0 ,0 ,0 ,0 ,2384 
2026년,05월,CDG,SC,산동항공,국제,중국,중국,TAO,도착,정기,여객,186 ,23910 ,67 ,347 ,244486 ,0 ,6951 ,312630 
2026년,05월,CDG,SC,산동항공,국제,중국,중국,TAO,출발,정기,여객,186 ,26219 ,63 ,403 ,0 ,0 ,0 ,318206 
2026년,05월,CDG,SC,산동항공,국제,중국,중국,TNA,도착,정기,여객,107 ,15340 ,19 ,193 ,203828 ,0 ,0 ,174122 
2026년,05월,CDG,SC,산동항공,국제,중국,중국,TNA,출발,정기,여객,107 ,16303 ,15 ,277 ,0 ,0 ,0 ,211075 
2026년,05월,CEB,5J,세부퍼시픽항공,국제,동남아,필리핀,CEB,도착,정기,여객,31 ,6205 ,34 ,0 ,442 ,0 ,0 ,69846 
2026년,05월,CEB,5J,세부퍼시픽항공,국제,동남아,필리핀,CEB,출발,정기,여객,31 ,5684 ,26 ,4 ,6330 ,0 ,0 ,66858 
2026년,05월,CEB,5J,세부퍼시픽항공,국제,동남아,필리핀,MNL,도착,정기,여객,62 ,16395 ,87 ,1 ,189782 ,0 ,0 ,186515 
2026년,05월,CEB,5J,세부퍼시픽항공,국제,동남아,필리핀,MNL,출발,정기,여객,62 ,15198 ,72 ,6 ,316763 ,0 ,0 ,222040 
2026년,05월,CES,MU,중국동방항공,국제,중국,중국,HGH,도착,정기,여객,31 ,4661 ,11 ,9 ,40238 ,0 ,0 ,46320 
2026년,05월,CES,MU,중국동방항공,국제,중국,중국,HGH,출발,정기,여객,31 ,4676 ,12 ,19 ,41911 ,0 ,0 ,58532 
2026년,05월,CES,MU,중국동방항공,국제,중국,중국,KMG,도착,정기,여객,17 ,1853 ,3 ,0 ,19742 ,0 ,0 ,25557 
2026년,05월,CES,MU,중국동방항공,국제,중국,중국,KMG,출발,정기,여객,16 ,2054 ,5 ,22 ,64 ,0 ,0 ,31871 
2026년,05월,CES,MU,중국동방항공,국제,중국,중국,NKG,도착,정기,여객,61 ,8411 ,16 ,50 ,39768 ,0 ,0 ,87334 
2026년,05월,CES,MU,중국동방항공,국제,중국,중국,NKG,출발,정기,여객,61 ,8799 ,17 ,201 ,5130 ,0 ,0 ,123155 
2026년,05월,CES,MU,중국동방항공,국제,중국,중국,PKX,도착,정기,여객,31 ,4826 ,12 ,33 ,9410 ,0 ,0 ,101759 
2026년,05월,CES,MU,중국동방항공,국제,중국,중국,PKX,출발,정기,여객,31 ,4771 ,9 ,57 ,0 ,0 ,0 ,98533 
2026년,05월,CES,MU,중국동방항공,국제,중국,중국,PVG,도착,정기,여객,138 ,26910 ,53 ,128 ,770790 ,0 ,2275 ,369386 
2026년,05월,CES,MU,중국동방항공,국제,중국,중국,PVG,출발,정기,여객,138 ,29466 ,51 ,144 ,518261 ,0 ,4008 ,399021 
2026년,05월,CES,MU,중국동방항공,국제,중국,중국,TAO,도착,정기,여객,116 ,17563 ,43 ,113 ,278272 ,0 ,0 ,213899 
2026년,05월,CES,MU,중국동방항공,국제,중국,중국,TAO,출발,정기,여객,116 ,18656 ,58 ,151 ,7138 ,0 ,0 ,212536 
2026년,05월,CES,MU,중국동방항공,국제,중국,중국,WEH,도착,정기,여객,31 ,4256 ,27 ,204 ,24786 ,0 ,0 ,81189 
2026년,05월,CES,MU,중국동방항공,국제,중국,중국,WEH,출발,정기,여객,31 ,4270 ,27 ,163 ,7629 ,0 ,0 ,61128 
2026년,05월,CES,MU,중국동방항공,국제,중국,중국,WUX,도착,정기,여객,31 ,4573 ,13 ,6 ,56150 ,0 ,0 ,50138 
2026년,05월,CES,MU,중국동방항공,국제,중국,중국,WUX,출발,정기,여객,31 ,4507 ,11 ,33 ,766 ,0 ,0 ,61121 
2026년,05월,CES,MU,중국동방항공,국제,중국,중국,XIY,도착,정기,여객,30 ,1449 ,1 ,5 ,30419 ,0 ,0 ,12977 
2026년,05월,CES,MU,중국동방항공,국제,중국,중국,XIY,출발,정기,여객,30 ,1657 ,3 ,9 ,10770 ,0 ,0 ,23132 
2026년,05월,CES,MU,중국동방항공,국제,중국,중국,YNJ,도착,정기,여객,31 ,3930 ,25 ,5 ,0 ,0 ,0 ,55354 
2026년,05월,CES,MU,중국동방항공,국제,중국,중국,YNJ,출발,정기,여객,31 ,4342 ,30 ,2 ,0 ,0 ,0 ,49429 
2026년,05월,CES,MU,중국동방항공,국제,중국,중국,YNT,도착,정기,여객,87 ,9914 ,23 ,475 ,146761 ,0 ,0 ,147261 
2026년,05월,CES,MU,중국동방항공,국제,중국,중국,YNT,출발,정기,여객,87 ,10479 ,18 ,271 ,58623 ,0 ,0 ,137746 
2026년,05월,CHH,HU,중국해남항공,국제,중국,중국,HAK,도착,정기,여객,14 ,1422 ,6 ,0 ,13220 ,0 ,0 ,17274 
2026년,05월,CHH,HU,중국해남항공,국제,중국,중국,HAK,출발,정기,여객,14 ,1731 ,5 ,5 ,14 ,0 ,0 ,26703 
2026년,05월,CKK,CK,중국화물항공,국제,중국,중국,PVG,도착,정기,화물,12 ,0 ,0 ,0 ,932297 ,53079 ,0 ,0 
2026년,05월,CKK,CK,중국화물항공,국제,중국,중국,PVG,출발,정기,화물,12 ,0 ,0 ,0 ,618140 ,0 ,0 ,0 
2026년,05월,CKS,K4,칼리타항공,국제,일본,일본,NGO,출발,정기,화물,0 ,0 ,0 ,0 ,1057382 ,0 ,0 ,0 
2026년,05월,CKS,K4,칼리타항공,국제,일본,일본,NRT,도착,정기,화물,0 ,0 ,0 ,0 ,77330 ,0 ,0 ,0 
2026년,05월,CKS,K4,칼리타항공,국제,중국,중국,CGO,도착,정기,화물,0 ,0 ,0 ,0 ,0 ,0 ,0 ,0 
2026년,05월,CKS,K4,칼리타항공,국제,동북아,대만,TPE,도착,정기,화물,4 ,0 ,0 ,0 ,0 ,0 ,0 ,0 
2026년,05월,CKS,K4,칼리타항공,국제,동북아,홍콩,HKG,출발,정기,화물,0 ,0 ,0 ,0 ,264909 ,0 ,0 ,0 
2026년,05월,CKS,K4,칼리타항공,국제,동북아,홍콩,HKG,출발,부정기,화물,2 ,0 ,0 ,0 ,0 ,0 ,0 ,0 
2026년,05월,CKS,K4,칼리타항공,국제,동남아,베트남,HAN,도착,정기,화물,0 ,0 ,0 ,0 ,26276 ,0 ,0 ,0 
2026년,05월,CKS,K4,칼리타항공,국제,동남아,베트남,HAN,도착,부정기,화물,3 ,0 ,0 ,0 ,17135 ,0 ,0 ,0 
2026년,05월,CKS,K4,칼리타항공,국제,동남아,베트남,HAN,출발,정기,화물,1 ,0 ,0 ,0 ,0 ,0 ,0 ,0 
2026년,05월,CKS,K4,칼리타항공,국제,동남아,베트남,HAN,출발,부정기,화물,9 ,0 ,0 ,0 ,0 ,0 ,0 ,0 
2026년,05월,CKS,K4,칼리타항공,국제,동남아,싱가포르,SIN,출발,부정기,화물,3 ,0 ,0 ,0 ,0 ,0 ,0 ,0 
2026년,05월,CKS,K4,칼리타항공,국제,미주,미국,ANC,도착,정기,화물,0 ,0 ,0 ,0 ,330922 ,0 ,0 ,0 
2026년,05월,CKS,K4,칼리타항공,국제,미주,미국,ANC,출발,정기,화물,3 ,0 ,0 ,0 ,884881 ,0 ,0 ,0 
2026년,05월,CKS,K4,칼리타항공,국제,미주,미국,ANC,출발,부정기,화물,3 ,0 ,0 ,0 ,23262 ,0 ,0 ,0 
2026년,05월,CKS,K4,칼리타항공,국제,미주,미국,CVG,도착,정기,화물,39 ,0 ,0 ,0 ,666546 ,0 ,0 ,0 
2026년,05월,CKS,K4,칼리타항공,국제,미주,미국,CVG,도착,부정기,화물,1 ,0 ,0 ,0 ,0 ,0 ,0 ,0 
2026년,05월,CKS,K4,칼리타항공,국제,미주,미국,CVG,출발,정기,화물,27 ,0 ,0 ,0 ,0 ,0 ,0 ,0 
2026년,05월,CKS,K4,칼리타항공,국제,미주,미국,DFW,도착,부정기,화물,4 ,0 ,0 ,0 ,0 ,0 ,0 ,0 
2026년,05월,CKS,K4,칼리타항공,국제,미주,미국,LAX,도착,정기,화물,18 ,0 ,0 ,0 ,113013 ,0 ,0 ,0 
2026년,05월,CKS,K4,칼리타항공,국제,미주,미국,LAX,도착,부정기,화물,5 ,0 ,0 ,0 ,71650 ,0 ,0 ,0 
2026년,05월,CKS,K4,칼리타항공,국제,미주,미국,LAX,출발,정기,화물,17 ,0 ,0 ,0 ,391793 ,0 ,0 ,0 
2026년,05월,CKS,K4,칼리타항공,국제,미주,미국,LAX,출발,부정기,화물,1 ,0 ,0 ,0 ,86492 ,0 ,0 ,0 
2026년,05월,CKS,K4,칼리타항공,국제,미주,미국,ORD,도착,정기,화물,18 ,0 ,0 ,0 ,179241 ,0 ,0 ,0 
2026년,05월,CKS,K4,칼리타항공,국제,미주,미국,ORD,도착,부정기,화물,5 ,0 ,0 ,0 ,2477 ,0 ,0 ,0 
2026년,05월,CKS,K4,칼리타항공,국제,미주,미국,ORD,출발,정기,화물,31 ,0 ,0 ,0 ,0 ,0 ,0 ,0 
2026년,05월,CKS,K4,칼리타항공,국제,미주,미국,SFO,도착,정기,화물,3 ,0 ,0 ,0 ,264586 ,0 ,0 ,0 
2026년,05월,CKS,K4,칼리타항공,국제,대양주,하와이,HNL,출발,정기,화물,1 ,0 ,0 ,0 ,0 ,0 ,0 ,0 
2026년,05월,CLX,CV,카고룩스항공,국제,일본,일본,NRT,도착,정기,화물,0 ,0 ,0 ,0 ,0 ,0 ,0 ,0 
2026년,05월,CLX,CV,카고룩스항공,국제,동북아,대만,TPE,출발,정기,화물,0 ,0 ,0 ,0 ,0 ,0 ,0 ,0 
2026년,05월,CLX,CV,카고룩스항공,국제,유럽,룩셈부르크,LUX,도착,정기,화물,13 ,0 ,0 ,0 ,563158 ,0 ,0 ,0 
2026년,05월,CLX,CV,카고룩스항공,국제,유럽,룩셈부르크,LUX,출발,정기,화물,13 ,0 ,0 ,0 ,983821 ,339 ,0 ,0 
2026년,05월,CLX,CV,카고룩스항공,국제,유럽,아제르바이잔,GYD,출발,정기,화물,0 ,0 ,0 ,0 ,119910 ,0 ,0 ,0 
2026년,05월,CPA,CX,캐세이퍼시픽항공,국제,일본,일본,KIX,도착,정기,화물,0 ,0 ,0 ,0 ,0 ,0 ,0 ,0 
2026년,05월,CPA,CX,캐세이퍼시픽항공,국제,일본,일본,KIX,출발,정기,화물,0 ,0 ,0 ,0 ,0 ,0 ,0 ,0 
2026년,05월,CPA,CX,캐세이퍼시픽항공,국제,동북아,홍콩,HKG,도착,정기,화물,11 ,0 ,0 ,0 ,501283 ,950 ,0 ,0 
2026년,05월,CPA,CX,캐세이퍼시픽항공,국제,동북아,홍콩,HKG,도착,정기,여객,144 ,32592 ,108 ,350 ,767648 ,0 ,40572 ,432865 
2026년,05월,CPA,CX,캐세이퍼시픽항공,국제,동북아,홍콩,HKG,출발,정기,화물,12 ,0 ,0 ,0 ,274531 ,0 ,0 ,0 
2026년,05월,CPA,CX,캐세이퍼시픽항공,국제,동북아,홍콩,HKG,출발,정기,여객,144 ,32013 ,103 ,443 ,526730 ,0 ,84402 ,561072 
2026년,05월,CQH,9C,춘추항공,국제,중국,중국,PVG,도착,정기,여객,18 ,3042 ,1 ,0 ,16730 ,0 ,1336 ,26657 
2026년,05월,CQH,9C,춘추항공,국제,중국,중국,PVG,출발,정기,여객,18 ,3012 ,3 ,7 ,3494 ,0 ,3309 ,31397 
2026년,05월,CQH,9C,춘추항공,국제,중국,중국,SJW,도착,정기,여객,9 ,1471 ,2 ,0 ,0 ,0 ,0 ,11398 
2026년,05월,CQH,9C,춘추항공,국제,중국,중국,SJW,출발,정기,여객,9 ,1405 ,3 ,2 ,0 ,0 ,0 ,15236 
2026년,05월,CQH,9C,춘추항공,국제,중국,중국,YTY,도착,정기,여객,9 ,1496 ,2 ,0 ,0 ,0 ,0 ,13322 
2026년,05월,CQH,9C,춘추항공,국제,중국,중국,YTY,출발,정기,여객,9 ,1389 ,2 ,0 ,0 ,0 ,0 ,17390 
2026년,05월,CRK,HX,홍콩항공,국제,동북아,홍콩,HKG,도착,정기,여객,40 ,6985 ,9 ,24 ,33264 ,779 ,352 ,77455 
2026년,05월,CRK,HX,홍콩항공,국제,동북아,홍콩,HKG,출발,정기,여객,40 ,6252 ,9 ,13 ,24402 ,0 ,0 ,92302 
2026년,05월,CSC,3U,사천항공,국제,중국,중국,DYG,도착,정기,여객,31 ,5574 ,1 ,0 ,674 ,0 ,0 ,69363 
2026년,05월,CSC,3U,사천항공,국제,중국,중국,DYG,출발,정기,여객,31 ,5512 ,1 ,0 ,0 ,0 ,0 ,54962 
2026년,05월,CSC,3U,사천항공,국제,중국,중국,TFU,도착,정기,여객,13 ,2234 ,5 ,0 ,7256 ,0 ,0 ,27092 
2026년,05월,CSC,3U,사천항공,국제,중국,중국,TFU,출발,정기,여객,13 ,2262 ,3 ,0 ,13807 ,0 ,0 ,30091 
2026년,05월,CSH,FM,상하이 항공,국제,중국,중국,PVG,도착,정기,여객,31 ,4588 ,19 ,19 ,24820 ,0 ,0 ,54734 
2026년,05월,CSH,FM,상하이 항공,국제,중국,중국,PVG,출발,정기,여객,31 ,5000 ,8 ,65 ,414 ,0 ,0 ,79292 
2026년,05월,CSN,CZ,중국남방항공,국제,중국,중국,CAN,도착,정기,여객,93 ,18463 ,87 ,123 ,611340 ,0 ,12243 ,288493 
2026년,05월,CSN,CZ,중국남방항공,국제,중국,중국,CAN,출발,정기,여객,93 ,16758 ,92 ,352 ,91261 ,0 ,5142 ,301188 
2026년,05월,CSN,CZ,중국남방항공,국제,중국,중국,CGO,도착,정기,여객,18 ,2116 ,4 ,0 ,7428 ,0 ,0 ,21671 
2026년,05월,CSN,CZ,중국남방항공,국제,중국,중국,CGO,출발,정기,여객,18 ,2190 ,5 ,23 ,222 ,0 ,0 ,30324 
2026년,05월,CSN,CZ,중국남방항공,국제,중국,중국,CGQ,도착,정기,여객,37 ,3797 ,15 ,33 ,4781 ,0 ,2040 ,47961 
2026년,05월,CSN,CZ,중국남방항공,국제,중국,중국,CGQ,출발,정기,여객,37 ,4946 ,25 ,58 ,884 ,0 ,4672 ,66032 
2026년,05월,CSN,CZ,중국남방항공,국제,중국,중국,CSX,도착,정기,여객,9 ,898 ,1 ,2 ,5317 ,0 ,0 ,9702 
2026년,05월,CSN,CZ,중국남방항공,국제,중국,중국,CSX,출발,정기,여객,9 ,937 ,3 ,2 ,323 ,0 ,0 ,10567 
2026년,05월,CSN,CZ,중국남방항공,국제,중국,중국,DLC,도착,정기,여객,85 ,10969 ,32 ,39 ,93823 ,0 ,115 ,134143 
2026년,05월,CSN,CZ,중국남방항공,국제,중국,중국,DLC,출발,정기,여객,85 ,11540 ,33 ,206 ,35464 ,0 ,5401 ,132512 
2026년,05월,CSN,CZ,중국남방항공,국제,중국,중국,HRB,도착,정기,여객,41 ,4359 ,22 ,5 ,985 ,0 ,198 ,54834 
2026년,05월,CSN,CZ,중국남방항공,국제,중국,중국,HRB,출발,정기,여객,41 ,4106 ,17 ,63 ,0 ,0 ,5999 ,56373 
2026년,05월,CSN,CZ,중국남방항공,국제,중국,중국,PKX,도착,정기,여객,31 ,5915 ,10 ,2 ,150198 ,0 ,0 ,128073 
2026년,05월,CSN,CZ,중국남방항공,국제,중국,중국,PKX,출발,정기,여객,31 ,6066 ,14 ,74 ,41054 ,0 ,0 ,125589 
2026년,05월,CSN,CZ,중국남방항공,국제,중국,중국,PVG,도착,정기,여객,62 ,10685 ,12 ,8 ,305602 ,0 ,0 ,117664 
2026년,05월,CSN,CZ,중국남방항공,국제,중국,중국,PVG,출발,정기,여객,62 ,11332 ,19 ,169 ,155581 ,0 ,3931 ,131694 
2026년,05월,CSN,CZ,중국남방항공,국제,중국,중국,SHE,도착,정기,여객,72 ,8860 ,29 ,68 ,62433 ,0 ,3162 ,109750 
2026년,05월,CSN,CZ,중국남방항공,국제,중국,중국,SHE,출발,정기,여객,72 ,9745 ,41 ,224 ,20850 ,0 ,0 ,131907 
2026년,05월,CSN,CZ,중국남방항공,국제,중국,중국,SZX,도착,정기,여객,31 ,4508 ,3 ,10 ,77871 ,0 ,0 ,43354 
2026년,05월,CSN,CZ,중국남방항공,국제,중국,중국,SZX,출발,정기,여객,31 ,4547 ,6 ,2 ,6830 ,0 ,0 ,58834 
2026년,05월,CSN,CZ,중국남방항공,국제,중국,중국,WUH,도착,정기,여객,12 ,1724 ,0 ,11 ,1202 ,0 ,0 ,17860 
2026년,05월,CSN,CZ,중국남방항공,국제,중국,중국,WUH,출발,정기,여객,12 ,1595 ,2 ,4 ,470 ,0 ,0 ,21922 
2026년,05월,CSN,CZ,중국남방항공,국제,중국,중국,YNJ,도착,정기,여객,31 ,4648 ,24 ,19 ,0 ,0 ,6405 ,70670 
2026년,05월,CSN,CZ,중국남방항공,국제,중국,중국,YNJ,출발,정기,여객,31 ,4509 ,18 ,7 ,0 ,0 ,9784 ,55553 
2026년,05월,CSS,O3,슌펑(순풍) 항공,국제,중국,중국,EHU,도착,정기,화물,20 ,0 ,0 ,0 ,418994 ,0 ,0 ,0 
2026년,05월,CSS,O3,슌펑(순풍) 항공,국제,중국,중국,EHU,도착,부정기,화물,1 ,0 ,0 ,0 ,20321 ,0 ,0 ,0 
2026년,05월,CSS,O3,슌펑(순풍) 항공,국제,중국,중국,EHU,출발,정기,화물,19 ,0 ,0 ,0 ,199269 ,0 ,0 ,0 
2026년,05월,CSS,O3,슌펑(순풍) 항공,국제,중국,중국,EHU,출발,부정기,화물,1 ,0 ,0 ,0 ,5517 ,0 ,0 ,0 
2026년,05월,CSS,O3,슌펑(순풍) 항공,국제,중국,중국,YNT,도착,정기,화물,19 ,0 ,0 ,0 ,323000 ,0 ,0 ,0 
2026년,05월,CSS,O3,슌펑(순풍) 항공,국제,중국,중국,YNT,출발,정기,화물,19 ,0 ,0 ,0 ,82194 ,0 ,0 ,0 
2026년,05월,CSZ,ZH,심천항공,국제,중국,중국,SZX,도착,정기,여객,55 ,7937 ,11 ,68 ,78503 ,0 ,0 ,81232 
2026년,05월,CSZ,ZH,심천항공,국제,중국,중국,SZX,출발,정기,여객,55 ,7483 ,14 ,75 ,8682 ,0 ,0 ,99283 
2026년,05월,CSZ,ZH,심천항공,국제,중국,중국,WUX,도착,정기,여객,14 ,2094 ,11 ,0 ,15858 ,0 ,0 ,21855 
2026년,05월,CSZ,ZH,심천항공,국제,중국,중국,WUX,출발,정기,여객,14 ,1976 ,11 ,2 ,0 ,0 ,0 ,24664 
2026년,05월,CXA,MF,중국하문항공,국제,중국,중국,FOC,도착,정기,여객,31 ,3664 ,10 ,52 ,6810 ,0 ,0 ,42387 
2026년,05월,CXA,MF,중국하문항공,국제,중국,중국,FOC,출발,정기,여객,31 ,4617 ,13 ,243 ,0 ,0 ,0 ,71378 
2026년,05월,CXA,MF,중국하문항공,국제,중국,중국,XMN,도착,정기,여객,31 ,4985 ,10 ,60 ,82053 ,0 ,0 ,59739 
2026년,05월,CXA,MF,중국하문항공,국제,중국,중국,XMN,출발,정기,여객,31 ,5253 ,8 ,18 ,31791 ,0 ,0 ,73265 
2026년,05월,CYZ,CF,중국우정항공,국제,중국,중국,CGO,도착,정기,화물,13 ,0 ,0 ,0 ,204012 ,0 ,3521 ,0 
2026년,05월,CYZ,CF,중국우정항공,국제,중국,중국,CGO,출발,정기,화물,13 ,0 ,0 ,0 ,92407 ,0 ,2707 ,0 
2026년,05월,CYZ,CF,중국우정항공,국제,중국,중국,XIY,도착,정기,화물,11 ,0 ,0 ,0 ,144201 ,0 ,57 ,0 
2026년,05월,CYZ,CF,중국우정항공,국제,중국,중국,XIY,출발,정기,화물,11 ,0 ,0 ,0 ,110916 ,0 ,0 ,0 
2026년,05월,DAL,DL,델타항공,국제,미주,미국,ATL,도착,정기,여객,61 ,9281 ,80 ,7110 ,91122 ,0 ,1366 ,424360 
2026년,05월,DAL,DL,델타항공,국제,미주,미국,ATL,출발,정기,여객,62 ,8508 ,55 ,7092 ,692759 ,0 ,0 ,454220 
2026년,05월,DAL,DL,델타항공,국제,미주,미국,ATL,출발,부정기,화물,4 ,0 ,0 ,0 ,39135 ,0 ,0 ,0 
2026년,05월,DAL,DL,델타항공,국제,미주,미국,DTW,도착,정기,여객,31 ,4690 ,38 ,3468 ,91157 ,0 ,0 ,207860 
2026년,05월,DAL,DL,델타항공,국제,미주,미국,DTW,출발,정기,여객,31 ,4027 ,21 ,4070 ,377263 ,0 ,0 ,221360 
2026년,05월,DAL,DL,델타항공,국제,미주,미국,MSP,도착,정기,여객,31 ,4273 ,33 ,3684 ,99030 ,0 ,0 ,203380 
2026년,05월,DAL,DL,델타항공,국제,미주,미국,MSP,출발,정기,여객,31 ,3465 ,25 ,4046 ,397684 ,0 ,0 ,207340 
2026년,05월,DAL,DL,델타항공,국제,미주,미국,SEA,도착,정기,여객,32 ,5343 ,55 ,3731 ,56153 ,0 ,611 ,213040 
2026년,05월,DAL,DL,델타항공,국제,미주,미국,SEA,출발,정기,여객,31 ,4320 ,31 ,2942 ,363632 ,0 ,0 ,200080 
2026년,05월,DAL,DL,델타항공,국제,미주,미국,SEA,출발,부정기,화물,0 ,0 ,0 ,0 ,19591 ,0 ,0 ,0 
2026년,05월,DAL,DL,델타항공,국제,미주,미국,SLC,도착,정기,여객,30 ,5185 ,57 ,3431 ,44615 ,0 ,0 ,204700 
2026년,05월,DAL,DL,델타항공,국제,미주,미국,SLC,출발,정기,여객,30 ,3997 ,35 ,3334 ,429304 ,0 ,0 ,195680 
2026년,05월,DLH,LH,루프트한자항공,국제,유럽,독일,FRA,도착,정기,여객,31 ,8243 ,43 ,103 ,247484 ,0 ,19738 ,135211 
2026년,05월,DLH,LH,루프트한자항공,국제,유럽,독일,FRA,출발,정기,여객,31 ,8750 ,39 ,64 ,241950 ,0 ,5222 ,168369 
2026년,05월,DLH,LH,루프트한자항공,국제,유럽,독일,MUC,도착,정기,여객,30 ,7963 ,36 ,118 ,247864 ,0 ,121 ,129132 
2026년,05월,DLH,LH,루프트한자항공,국제,유럽,독일,MUC,출발,정기,여객,30 ,8370 ,42 ,62 ,301892 ,0 ,0 ,152229 
2026년,05월,EOK,RF,에어로케이,국제,일본,일본,IBR,도착,정기,여객,10 ,895 ,5 ,0 ,0 ,0 ,0 ,8546 
2026년,05월,EOK,RF,에어로케이,국제,일본,일본,IBR,출발,정기,여객,10 ,918 ,8 ,0 ,0 ,0 ,0 ,9935 
2026년,05월,EOK,RF,에어로케이,국제,일본,일본,KIX,도착,정기,여객,62 ,8388 ,22 ,0 ,0 ,0 ,0 ,68363 
2026년,05월,EOK,RF,에어로케이,국제,일본,일본,KIX,출발,정기,여객,62 ,8815 ,16 ,6 ,0 ,0 ,0 ,63577 
2026년,05월,EOK,RF,에어로케이,국제,중국,중국,TNA,도착,정기,여객,2 ,349 ,0 ,0 ,0 ,0 ,0 ,3097 
2026년,05월,EOK,RF,에어로케이,국제,중국,중국,TNA,출발,정기,여객,2 ,348 ,0 ,0 ,0 ,0 ,0 ,3060 
2026년,05월,EOK,RF,에어로케이,국제,동북아,대만,HUN,도착,부정기,여객,9 ,921 ,7 ,0 ,0 ,0 ,0 ,8264 
2026년,05월,EOK,RF,에어로케이,국제,동북아,대만,HUN,출발,부정기,여객,9 ,817 ,6 ,0 ,0 ,0 ,0 ,10325 
2026년,05월,ESR,ZE,이스타 항공,국내,한국,한국,CJU,도착,부정기,여객,1 ,19 ,0 ,0 ,0 ,0 ,0 ,11 
2026년,05월,ESR,ZE,이스타 항공,국제,일본,일본,CTS,도착,정기,여객,31 ,5475 ,24 ,0 ,0 ,0 ,0 ,55416 
2026년,05월,ESR,ZE,이스타 항공,국제,일본,일본,CTS,출발,정기,여객,31 ,5663 ,22 ,0 ,0 ,0 ,0 ,46122 
2026년,05월,ESR,ZE,이스타 항공,국제,일본,일본,FUK,도착,정기,여객,93 ,16608 ,142 ,0 ,0 ,0 ,0 ,150735 
2026년,05월,ESR,ZE,이스타 항공,국제,일본,일본,FUK,도착,부정기,여객,15 ,2476 ,10 ,0 ,0 ,0 ,0 ,21898 
2026년,05월,ESR,ZE,이스타 항공,국제,일본,일본,FUK,출발,정기,여객,93 ,16663 ,139 ,10 ,0 ,0 ,0 ,115269 
2026년,05월,ESR,ZE,이스타 항공,국제,일본,일본,FUK,출발,부정기,여객,15 ,2703 ,11 ,7 ,0 ,0 ,0 ,13209 
2026년,05월,ESR,ZE,이스타 항공,국제,일본,일본,KIX,도착,정기,여객,62 ,10649 ,28 ,0 ,0 ,0 ,0 ,95012 
2026년,05월,ESR,ZE,이스타 항공,국제,일본,일본,KIX,출발,정기,여객,62 ,10453 ,24 ,36 ,6236 ,0 ,0 ,85194 
2026년,05월,ESR,ZE,이스타 항공,국제,일본,일본,NRT,도착,정기,여객,124 ,21540 ,28 ,2 ,2551 ,8692 ,0 ,189359 
2026년,05월,ESR,ZE,이스타 항공,국제,일본,일본,NRT,출발,정기,여객,124 ,22592 ,36 ,32 ,22193 ,103391 ,0 ,184245 
2026년,05월,ESR,ZE,이스타 항공,국제,일본,일본,OKA,도착,정기,여객,31 ,5281 ,152 ,0 ,0 ,0 ,0 ,54035 
2026년,05월,ESR,ZE,이스타 항공,국제,일본,일본,OKA,출발,정기,여객,31 ,4988 ,139 ,1 ,0 ,0 ,0 ,38657 
2026년,05월,ESR,ZE,이스타 항공,국제,일본,일본,TKS,도착,정기,여객,13 ,1932 ,6 ,1 ,0 ,0 ,0 ,18281 
2026년,05월,ESR,ZE,이스타 항공,국제,일본,일본,TKS,출발,정기,여객,13 ,2016 ,9 ,1 ,0 ,0 ,0 ,15644 
2026년,05월,ESR,ZE,이스타 항공,국제,중국,중국,CGO,도착,정기,여객,18 ,2672 ,5 ,0 ,17532 ,0 ,0 ,23800 
2026년,05월,ESR,ZE,이스타 항공,국제,중국,중국,CGO,출발,정기,여객,18 ,2750 ,1 ,2 ,0 ,0 ,0 ,25407 
2026년,05월,ESR,ZE,이스타 항공,국제,중국,중국,PVG,도착,정기,여객,31 ,5328 ,5 ,0 ,17219 ,0 ,0 ,44963 
2026년,05월,ESR,ZE,이스타 항공,국제,중국,중국,PVG,출발,정기,여객,31 ,5459 ,5 ,20 ,24382 ,0 ,60 ,50039 
2026년,05월,ESR,ZE,이스타 항공,국제,중국,중국,TXN,도착,부정기,여객,9 ,1161 ,1 ,0 ,0 ,0 ,0 ,13744 
2026년,05월,ESR,ZE,이스타 항공,국제,중국,중국,TXN,출발,부정기,여객,9 ,991 ,1 ,0 ,0 ,0 ,0 ,8724 
2026년,05월,ESR,ZE,이스타 항공,국제,중국,중국,YNT,도착,정기,여객,31 ,4098 ,6 ,42 ,57598 ,0 ,0 ,46761 
2026년,05월,ESR,ZE,이스타 항공,국제,중국,중국,YNT,도착,부정기,여객,5 ,730 ,1 ,2 ,3223 ,0 ,0 ,6114 
2026년,05월,ESR,ZE,이스타 항공,국제,중국,중국,YNT,출발,정기,여객,31 ,4141 ,5 ,13 ,16513 ,619 ,0 ,41656 
2026년,05월,ESR,ZE,이스타 항공,국제,중국,중국,YNT,출발,부정기,여객,5 ,663 ,3 ,0 ,0 ,0 ,0 ,5299 
2026년,05월,ESR,ZE,이스타 항공,국제,동북아,대만,TPE,도착,정기,여객,18 ,3200 ,6 ,1 ,1094 ,6694 ,0 ,28430 
2026년,05월,ESR,ZE,이스타 항공,국제,동북아,대만,TPE,출발,정기,여객,18 ,2912 ,4 ,0 ,20599 ,0 ,0 ,17029 
2026년,05월,ESR,ZE,이스타 항공,국제,동북아,홍콩,HKG,도착,정기,여객,31 ,4891 ,0 ,0 ,2651 ,0 ,0 ,41729 
2026년,05월,ESR,ZE,이스타 항공,국제,동북아,홍콩,HKG,출발,정기,여객,31 ,5130 ,3 ,1 ,24571 ,0 ,0 ,59522 
2026년,05월,ESR,ZE,이스타 항공,국제,동남아,베트남,CXR,도착,정기,여객,31 ,5511 ,38 ,0 ,0 ,0 ,0 ,62444 
2026년,05월,ESR,ZE,이스타 항공,국제,동남아,베트남,CXR,출발,정기,여객,31 ,5054 ,27 ,1 ,0 ,0 ,0 ,40204 
2026년,05월,ESR,ZE,이스타 항공,국제,동남아,베트남,DAD,도착,정기,여객,16 ,2899 ,6 ,0 ,11606 ,0 ,0 ,30266 
2026년,05월,ESR,ZE,이스타 항공,국제,동남아,베트남,DAD,출발,정기,여객,16 ,2444 ,9 ,7 ,746 ,0 ,0 ,18603 
2026년,05월,ESR,ZE,이스타 항공,국제,동남아,베트남,PQC,도착,정기,여객,5 ,788 ,8 ,0 ,0 ,0 ,0 ,8188 
2026년,05월,ESR,ZE,이스타 항공,국제,동남아,베트남,PQC,출발,정기,여객,4 ,341 ,2 ,2 ,0 ,0 ,0 ,3007 
2026년,05월,ESR,ZE,이스타 항공,국제,동남아,인도네시아,MDC,도착,부정기,여객,21 ,3473 ,3 ,0 ,0 ,0 ,0 ,40519 
2026년,05월,ESR,ZE,이스타 항공,국제,동남아,인도네시아,MDC,출발,부정기,여객,21 ,3346 ,3 ,0 ,0 ,0 ,0 ,39711 
2026년,05월,ESR,ZE,이스타 항공,국제,동남아,태국,CNX,도착,정기,여객,18 ,3074 ,5 ,6 ,0 ,0 ,0 ,35371 
2026년,05월,ESR,ZE,이스타 항공,국제,동남아,태국,CNX,출발,정기,여객,18 ,2927 ,5 ,8 ,0 ,0 ,0 ,31020 
2026년,05월,ESR,ZE,이스타 항공,국제,유럽,카자흐스탄,ALA,도착,정기,여객,9 ,1197 ,1 ,24 ,0 ,0 ,0 ,12269 
2026년,05월,ESR,ZE,이스타 항공,국제,유럽,카자흐스탄,ALA,출발,정기,여객,9 ,1280 ,9 ,10 ,9070 ,0 ,0 ,15727 
2026년,05월,ETD,EY,에티하드 항공,국제,중동,아랍에미리트,AUH,도착,정기,여객,31 ,9647 ,56 ,223 ,266006 ,0 ,0 ,159319 
2026년,05월,ETD,EY,에티하드 항공,국제,중동,아랍에미리트,AUH,출발,정기,여객,31 ,8627 ,59 ,137 ,592258 ,937 ,0 ,179265 
2026년,05월,ETH,ET,에티오피아 항공,국제,일본,일본,NRT,도착,정기,여객,27 ,2307 ,4 ,8 ,41394 ,0 ,0 ,28134 
2026년,05월,ETH,ET,에티오피아 항공,국제,일본,일본,NRT,출발,정기,여객,27 ,2365 ,7 ,13 ,31814 ,0 ,0 ,26300 
2026년,05월,ETH,ET,에티오피아 항공,국제,동북아,홍콩,HKG,출발,정기,화물,0 ,0 ,0 ,0 ,206959 ,0 ,0 ,0 
2026년,05월,ETH,ET,에티오피아 항공,국제,유럽,노르웨이,OSL,도착,정기,화물,0 ,0 ,0 ,0 ,1011035 ,0 ,0 ,0 
2026년,05월,ETH,ET,에티오피아 항공,국제,기타,에티오피아,ADD,도착,정기,화물,11 ,0 ,0 ,0 ,0 ,0 ,0 ,0 
2026년,05월,ETH,ET,에티오피아 항공,국제,기타,에티오피아,ADD,도착,정기,여객,27 ,3314 ,10 ,277 ,5617 ,0 ,4104 ,87236 
2026년,05월,ETH,ET,에티오피아 항공,국제,기타,에티오피아,ADD,출발,정기,화물,11 ,0 ,0 ,0 ,0 ,0 ,0 ,0 
2026년,05월,ETH,ET,에티오피아 항공,국제,기타,에티오피아,ADD,출발,정기,여객,27 ,3109 ,8 ,339 ,111920 ,0 ,0 ,122733 
2026년,05월,EVA,BR,에바항공,국제,동북아,대만,KHH,도착,정기,여객,31 ,4506 ,28 ,56 ,5736 ,0 ,0 ,54407 
2026년,05월,EVA,BR,에바항공,국제,동북아,대만,KHH,출발,정기,여객,31 ,4537 ,19 ,51 ,937 ,0 ,0 ,79819 
2026년,05월,EVA,BR,에바항공,국제,동북아,대만,TPE,도착,정기,여객,62 ,15381 ,84 ,320 ,803459 ,0 ,7042 ,197850 
2026년,05월,EVA,BR,에바항공,국제,동북아,대만,TPE,도착,부정기,여객,18 ,3132 ,19 ,63 ,5629 ,0 ,0 ,36631 
2026년,05월,EVA,BR,에바항공,국제,동북아,대만,TPE,출발,정기,여객,62 ,15095 ,82 ,262 ,419944 ,0 ,0 ,264402 
2026년,05월,EVA,BR,에바항공,국제,동북아,대만,TPE,출발,부정기,여객,18 ,2907 ,15 ,57 ,2575 ,0 ,0 ,47451 
2026년,05월,FDX,FX,FedEX항공,국제,일본,일본,KIX,도착,정기,화물,0 ,0 ,0 ,0 ,0 ,17229 ,0 ,0 
2026년,05월,FDX,FX,FedEX항공,국제,일본,일본,KIX,출발,정기,화물,0 ,0 ,0 ,0 ,667344 ,97853 ,0 ,0 
2026년,05월,FDX,FX,FedEX항공,국제,일본,일본,NRT,도착,정기,화물,0 ,0 ,0 ,0 ,241060 ,395966 ,0 ,0 
2026년,05월,FDX,FX,FedEX항공,국제,일본,일본,NRT,도착,부정기,화물,0 ,0 ,0 ,0 ,0 ,0 ,0 ,0 
2026년,05월,FDX,FX,FedEX항공,국제,중국,중국,CAN,도착,정기,화물,0 ,0 ,0 ,0 ,893505 ,432467 ,0 ,0 
2026년,05월,FDX,FX,FedEX항공,국제,중국,중국,CAN,출발,정기,화물,0 ,0 ,0 ,0 ,1093579 ,150051 ,0 ,0 
2026년,05월,FDX,FX,FedEX항공,국제,중국,중국,CAN,출발,부정기,화물,1 ,0 ,0 ,0 ,300 ,22833 ,0 ,0 
2026년,05월,FDX,FX,FedEX항공,국제,중국,중국,PEK,도착,정기,화물,0 ,0 ,0 ,0 ,161611 ,231934 ,0 ,0 
2026년,05월,FDX,FX,FedEX항공,국제,중국,중국,PEK,출발,정기,화물,0 ,0 ,0 ,0 ,1600 ,78376 ,0 ,0 
2026년,05월,FDX,FX,FedEX항공,국제,중국,중국,PVG,출발,정기,화물,0 ,0 ,0 ,0 ,127801 ,4567 ,0 ,0 
2026년,05월,FDX,FX,FedEX항공,국제,중국,중국,SZX,출발,정기,화물,0 ,0 ,0 ,0 ,75840 ,71875 ,0 ,0 
2026년,05월,FDX,FX,FedEX항공,국제,중국,중국,XMN,도착,정기,화물,0 ,0 ,0 ,0 ,52602 ,25019 ,0 ,0 
2026년,05월,FDX,FX,FedEX항공,국제,동북아,대만,TPE,도착,정기,화물,0 ,0 ,0 ,0 ,84852 ,222199 ,0 ,0 
2026년,05월,FDX,FX,FedEX항공,국제,동북아,대만,TPE,출발,정기,화물,0 ,0 ,0 ,0 ,732859 ,34381 ,0 ,0 
2026년,05월,FDX,FX,FedEX항공,국제,동북아,홍콩,HKG,출발,정기,화물,0 ,0 ,0 ,0 ,104510 ,116737 ,0 ,0 
2026년,05월,FDX,FX,FedEX항공,국제,동남아,베트남,HAN,출발,정기,화물,0 ,0 ,0 ,0 ,0 ,5981 ,0 ,0 
2026년,05월,FDX,FX,FedEX항공,국제,동남아,필리핀,CRK,도착,정기,화물,0 ,0 ,0 ,0 ,0 ,0 ,0 ,0 
2026년,05월,FDX,FX,FedEX항공,국제,미주,미국,ANC,도착,정기,화물,102 ,0 ,0 ,0 ,482984 ,89066 ,0 ,0 
2026년,05월,FDX,FX,FedEX항공,국제,미주,미국,ANC,도착,부정기,화물,1 ,0 ,0 ,0 ,0 ,0 ,0 ,0 
2026년,05월,FDX,FX,FedEX항공,국제,미주,미국,ANC,출발,정기,화물,68 ,0 ,0 ,0 ,655044 ,122665 ,0 ,0 
2026년,05월,FDX,FX,FedEX항공,국제,미주,미국,IND,도착,정기,화물,20 ,0 ,0 ,0 ,0 ,0 ,0 ,0 
2026년,05월,FDX,FX,FedEX항공,국제,미주,미국,IND,출발,정기,화물,39 ,0 ,0 ,0 ,0 ,0 ,0 ,0 
2026년,05월,FDX,FX,FedEX항공,국제,미주,미국,MEM,도착,정기,화물,53 ,0 ,0 ,0 ,183872 ,4119 ,0 ,0 
2026년,05월,FDX,FX,FedEX항공,국제,미주,미국,MEM,출발,정기,화물,55 ,0 ,0 ,0 ,28477 ,0 ,0 ,0 
2026년,05월,FDX,FX,FedEX항공,국제,미주,미국,OAK,도착,정기,화물,5 ,0 ,0 ,0 ,0 ,0 ,0 ,0 
2026년,05월,FDX,FX,FedEX항공,국제,미주,미국,OAK,출발,정기,화물,17 ,0 ,0 ,0 ,0 ,0 ,0 ,0 
2026년,05월,FIN,AY,핀에어,국제,유럽,핀란드,HEL,도착,정기,여객,31 ,7441 ,26 ,96 ,687322 ,0 ,1079 ,119604 
2026년,05월,FIN,AY,핀에어,국제,유럽,핀란드,HEL,출발,정기,여객,31 ,8374 ,38 ,206 ,453755 ,0 ,0 ,152712 
2026년,05월,GCR,GS,톈진(천진) 에어라인,국제,중국,중국,TSN,도착,정기,여객,27 ,2821 ,3 ,4 ,0 ,0 ,0 ,28999 
2026년,05월,GCR,GS,톈진(천진) 에어라인,국제,중국,중국,TSN,출발,정기,여객,27 ,3027 ,3 ,8 ,0 ,0 ,0 ,39565 
2026년,05월,GEC,LH,루프트한자항공,국제,일본,일본,NRT,도착,정기,화물,0 ,0 ,0 ,0 ,0 ,0 ,0 ,0 
2026년,05월,GEC,LH,루프트한자항공,국제,유럽,독일,FRA,도착,정기,화물,23 ,0 ,0 ,0 ,257449 ,0 ,9051 ,0 
2026년,05월,GEC,LH,루프트한자항공,국제,유럽,독일,FRA,출발,정기,화물,22 ,0 ,0 ,0 ,722780 ,578 ,8289 ,0 
2026년,05월,GIA,GA,가루다 인도네시아항공,국제,동남아,인도네시아,CGK,도착,정기,여객,30 ,5866 ,30 ,288 ,267664 ,0 ,420 ,103175 
2026년,05월,GIA,GA,가루다 인도네시아항공,국제,동남아,인도네시아,CGK,출발,정기,여객,30 ,5843 ,20 ,189 ,298181 ,0 ,0 ,130263 
2026년,05월,GTI,5Y,아틀라스항공,국제,일본,일본,NRT,도착,정기,화물,0 ,0 ,0 ,0 ,0 ,0 ,0 ,0 
2026년,05월,GTI,5Y,아틀라스항공,국제,일본,일본,NRT,출발,부정기,화물,0 ,0 ,0 ,0 ,0 ,0 ,0 ,0 
2026년,05월,GTI,5Y,아틀라스항공,국제,중국,중국,CGO,출발,부정기,화물,0 ,0 ,0 ,0 ,0 ,0 ,0 ,0 
2026년,05월,GTI,5Y,아틀라스항공,국제,중국,중국,CKG,출발,정기,화물,0 ,0 ,0 ,0 ,42136 ,0 ,0 ,0 
2026년,05월,GTI,5Y,아틀라스항공,국제,중국,중국,EHU,출발,정기,화물,0 ,0 ,0 ,0 ,0 ,0 ,0 ,0 
2026년,05월,GTI,5Y,아틀라스항공,국제,중국,중국,EHU,출발,부정기,화물,0 ,0 ,0 ,0 ,0 ,0 ,0 ,0 
2026년,05월,GTI,5Y,아틀라스항공,국제,중국,중국,PVG,도착,정기,화물,1 ,0 ,0 ,0 ,0 ,0 ,0 ,0 
2026년,05월,GTI,5Y,아틀라스항공,국제,중국,중국,PVG,출발,정기,화물,0 ,0 ,0 ,0 ,0 ,0 ,0 ,0 
2026년,05월,GTI,5Y,아틀라스항공,국제,중국,중국,PVG,출발,부정기,화물,0 ,0 ,0 ,0 ,0 ,0 ,0 ,0 
2026년,05월,GTI,5Y,아틀라스항공,국제,중국,중국,SZX,출발,정기,화물,0 ,0 ,0 ,0 ,0 ,0 ,0 ,0 
2026년,05월,GTI,5Y,아틀라스항공,국제,중국,중국,SZX,출발,부정기,화물,0 ,0 ,0 ,0 ,0 ,0 ,0 ,0 
2026년,05월,GTI,5Y,아틀라스항공,국제,중국,중국,XMN,출발,정기,화물,0 ,0 ,0 ,0 ,0 ,0 ,0 ,0 
2026년,05월,GTI,5Y,아틀라스항공,국제,중국,중국,XMN,출발,부정기,화물,0 ,0 ,0 ,0 ,0 ,0 ,0 ,0 
2026년,05월,GTI,5Y,아틀라스항공,국제,동북아,대만,TPE,출발,정기,화물,0 ,0 ,0 ,0 ,544864 ,0 ,0 ,0 
2026년,05월,GTI,5Y,아틀라스항공,국제,동북아,대만,TPE,출발,부정기,화물,0 ,0 ,0 ,0 ,150846 ,0 ,0 ,0 
2026년,05월,GTI,5Y,아틀라스항공,국제,동북아,홍콩,HKG,도착,정기,화물,1 ,0 ,0 ,0 ,39124 ,0 ,0 ,0 
2026년,05월,GTI,5Y,아틀라스항공,국제,동북아,홍콩,HKG,출발,정기,화물,0 ,0 ,0 ,0 ,9057 ,0 ,0 ,0 
2026년,05월,GTI,5Y,아틀라스항공,국제,동북아,홍콩,HKG,출발,부정기,화물,0 ,0 ,0 ,0 ,0 ,0 ,0 ,0 
2026년,05월,GTI,5Y,아틀라스항공,국제,동남아,베트남,HAN,출발,정기,화물,0 ,0 ,0 ,0 ,393420 ,0 ,0 ,0 
2026년,05월,GTI,5Y,아틀라스항공,국제,동남아,베트남,HAN,출발,부정기,화물,0 ,0 ,0 ,0 ,237196 ,0 ,0 ,0 
2026년,05월,GTI,5Y,아틀라스항공,국제,동남아,싱가포르,SIN,출발,부정기,화물,0 ,0 ,0 ,0 ,208828 ,0 ,0 ,0 
2026년,05월,GTI,5Y,아틀라스항공,국제,미주,멕시코,NLU,출발,부정기,화물,2 ,0 ,0 ,0 ,0 ,0 ,0 ,0 
2026년,05월,GTI,5Y,아틀라스항공,국제,미주,미국,ANC,도착,정기,화물,0 ,0 ,0 ,0 ,0 ,0 ,0 ,0 
2026년,05월,GTI,5Y,아틀라스항공,국제,미주,미국,ANC,출발,정기,화물,0 ,0 ,0 ,0 ,0 ,0 ,0 ,0 
2026년,05월,GTI,5Y,아틀라스항공,국제,미주,미국,ANC,출발,부정기,화물,1 ,0 ,0 ,0 ,0 ,0 ,0 ,0 
2026년,05월,GTI,5Y,아틀라스항공,국제,미주,미국,ATL,출발,정기,화물,4 ,0 ,0 ,0 ,0 ,0 ,0 ,0 
2026년,05월,GTI,5Y,아틀라스항공,국제,미주,미국,CVG,출발,정기,화물,5 ,0 ,0 ,0 ,0 ,0 ,0 ,0 
2026년,05월,GTI,5Y,아틀라스항공,국제,미주,미국,DFW,도착,정기,화물,4 ,0 ,0 ,0 ,375 ,0 ,0 ,0 
2026년,05월,GTI,5Y,아틀라스항공,국제,미주,미국,DFW,도착,부정기,화물,9 ,0 ,0 ,0 ,13120 ,0 ,0 ,0 
2026년,05월,GTI,5Y,아틀라스항공,국제,미주,미국,DFW,출발,정기,화물,5 ,0 ,0 ,0 ,0 ,0 ,0 ,0 
2026년,05월,GTI,5Y,아틀라스항공,국제,미주,미국,JFK,도착,정기,화물,3 ,0 ,0 ,0 ,0 ,0 ,0 ,0 
2026년,05월,GTI,5Y,아틀라스항공,국제,미주,미국,JFK,도착,부정기,화물,1 ,0 ,0 ,0 ,0 ,0 ,0 ,0 
2026년,05월,GTI,5Y,아틀라스항공,국제,미주,미국,JFK,출발,정기,화물,4 ,0 ,0 ,0 ,0 ,0 ,0 ,0 
2026년,05월,GTI,5Y,아틀라스항공,국제,미주,미국,JFK,출발,부정기,화물,2 ,0 ,0 ,0 ,0 ,0 ,0 ,0 
2026년,05월,GTI,5Y,아틀라스항공,국제,미주,미국,LAX,도착,정기,화물,23 ,0 ,0 ,0 ,0 ,0 ,0 ,0 
2026년,05월,GTI,5Y,아틀라스항공,국제,미주,미국,LAX,도착,부정기,화물,5 ,0 ,0 ,0 ,0 ,0 ,0 ,0 
2026년,05월,GTI,5Y,아틀라스항공,국제,미주,미국,LAX,출발,정기,화물,21 ,0 ,0 ,0 ,169005 ,3250 ,0 ,0 
2026년,05월,GTI,5Y,아틀라스항공,국제,미주,미국,LAX,출발,부정기,화물,9 ,0 ,0 ,0 ,0 ,0 ,0 ,0 
2026년,05월,GTI,5Y,아틀라스항공,국제,미주,미국,MIA,도착,정기,화물,25 ,0 ,0 ,0 ,0 ,0 ,0 ,0 
2026년,05월,GTI,5Y,아틀라스항공,국제,미주,미국,MIA,출발,정기,화물,48 ,0 ,0 ,0 ,0 ,0 ,0 ,0 
2026년,05월,GTI,5Y,아틀라스항공,국제,미주,미국,MIA,출발,부정기,화물,10 ,0 ,0 ,0 ,0 ,0 ,0 ,0 
2026년,05월,GTI,5Y,아틀라스항공,국제,미주,미국,ORD,도착,정기,화물,54 ,0 ,0 ,0 ,712328 ,0 ,0 ,0 
2026년,05월,GTI,5Y,아틀라스항공,국제,미주,미국,ORD,도착,부정기,화물,29 ,0 ,0 ,0 ,139264 ,0 ,0 ,0 
2026년,05월,GTI,5Y,아틀라스항공,국제,미주,미국,ORD,출발,정기,화물,54 ,0 ,0 ,0 ,635545 ,4249 ,0 ,0 
2026년,05월,GTI,5Y,아틀라스항공,국제,미주,미국,ORD,출발,부정기,화물,60 ,0 ,0 ,0 ,352963 ,2638 ,0 ,0 
2026년,05월,GTI,5Y,아틀라스항공,국제,대양주,괌,GUM,도착,정기,화물,0 ,0 ,0 ,0 ,0 ,0 ,0 ,0 
2026년,05월,GTI,5Y,아틀라스항공,국제,대양주,하와이,HNL,도착,정기,화물,0 ,0 ,0 ,0 ,0 ,0 ,0 ,0 
2026년,05월,GTI,5Y,아틀라스항공,국제,유럽,네덜란드,AMS,도착,정기,화물,0 ,0 ,0 ,0 ,1166187 ,0 ,0 ,0 
2026년,05월,GTI,5Y,아틀라스항공,국제,유럽,네덜란드,AMS,출발,정기,화물,0 ,0 ,0 ,0 ,0 ,0 ,0 ,0 
2026년,05월,GTI,5Y,아틀라스항공,국제,유럽,네덜란드,MST,도착,정기,화물,0 ,0 ,0 ,0 ,0 ,0 ,0 ,0 
2026년,05월,GTI,5Y,아틀라스항공,국제,유럽,스페인,MAD,도착,정기,화물,0 ,0 ,0 ,0 ,0 ,0 ,0 ,0 
2026년,05월,GTI,5Y,아틀라스항공,국제,유럽,스페인,ZAZ,도착,정기,화물,0 ,0 ,0 ,0 ,51202 ,0 ,0 ,0 
2026년,05월,GTI,5Y,아틀라스항공,국제,유럽,스페인,ZAZ,출발,부정기,화물,0 ,0 ,0 ,0 ,0 ,0 ,0 ,0 
2026년,05월,GTI,5Y,아틀라스항공,국제,유럽,카자흐스탄,ALA,도착,정기,화물,0 ,0 ,0 ,0 ,0 ,0 ,0 ,0 
2026년,05월,GTI,5Y,아틀라스항공,국제,유럽,카자흐스탄,ALA,출발,정기,화물,0 ,0 ,0 ,0 ,0 ,0 ,0 ,0 
2026년,05월,GTI,5Y,아틀라스항공,국제,유럽,카자흐스탄,ALA,출발,부정기,화물,0 ,0 ,0 ,0 ,0 ,0 ,0 ,0 
2026년,05월,GTI,5Y,아틀라스항공,국제,중동,사우디아라비아,DMM,도착,정기,화물,0 ,0 ,0 ,0 ,0 ,0 ,0 ,0 
2026년,05월,HKE,UO,홍콩익스프레스,국제,동북아,홍콩,HKG,도착,정기,여객,45 ,8142 ,13 ,0 ,21706 ,0 ,0 ,59762 
2026년,05월,HKE,UO,홍콩익스프레스,국제,동북아,홍콩,HKG,도착,부정기,여객,110 ,18472 ,16 ,0 ,33670 ,0 ,0 ,138306 
2026년,05월,HKE,UO,홍콩익스프레스,국제,동북아,홍콩,HKG,출발,정기,여객,45 ,8036 ,13 ,8 ,3308 ,0 ,0 ,86975 
2026년,05월,HKE,UO,홍콩익스프레스,국제,동북아,홍콩,HKG,출발,부정기,여객,110 ,18300 ,11 ,13 ,13594 ,0 ,0 ,187383 
2026년,05월,HLF,I9,중국센트럴항공,국제,중국,중국,SZX,출발,정기,화물,17 ,0 ,0 ,0 ,253280 ,0 ,0 ,0 
2026년,05월,HLF,I9,중국센트럴항공,국제,중국,중국,YNT,도착,정기,화물,12 ,0 ,0 ,0 ,174313 ,0 ,0 ,0 
2026년,05월,HLF,I9,중국센트럴항공,국제,중국,중국,YNT,출발,정기,화물,12 ,0 ,0 ,0 ,30954 ,0 ,0 ,0 
2026년,05월,HLF,I9,중국센트럴항공,국제,유럽,독일,LEJ,도착,정기,화물,17 ,0 ,0 ,0 ,898894 ,0 ,0 ,0 
2026년,05월,HVN,VN,베트남항공,국제,동남아,베트남,CXR,도착,정기,여객,31 ,5307 ,47 ,6 ,61327 ,0 ,0 ,78233 
2026년,05월,HVN,VN,베트남항공,국제,동남아,베트남,CXR,출발,정기,여객,31 ,5536 ,47 ,15 ,0 ,0 ,0 ,57646 
2026년,05월,HVN,VN,베트남항공,국제,동남아,베트남,DAD,도착,정기,여객,31 ,5342 ,33 ,74 ,38631 ,0 ,0 ,78846 
2026년,05월,HVN,VN,베트남항공,국제,동남아,베트남,DAD,출발,정기,여객,31 ,5709 ,52 ,36 ,3784 ,0 ,0 ,64508 
2026년,05월,HVN,VN,베트남항공,국제,동남아,베트남,HAN,도착,정기,여객,58 ,15577 ,97 ,397 ,572727 ,0 ,2584 ,329152 
2026년,05월,HVN,VN,베트남항공,국제,동남아,베트남,HAN,출발,정기,여객,58 ,16132 ,162 ,250 ,565056 ,0 ,0 ,350008 
2026년,05월,HVN,VN,베트남항공,국제,동남아,베트남,SGN,도착,정기,여객,58 ,13573 ,95 ,297 ,303948 ,0 ,345 ,333916 
2026년,05월,HVN,VN,베트남항공,국제,동남아,베트남,SGN,출발,정기,여객,58 ,13207 ,114 ,256 ,286007 ,0 ,0 ,246367 
2026년,05월,HYT,YG,원통화물항공,국제,중국,중국,WNZ,도착,정기,화물,21 ,0 ,0 ,0 ,549256 ,0 ,0 ,0 
2026년,05월,HYT,YG,원통화물항공,국제,중국,중국,WNZ,출발,정기,화물,21 ,0 ,0 ,0 ,418307 ,0 ,0 ,0 
2026년,05월,ICV,C8,카고룩스 이탈리아,국제,중국,중국,CGO,출발,정기,화물,0 ,0 ,0 ,0 ,187702 ,0 ,0 ,0 
2026년,05월,ICV,C8,카고룩스 이탈리아,국제,동북아,대만,TPE,출발,정기,화물,0 ,0 ,0 ,0 ,171087 ,0 ,0 ,0 
2026년,05월,ICV,C8,카고룩스 이탈리아,국제,미주,미국,ANC,출발,정기,화물,0 ,0 ,0 ,0 ,0 ,0 ,0 ,0 
2026년,05월,ICV,C8,카고룩스 이탈리아,국제,미주,미국,DFW,출발,정기,화물,0 ,0 ,0 ,0 ,46434 ,0 ,0 ,0 
2026년,05월,ICV,C8,카고룩스 이탈리아,국제,미주,미국,IAH,출발,정기,화물,0 ,0 ,0 ,0 ,66504 ,0 ,0 ,0 
2026년,05월,ICV,C8,카고룩스 이탈리아,국제,유럽,이탈리아,MXP,도착,정기,화물,15 ,0 ,0 ,0 ,699432 ,0 ,0 ,0 
2026년,05월,ICV,C8,카고룩스 이탈리아,국제,유럽,이탈리아,MXP,출발,정기,화물,15 ,0 ,0 ,0 ,234289 ,0 ,0 ,0 
2026년,05월,ICV,C8,카고룩스 이탈리아,국제,유럽,투르크메니스탄,ASB,출발,정기,화물,0 ,0 ,0 ,0 ,0 ,0 ,0 ,0 
2026년,05월,JAL,JL,일본항공,국제,일본,일본,NGO,도착,정기,화물,21 ,0 ,0 ,0 ,396493 ,0 ,0 ,0 
2026년,05월,JAL,JL,일본항공,국제,일본,일본,NRT,도착,정기,화물,5 ,0 ,0 ,0 ,130339 ,914 ,0 ,0 
2026년,05월,JAL,JL,일본항공,국제,일본,일본,NRT,출발,정기,화물,26 ,0 ,0 ,0 ,854954 ,0 ,0 ,0 
2026년,05월,JDL,JG,장쑤징동화물항공사,국제,중국,중국,NKG,도착,정기,화물,13 ,0 ,0 ,0 ,238304 ,0 ,0 ,0 
2026년,05월,JDL,JG,장쑤징동화물항공사,국제,중국,중국,NKG,도착,부정기,화물,10 ,0 ,0 ,0 ,173659 ,0 ,0 ,0 
2026년,05월,JDL,JG,장쑤징동화물항공사,국제,중국,중국,NKG,출발,정기,화물,13 ,0 ,0 ,0 ,74188 ,0 ,0 ,0 
2026년,05월,JDL,JG,장쑤징동화물항공사,국제,중국,중국,NKG,출발,부정기,화물,10 ,0 ,0 ,0 ,117440 ,0 ,0 ,0 
2026년,05월,JDL,JG,장쑤징동화물항공사,국제,중국,중국,WUX,도착,정기,화물,31 ,0 ,0 ,0 ,422582 ,0 ,0 ,0 
2026년,05월,JDL,JG,장쑤징동화물항공사,국제,중국,중국,WUX,출발,정기,화물,31 ,0 ,0 ,0 ,206568 ,0 ,0 ,0 
2026년,05월,JJA,7C,제주항공,국내,한국,한국,CJU,도착,정기,여객,6 ,1053 ,21 ,0 ,0 ,0 ,0 ,9333 
2026년,05월,JJA,7C,제주항공,국내,한국,한국,CJU,도착,부정기,여객,1 ,40 ,0 ,0 ,0 ,0 ,0 ,147 
2026년,05월,JJA,7C,제주항공,국내,한국,한국,CJU,출발,정기,여객,6 ,958 ,15 ,0 ,0 ,0 ,0 ,6150 
2026년,05월,JJA,7C,제주항공,국제,일본,일본,CTS,도착,정기,여객,31 ,4897 ,23 ,55 ,0 ,0 ,0 ,54400 
2026년,05월,JJA,7C,제주항공,국제,일본,일본,CTS,출발,정기,여객,31 ,4826 ,27 ,39 ,0 ,0 ,0 ,42937 
2026년,05월,JJA,7C,제주항공,국제,일본,일본,FSZ,도착,정기,여객,62 ,10556 ,64 ,30 ,0 ,0 ,0 ,114698 
2026년,05월,JJA,7C,제주항공,국제,일본,일본,FSZ,출발,정기,여객,62 ,10519 ,64 ,41 ,0 ,0 ,0 ,108264 
2026년,05월,JJA,7C,제주항공,국제,일본,일본,FUK,도착,정기,여객,128 ,22250 ,247 ,261 ,0 ,0 ,0 ,213563 
2026년,05월,JJA,7C,제주항공,국제,일본,일본,FUK,도착,부정기,여객,29 ,4695 ,95 ,30 ,0 ,0 ,0 ,47220 
2026년,05월,JJA,7C,제주항공,국제,일본,일본,FUK,출발,정기,여객,128 ,21416 ,239 ,343 ,0 ,0 ,0 ,159168 
2026년,05월,JJA,7C,제주항공,국제,일본,일본,FUK,출발,부정기,여객,29 ,4822 ,107 ,43 ,0 ,0 ,0 ,32727 
2026년,05월,JJA,7C,제주항공,국제,일본,일본,HIJ,도착,정기,여객,62 ,9872 ,53 ,150 ,0 ,0 ,0 ,97050 
2026년,05월,JJA,7C,제주항공,국제,일본,일본,HIJ,출발,정기,여객,62 ,10008 ,60 ,205 ,0 ,0 ,0 ,92298 
2026년,05월,JJA,7C,제주항공,국제,일본,일본,HKD,도착,정기,여객,18 ,2667 ,11 ,12 ,0 ,0 ,0 ,35256 
2026년,05월,JJA,7C,제주항공,국제,일본,일본,HKD,출발,정기,여객,18 ,2679 ,10 ,8 ,0 ,0 ,0 ,31248 
2026년,05월,JJA,7C,제주항공,국제,일본,일본,KIX,도착,정기,여객,217 ,35002 ,179 ,663 ,18139 ,0 ,0 ,326908 
2026년,05월,JJA,7C,제주항공,국제,일본,일본,KIX,출발,정기,여객,217 ,33352 ,158 ,918 ,4733 ,6095 ,20021 ,267567 
2026년,05월,JJA,7C,제주항공,국제,일본,일본,MYJ,도착,정기,여객,62 ,9457 ,58 ,64 ,0 ,0 ,0 ,94308 
2026년,05월,JJA,7C,제주항공,국제,일본,일본,MYJ,출발,정기,여객,62 ,9621 ,52 ,64 ,0 ,0 ,0 ,74369 
2026년,05월,JJA,7C,제주항공,국제,일본,일본,NGO,도착,정기,여객,62 ,10049 ,46 ,100 ,4227 ,0 ,0 ,104713 
2026년,05월,JJA,7C,제주항공,국제,일본,일본,NGO,도착,부정기,여객,7 ,1044 ,6 ,32 ,0 ,0 ,0 ,9128 
2026년,05월,JJA,7C,제주항공,국제,일본,일본,NGO,출발,정기,여객,62 ,9413 ,45 ,240 ,97 ,1423 ,26079 ,90464 
2026년,05월,JJA,7C,제주항공,국제,일본,일본,NGO,출발,부정기,여객,7 ,901 ,6 ,32 ,0 ,0 ,0 ,7791 
2026년,05월,JJA,7C,제주항공,국제,일본,일본,NRT,도착,정기,여객,208 ,35565 ,168 ,678 ,59922 ,0 ,1 ,341178 
2026년,05월,JJA,7C,제주항공,국제,일본,일본,NRT,도착,부정기,여객,10 ,1599 ,5 ,13 ,0 ,0 ,0 ,16855 
2026년,05월,JJA,7C,제주항공,국제,일본,일본,NRT,출발,정기,여객,208 ,36585 ,170 ,807 ,20074 ,5737 ,32839 ,313597 
2026년,05월,JJA,7C,제주항공,국제,일본,일본,NRT,출발,부정기,여객,10 ,1546 ,6 ,98 ,0 ,0 ,0 ,16156 
2026년,05월,JJA,7C,제주항공,국제,일본,일본,OIT,도착,정기,여객,13 ,1941 ,27 ,3 ,0 ,0 ,0 ,29753 
2026년,05월,JJA,7C,제주항공,국제,일본,일본,OIT,출발,정기,여객,13 ,2053 ,28 ,0 ,0 ,0 ,0 ,29235 
2026년,05월,JJA,7C,제주항공,국제,일본,일본,OKA,도착,정기,여객,58 ,8996 ,260 ,76 ,0 ,0 ,0 ,100359 
2026년,05월,JJA,7C,제주항공,국제,일본,일본,OKA,출발,정기,여객,58 ,8763 ,238 ,51 ,0 ,0 ,0 ,80010 
2026년,05월,JJA,7C,제주항공,국제,중국,중국,HRB,도착,정기,여객,14 ,2205 ,13 ,93 ,0 ,0 ,0 ,24756 
2026년,05월,JJA,7C,제주항공,국제,중국,중국,HRB,출발,정기,여객,14 ,2493 ,13 ,24 ,0 ,0 ,0 ,27316 
2026년,05월,JJA,7C,제주항공,국제,중국,중국,JMU,도착,정기,여객,4 ,532 ,5 ,1 ,0 ,0 ,0 ,6686 
2026년,05월,JJA,7C,제주항공,국제,중국,중국,JMU,출발,정기,여객,4 ,594 ,3 ,0 ,0 ,0 ,0 ,6930 
2026년,05월,JJA,7C,제주항공,국제,중국,중국,KWL,도착,정기,여객,18 ,1893 ,0 ,0 ,0 ,0 ,0 ,20407 
2026년,05월,JJA,7C,제주항공,국제,중국,중국,KWL,출발,정기,여객,17 ,1565 ,0 ,5 ,0 ,0 ,0 ,13952 
2026년,05월,JJA,7C,제주항공,국제,중국,중국,SJW,도착,정기,여객,9 ,1449 ,0 ,0 ,0 ,0 ,0 ,13639 
2026년,05월,JJA,7C,제주항공,국제,중국,중국,SJW,출발,정기,여객,9 ,1469 ,0 ,4 ,0 ,0 ,0 ,13617 
2026년,05월,JJA,7C,제주항공,국제,중국,중국,TAO,도착,정기,여객,31 ,4969 ,8 ,404 ,16660 ,0 ,45516 ,49526 
2026년,05월,JJA,7C,제주항공,국제,중국,중국,TAO,출발,정기,여객,31 ,5240 ,8 ,182 ,31691 ,2675 ,0 ,44688 
2026년,05월,JJA,7C,제주항공,국제,중국,중국,WEH,도착,정기,여객,62 ,8862 ,20 ,729 ,84662 ,0 ,0 ,114742 
2026년,05월,JJA,7C,제주항공,국제,중국,중국,WEH,출발,정기,여객,62 ,9185 ,33 ,552 ,20545 ,61929 ,0 ,105173 
2026년,05월,JJA,7C,제주항공,국제,중국,중국,YIH,도착,부정기,여객,9 ,1374 ,0 ,0 ,0 ,0 ,0 ,14791 
2026년,05월,JJA,7C,제주항공,국제,중국,중국,YIH,출발,부정기,여객,9 ,1260 ,0 ,0 ,0 ,0 ,0 ,10528 
2026년,05월,JJA,7C,제주항공,국제,중국,중국,YNJ,도착,정기,여객,13 ,2060 ,3 ,27 ,116 ,0 ,2987 ,23552 
2026년,05월,JJA,7C,제주항공,국제,중국,중국,YNJ,출발,정기,여객,13 ,2250 ,5 ,86 ,0 ,0 ,3471 ,25271 
2026년,05월,JJA,7C,제주항공,국제,동북아,대만,TPE,도착,정기,여객,31 ,5609 ,19 ,41 ,11071 ,0 ,2180 ,58525 
2026년,05월,JJA,7C,제주항공,국제,동북아,대만,TPE,출발,정기,여객,31 ,5049 ,9 ,10 ,44074 ,0 ,3536 ,39893 
2026년,05월,JJA,7C,제주항공,국제,동북아,마카오,MFM,도착,정기,여객,31 ,5401 ,53 ,8 ,2655 ,0 ,0 ,45616 
2026년,05월,JJA,7C,제주항공,국제,동북아,마카오,MFM,출발,정기,여객,31 ,5310 ,60 ,10 ,569 ,0 ,951 ,40960 
2026년,05월,JJA,7C,제주항공,국제,동북아,홍콩,HKG,도착,정기,여객,31 ,5155 ,7 ,51 ,36058 ,0 ,0 ,44702 
2026년,05월,JJA,7C,제주항공,국제,동북아,홍콩,HKG,출발,정기,여객,31 ,5149 ,6 ,41 ,21214 ,0 ,43 ,63317 
2026년,05월,JJA,7C,제주항공,국제,동북아,몽골,UBN,도착,정기,여객,13 ,2065 ,10 ,140 ,578 ,0 ,0 ,27563 
2026년,05월,JJA,7C,제주항공,국제,동북아,몽골,UBN,출발,정기,여객,13 ,2084 ,12 ,148 ,849 ,459 ,1192 ,31666 
2026년,05월,JJA,7C,제주항공,국제,동남아,말레이시아,BKI,도착,정기,여객,18 ,2708 ,11 ,160 ,0 ,0 ,0 ,33003 
2026년,05월,JJA,7C,제주항공,국제,동남아,말레이시아,BKI,출발,정기,여객,18 ,2414 ,9 ,120 ,0 ,0 ,0 ,29121 
2026년,05월,JJA,7C,제주항공,국제,동남아,베트남,CXR,도착,정기,여객,21 ,3178 ,40 ,25 ,0 ,0 ,0 ,37938 
2026년,05월,JJA,7C,제주항공,국제,동남아,베트남,CXR,출발,정기,여객,21 ,3379 ,41 ,10 ,0 ,0 ,0 ,29168 
2026년,05월,JJA,7C,제주항공,국제,동남아,베트남,DAD,도착,정기,여객,36 ,5850 ,62 ,97 ,43758 ,0 ,0 ,66571 
2026년,05월,JJA,7C,제주항공,국제,동남아,베트남,DAD,출발,정기,여객,35 ,5549 ,57 ,60 ,2731 ,533 ,0 ,46500 
2026년,05월,JJA,7C,제주항공,국제,동남아,베트남,HAN,도착,정기,여객,23 ,3796 ,19 ,269 ,23329 ,0 ,0 ,45495 
2026년,05월,JJA,7C,제주항공,국제,동남아,베트남,HAN,출발,정기,여객,23 ,3693 ,19 ,238 ,15584 ,0 ,1278 ,42035 
2026년,05월,JJA,7C,제주항공,국제,동남아,베트남,PQC,도착,정기,여객,21 ,3298 ,34 ,58 ,0 ,0 ,0 ,38113 
2026년,05월,JJA,7C,제주항공,국제,동남아,베트남,PQC,출발,정기,여객,21 ,2909 ,37 ,34 ,0 ,0 ,0 ,27456 
2026년,05월,JJA,7C,제주항공,국제,동남아,싱가포르,SIN,도착,정기,여객,21 ,3383 ,8 ,94 ,0 ,0 ,0 ,36083 
2026년,05월,JJA,7C,제주항공,국제,동남아,싱가포르,SIN,출발,정기,여객,21 ,2990 ,14 ,90 ,12267 ,351 ,4318 ,36810 
2026년,05월,JJA,7C,제주항공,국제,동남아,인도네시아,BTH,도착,정기,여객,9 ,715 ,2 ,18 ,0 ,0 ,0 ,7227 
2026년,05월,JJA,7C,제주항공,국제,동남아,인도네시아,BTH,출발,정기,여객,9 ,592 ,2 ,9 ,625 ,0 ,0 ,6331 
2026년,05월,JJA,7C,제주항공,국제,동남아,인도네시아,DPS,도착,정기,여객,31 ,4334 ,13 ,272 ,0 ,0 ,0 ,60226 
2026년,05월,JJA,7C,제주항공,국제,동남아,인도네시아,DPS,출발,정기,여객,31 ,4318 ,12 ,165 ,16344 ,0 ,0 ,49148 
2026년,05월,JJA,7C,제주항공,국제,동남아,태국,BKK,도착,정기,여객,21 ,3619 ,10 ,115 ,41619 ,0 ,0 ,41582 
2026년,05월,JJA,7C,제주항공,국제,동남아,태국,BKK,출발,정기,여객,21 ,3514 ,22 ,96 ,18090 ,0 ,0 ,42692 
2026년,05월,JJA,7C,제주항공,국제,동남아,태국,CNX,도착,정기,여객,14 ,2162 ,11 ,127 ,0 ,0 ,0 ,27539 
2026년,05월,JJA,7C,제주항공,국제,동남아,태국,CNX,출발,정기,여객,14 ,2162 ,13 ,156 ,0 ,0 ,0 ,26314 
2026년,05월,JJA,7C,제주항공,국제,동남아,필리핀,CEB,도착,정기,여객,18 ,2998 ,18 ,161 ,6709 ,0 ,0 ,35902 
2026년,05월,JJA,7C,제주항공,국제,동남아,필리핀,CEB,출발,정기,여객,18 ,3030 ,15 ,209 ,5210 ,2361 ,0 ,38917 
2026년,05월,JJA,7C,제주항공,국제,동남아,필리핀,CRK,도착,정기,여객,31 ,4745 ,21 ,132 ,49 ,0 ,0 ,51704 
2026년,05월,JJA,7C,제주항공,국제,동남아,필리핀,CRK,출발,정기,여객,31 ,4813 ,21 ,152 ,10432 ,5201 ,0 ,71738 
2026년,05월,JJA,7C,제주항공,국제,동남아,필리핀,MNL,도착,정기,여객,31 ,4971 ,21 ,325 ,0 ,0 ,0 ,61617 
2026년,05월,JJA,7C,제주항공,국제,동남아,필리핀,MNL,출발,정기,여객,31 ,4973 ,24 ,436 ,10765 ,686 ,1399 ,95981 
2026년,05월,JJA,7C,제주항공,국제,동남아,필리핀,TAG,도착,정기,여객,27 ,4553 ,22 ,38 ,0 ,0 ,0 ,53614 
2026년,05월,JJA,7C,제주항공,국제,동남아,필리핀,TAG,출발,정기,여객,27 ,4334 ,21 ,44 ,0 ,0 ,0 ,48099 
2026년,05월,JNA,LJ,진 에어,국제,일본,일본,CTS,도착,정기,여객,31 ,5233 ,29 ,85 ,0 ,0 ,0 ,57539 
2026년,05월,JNA,LJ,진 에어,국제,일본,일본,CTS,출발,정기,여객,31 ,5506 ,27 ,79 ,0 ,0 ,0 ,48857 
2026년,05월,JNA,LJ,진 에어,국제,일본,일본,FUK,도착,정기,여객,168 ,35124 ,461 ,119 ,0 ,0 ,0 ,354305 
2026년,05월,JNA,LJ,진 에어,국제,일본,일본,FUK,도착,부정기,여객,1 ,158 ,0 ,0 ,0 ,0 ,0 ,1460 
2026년,05월,JNA,LJ,진 에어,국제,일본,일본,FUK,출발,정기,여객,168 ,35733 ,491 ,178 ,0 ,0 ,0 ,267475 
2026년,05월,JNA,LJ,진 에어,국제,일본,일본,FUK,출발,부정기,여객,1 ,175 ,0 ,1 ,0 ,0 ,0 ,1429 
2026년,05월,JNA,LJ,진 에어,국제,일본,일본,ISG,도착,정기,여객,31 ,4152 ,50 ,0 ,0 ,0 ,0 ,48333 
2026년,05월,JNA,LJ,진 에어,국제,일본,일본,ISG,출발,정기,여객,31 ,4015 ,55 ,3 ,0 ,0 ,0 ,39313 
2026년,05월,JNA,LJ,진 에어,국제,일본,일본,KIX,도착,정기,여객,155 ,29919 ,130 ,230 ,18912 ,0 ,0 ,298513 
2026년,05월,JNA,LJ,진 에어,국제,일본,일본,KIX,도착,부정기,여객,5 ,932 ,3 ,6 ,0 ,0 ,0 ,9132 
2026년,05월,JNA,LJ,진 에어,국제,일본,일본,KIX,출발,정기,여객,155 ,31306 ,144 ,347 ,122333 ,0 ,22310 ,245334 
2026년,05월,JNA,LJ,진 에어,국제,일본,일본,KIX,출발,부정기,여객,5 ,826 ,4 ,2 ,0 ,0 ,0 ,7374 
2026년,05월,JNA,LJ,진 에어,국제,일본,일본,KKJ,도착,정기,여객,31 ,5609 ,27 ,3 ,0 ,0 ,0 ,62609 
2026년,05월,JNA,LJ,진 에어,국제,일본,일본,KKJ,출발,정기,여객,31 ,5387 ,27 ,10 ,0 ,0 ,0 ,46424 
2026년,05월,JNA,LJ,진 에어,국제,일본,일본,NGO,도착,정기,여객,62 ,10594 ,47 ,23 ,236 ,0 ,0 ,98103 
2026년,05월,JNA,LJ,진 에어,국제,일본,일본,NGO,도착,부정기,여객,11 ,1916 ,9 ,50 ,0 ,0 ,0 ,17928 
2026년,05월,JNA,LJ,진 에어,국제,일본,일본,NGO,출발,정기,여객,62 ,10472 ,51 ,173 ,12640 ,0 ,0 ,98143 
2026년,05월,JNA,LJ,진 에어,국제,일본,일본,NGO,출발,부정기,여객,11 ,1735 ,10 ,34 ,0 ,0 ,0 ,15691 
2026년,05월,JNA,LJ,진 에어,국제,일본,일본,NRT,도착,정기,여객,113 ,31609 ,113 ,151 ,239886 ,0 ,0 ,302050 
2026년,05월,JNA,LJ,진 에어,국제,일본,일본,NRT,도착,부정기,여객,6 ,1105 ,2 ,8 ,0 ,0 ,0 ,11252 
2026년,05월,JNA,LJ,진 에어,국제,일본,일본,NRT,출발,정기,여객,113 ,31720 ,110 ,496 ,257580 ,0 ,28444 ,291048 
2026년,05월,JNA,LJ,진 에어,국제,일본,일본,NRT,출발,부정기,여객,6 ,1103 ,9 ,4 ,0 ,0 ,0 ,10997 
2026년,05월,JNA,LJ,진 에어,국제,일본,일본,OKA,도착,정기,여객,31 ,11211 ,427 ,85 ,0 ,0 ,0 ,126346 
2026년,05월,JNA,LJ,진 에어,국제,일본,일본,OKA,도착,부정기,여객,1 ,161 ,6 ,0 ,0 ,0 ,0 ,1718 
2026년,05월,JNA,LJ,진 에어,국제,일본,일본,OKA,출발,정기,여객,31 ,10854 ,471 ,67 ,0 ,0 ,0 ,98760 
2026년,05월,JNA,LJ,진 에어,국제,일본,일본,OKA,출발,부정기,여객,1 ,189 ,1 ,0 ,0 ,0 ,0 ,1511 
2026년,05월,JNA,LJ,진 에어,국제,일본,일본,SHI,도착,정기,여객,31 ,4689 ,76 ,2 ,0 ,0 ,0 ,57003 
2026년,05월,JNA,LJ,진 에어,국제,일본,일본,SHI,출발,정기,여객,31 ,4720 ,79 ,2 ,0 ,0 ,0 ,48490 
2026년,05월,JNA,LJ,진 에어,국제,일본,일본,TAK,도착,정기,여객,31 ,5125 ,23 ,10 ,0 ,0 ,0 ,51767 
2026년,05월,JNA,LJ,진 에어,국제,일본,일본,TAK,출발,정기,여객,31 ,5111 ,30 ,7 ,0 ,0 ,1 ,43004 
2026년,05월,JNA,LJ,진 에어,국제,일본,일본,TOY,도착,부정기,여객,7 ,1002 ,0 ,0 ,0 ,0 ,0 ,10852 
2026년,05월,JNA,LJ,진 에어,국제,일본,일본,TOY,출발,부정기,여객,7 ,1001 ,0 ,0 ,0 ,0 ,0 ,9003 
2026년,05월,JNA,LJ,진 에어,국제,중국,중국,KWL,도착,정기,여객,9 ,912 ,0 ,0 ,0 ,0 ,0 ,9114 
2026년,05월,JNA,LJ,진 에어,국제,중국,중국,KWL,출발,정기,여객,9 ,923 ,0 ,7 ,0 ,0 ,0 ,8073 
2026년,05월,JNA,LJ,진 에어,국제,동북아,대만,RMQ,도착,정기,여객,62 ,10039 ,52 ,69 ,0 ,0 ,0 ,99389 
2026년,05월,JNA,LJ,진 에어,국제,동북아,대만,RMQ,출발,정기,여객,62 ,9152 ,40 ,23 ,0 ,0 ,0 ,103696 
2026년,05월,JNA,LJ,진 에어,국제,동북아,대만,TPE,도착,정기,여객,31 ,8173 ,8 ,240 ,113784 ,0 ,0 ,79729 
2026년,05월,JNA,LJ,진 에어,국제,동북아,대만,TPE,출발,정기,여객,31 ,7923 ,9 ,67 ,139572 ,0 ,8733 ,85560 
2026년,05월,JNA,LJ,진 에어,국제,동남아,말레이시아,BKI,도착,정기,여객,21 ,3105 ,9 ,287 ,254 ,0 ,0 ,37036 
2026년,05월,JNA,LJ,진 에어,국제,동남아,말레이시아,BKI,출발,정기,여객,21 ,2312 ,7 ,125 ,149 ,0 ,0 ,27844 
2026년,05월,JNA,LJ,진 에어,국제,동남아,베트남,CXR,도착,정기,여객,22 ,3473 ,41 ,32 ,0 ,0 ,0 ,43241 
2026년,05월,JNA,LJ,진 에어,국제,동남아,베트남,CXR,출발,정기,여객,21 ,3267 ,38 ,31 ,0 ,0 ,0 ,30789 
2026년,05월,JNA,LJ,진 에어,국제,동남아,베트남,DAD,도착,정기,여객,21 ,3517 ,23 ,193 ,19000 ,0 ,0 ,43141 
2026년,05월,JNA,LJ,진 에어,국제,동남아,베트남,DAD,출발,정기,여객,20 ,2612 ,22 ,271 ,0 ,0 ,0 ,26398 
2026년,05월,JNA,LJ,진 에어,국제,동남아,베트남,PQC,도착,정기,여객,19 ,2897 ,31 ,59 ,0 ,0 ,0 ,35213 
2026년,05월,JNA,LJ,진 에어,국제,동남아,베트남,PQC,출발,정기,여객,18 ,2086 ,22 ,46 ,0 ,0 ,0 ,20158 
2026년,05월,JNA,LJ,진 에어,국제,동남아,태국,BKK,도착,정기,여객,7 ,1177 ,2 ,61 ,2286 ,0 ,0 ,14911 
2026년,05월,JNA,LJ,진 에어,국제,동남아,태국,BKK,출발,정기,여객,6 ,944 ,3 ,47 ,680 ,0 ,363 ,11919 
2026년,05월,JNA,LJ,진 에어,국제,동남아,태국,CNX,도착,정기,여객,6 ,804 ,4 ,117 ,0 ,0 ,0 ,11015 
2026년,05월,JNA,LJ,진 에어,국제,동남아,태국,CNX,출발,정기,여객,6 ,1013 ,7 ,32 ,0 ,0 ,0 ,11525 
2026년,05월,JNA,LJ,진 에어,국제,동남아,필리핀,CRK,도착,정기,여객,28 ,4507 ,16 ,325 ,0 ,0 ,0 ,60966 
2026년,05월,JNA,LJ,진 에어,국제,동남아,필리핀,CRK,출발,정기,여객,28 ,4041 ,18 ,276 ,4226 ,0 ,0 ,57783 
2026년,05월,JNA,LJ,진 에어,국제,동남아,필리핀,TAG,도착,정기,여객,21 ,3296 ,10 ,11 ,0 ,0 ,0 ,37364 
2026년,05월,JNA,LJ,진 에어,국제,동남아,필리핀,TAG,출발,정기,여객,21 ,2976 ,13 ,7 ,0 ,0 ,0 ,32338 
2026년,05월,JNA,LJ,진 에어,국제,대양주,괌,GUM,도착,정기,여객,25 ,3773 ,40 ,315 ,0 ,0 ,0 ,51695 
2026년,05월,JNA,LJ,진 에어,국제,대양주,괌,GUM,출발,정기,여객,25 ,3067 ,36 ,308 ,0 ,0 ,1913 ,52546 
2026년,05월,JST,JQ,젯스타,국제,대양주,호주,BNE,도착,정기,여객,13 ,3995 ,38 ,6 ,20122 ,0 ,1833 ,53521 
2026년,05월,JST,JQ,젯스타,국제,대양주,호주,BNE,출발,정기,여객,13 ,3899 ,31 ,33 ,95913 ,0 ,2131 ,76339 
2026년,05월,JST,JQ,젯스타,국제,대양주,호주,SYD,도착,정기,여객,27 ,8383 ,46 ,8 ,26279 ,0 ,4764 ,117601 
2026년,05월,JST,JQ,젯스타,국제,대양주,호주,SYD,출발,정기,여객,27 ,8158 ,41 ,35 ,249150 ,0 ,2009 ,139354 
2026년,05월,KAL,KE,대한항공,국내,한국,한국,PUS,도착,정기,여객,155 ,18494 ,98 ,0 ,0 ,0 ,0 ,370584 
2026년,05월,KAL,KE,대한항공,국내,한국,한국,PUS,출발,정기,여객,157 ,19177 ,76 ,0 ,0 ,0 ,0 ,387820 
2026년,05월,KAL,KE,대한항공,국내,한국,한국,TAE,도착,정기,여객,31 ,2025 ,18 ,0 ,0 ,0 ,0 ,40307 
2026년,05월,KAL,KE,대한항공,국내,한국,한국,TAE,출발,정기,여객,31 ,2172 ,11 ,0 ,0 ,0 ,0 ,46793 
2026년,05월,KAL,KE,대한항공,국제,한국,한국,CJJ,도착,부정기,여객,0 ,0 ,0 ,0 ,0 ,0 ,0 ,0 
2026년,05월,KAL,KE,대한항공,국제,일본,일본,AOJ,도착,정기,여객,22 ,2374 ,9 ,243 ,0 ,0 ,0 ,33012 
2026년,05월,KAL,KE,대한항공,국제,일본,일본,AOJ,출발,정기,여객,22 ,2650 ,11 ,99 ,1 ,0 ,0 ,30677 
2026년,05월,KAL,KE,대한항공,국제,일본,일본,CTS,도착,정기,여객,62 ,12397 ,121 ,813 ,5157 ,182251 ,0 ,178503 
2026년,05월,KAL,KE,대한항공,국제,일본,일본,CTS,출발,정기,여객,62 ,13614 ,139 ,632 ,1882 ,17050 ,0 ,151415 
2026년,05월,KAL,KE,대한항공,국제,일본,일본,FUK,도착,정기,여객,114 ,18104 ,323 ,2215 ,74893 ,171412 ,7421 ,256321 
2026년,05월,KAL,KE,대한항공,국제,일본,일본,FUK,도착,부정기,여객,7 ,976 ,13 ,31 ,0 ,0 ,0 ,12893 
2026년,05월,KAL,KE,대한항공,국제,일본,일본,FUK,출발,정기,여객,114 ,18992 ,346 ,2325 ,54071 ,260688 ,22696 ,213744 
2026년,05월,KAL,KE,대한항공,국제,일본,일본,FUK,출발,부정기,여객,7 ,707 ,10 ,115 ,0 ,0 ,0 ,8759 
2026년,05월,KAL,KE,대한항공,국제,일본,일본,HND,도착,정기,여객,31 ,6500 ,8 ,1567 ,61274 ,725 ,0 ,93367 
2026년,05월,KAL,KE,대한항공,국제,일본,일본,HND,출발,정기,여객,31 ,7111 ,30 ,1228 ,157525 ,6637 ,48821 ,102663 
2026년,05월,KAL,KE,대한항공,국제,일본,일본,KIJ,도착,정기,여객,13 ,1441 ,11 ,311 ,51 ,0 ,0 ,20765 
2026년,05월,KAL,KE,대한항공,국제,일본,일본,KIJ,출발,정기,여객,13 ,1613 ,13 ,136 ,309 ,0 ,0 ,20257 
2026년,05월,KAL,KE,대한항공,국제,일본,일본,KIX,도착,정기,화물,20 ,0 ,0 ,0 ,550502 ,1097449 ,0 ,0 
2026년,05월,KAL,KE,대한항공,국제,일본,일본,KIX,도착,정기,여객,124 ,17973 ,103 ,4623 ,73644 ,115805 ,17249 ,287076 
2026년,05월,KAL,KE,대한항공,국제,일본,일본,KIX,출발,정기,화물,20 ,0 ,0 ,0 ,279619 ,822983 ,123686 ,0 
2026년,05월,KAL,KE,대한항공,국제,일본,일본,KIX,출발,정기,여객,124 ,18975 ,120 ,4249 ,134129 ,163691 ,21285 ,257754 
2026년,05월,KAL,KE,대한항공,국제,일본,일본,KKJ,도착,정기,화물,4 ,0 ,0 ,0 ,74098 ,308488 ,0 ,0 
2026년,05월,KAL,KE,대한항공,국제,일본,일본,KKJ,출발,정기,화물,4 ,0 ,0 ,0 ,3246 ,34462 ,0 ,0 
2026년,05월,KAL,KE,대한항공,국제,일본,일본,KMJ,도착,정기,여객,31 ,3587 ,10 ,57 ,165 ,0 ,0 ,62409 
2026년,05월,KAL,KE,대한항공,국제,일본,일본,KMJ,출발,정기,여객,31 ,3753 ,26 ,38 ,0 ,0 ,0 ,54504 
2026년,05월,KAL,KE,대한항공,국제,일본,일본,KMQ,도착,정기,여객,31 ,3002 ,24 ,678 ,0 ,0 ,0 ,40455 
2026년,05월,KAL,KE,대한항공,국제,일본,일본,KMQ,출발,정기,여객,31 ,3588 ,33 ,107 ,47 ,0 ,0 ,39829 
2026년,05월,KAL,KE,대한항공,국제,일본,일본,KOJ,도착,정기,여객,31 ,4648 ,19 ,201 ,0 ,0 ,0 ,75065 
2026년,05월,KAL,KE,대한항공,국제,일본,일본,KOJ,출발,정기,여객,31 ,4586 ,21 ,98 ,20 ,0 ,0 ,66359 
2026년,05월,KAL,KE,대한항공,국제,일본,일본,NGO,도착,정기,여객,62 ,8850 ,71 ,2349 ,39607 ,63899 ,10309 ,121620 
2026년,05월,KAL,KE,대한항공,국제,일본,일본,NGO,도착,부정기,여객,1 ,150 ,0 ,0 ,0 ,0 ,0 ,2018 
2026년,05월,KAL,KE,대한항공,국제,일본,일본,NGO,출발,정기,여객,62 ,10893 ,65 ,1716 ,37392 ,82676 ,10785 ,149485 
2026년,05월,KAL,KE,대한항공,국제,일본,일본,NGS,도착,정기,여객,13 ,1301 ,7 ,40 ,90 ,0 ,0 ,19688 
2026년,05월,KAL,KE,대한항공,국제,일본,일본,NGS,출발,정기,여객,13 ,1529 ,6 ,10 ,0 ,0 ,0 ,18061 
2026년,05월,KAL,KE,대한항공,국제,일본,일본,NRT,도착,정기,화물,26 ,0 ,0 ,0 ,930491 ,953647 ,4462 ,0 
2026년,05월,KAL,KE,대한항공,국제,일본,일본,NRT,도착,정기,여객,155 ,25689 ,188 ,4577 ,138677 ,137614 ,12658 ,402286 
2026년,05월,KAL,KE,대한항공,국제,일본,일본,NRT,도착,부정기,화물,11 ,0 ,0 ,0 ,139007 ,464211 ,85 ,0 
2026년,05월,KAL,KE,대한항공,국제,일본,일본,NRT,도착,부정기,여객,2 ,312 ,2 ,48 ,0 ,0 ,0 ,4056 
2026년,05월,KAL,KE,대한항공,국제,일본,일본,NRT,출발,정기,화물,26 ,0 ,0 ,0 ,499379 ,927335 ,151397 ,0 
2026년,05월,KAL,KE,대한항공,국제,일본,일본,NRT,출발,정기,여객,155 ,28190 ,205 ,5490 ,103214 ,219495 ,101387 ,417239 
2026년,05월,KAL,KE,대한항공,국제,일본,일본,NRT,출발,부정기,화물,11 ,0 ,0 ,0 ,59232 ,272008 ,55480 ,0 
2026년,05월,KAL,KE,대한항공,국제,일본,일본,NRT,출발,부정기,여객,2 ,331 ,2 ,21 ,0 ,0 ,520 ,3582 
2026년,05월,KAL,KE,대한항공,국제,일본,일본,OKA,도착,정기,여객,31 ,4406 ,208 ,566 ,28 ,0 ,0 ,73210 
2026년,05월,KAL,KE,대한항공,국제,일본,일본,OKA,출발,정기,여객,31 ,4396 ,205 ,326 ,463 ,561 ,0 ,55900 
2026년,05월,KAL,KE,대한항공,국제,일본,일본,OKJ,도착,정기,여객,18 ,1730 ,16 ,307 ,60 ,0 ,0 ,25173 
2026년,05월,KAL,KE,대한항공,국제,일본,일본,OKJ,출발,정기,여객,18 ,2014 ,15 ,105 ,0 ,0 ,0 ,24194 
2026년,05월,KAL,KE,대한항공,국제,일본,일본,TOY,도착,부정기,여객,8 ,1220 ,0 ,0 ,100 ,0 ,0 ,15017 
2026년,05월,KAL,KE,대한항공,국제,일본,일본,TOY,출발,부정기,여객,8 ,1222 ,0 ,0 ,0 ,0 ,0 ,12196 
2026년,05월,KAL,KE,대한항공,국제,일본,일본,UKB,도착,정기,여객,62 ,8909 ,73 ,529 ,315 ,0 ,0 ,114622 
2026년,05월,KAL,KE,대한항공,국제,일본,일본,UKB,출발,정기,여객,62 ,9047 ,76 ,664 ,46 ,0 ,0 ,108060 
2026년,05월,KAL,KE,대한항공,국제,중국,중국,CAN,도착,정기,화물,35 ,0 ,0 ,0 ,254210 ,3357982 ,26245 ,0 
2026년,05월,KAL,KE,대한항공,국제,중국,중국,CAN,도착,정기,여객,31 ,5741 ,10 ,1471 ,817 ,448359 ,20596 ,111648 
2026년,05월,KAL,KE,대한항공,국제,중국,중국,CAN,출발,정기,화물,35 ,0 ,0 ,0 ,171775 ,453393 ,40576 ,0 
2026년,05월,KAL,KE,대한항공,국제,중국,중국,CAN,출발,정기,여객,31 ,5660 ,7 ,803 ,9686 ,7886 ,0 ,74920 
2026년,05월,KAL,KE,대한항공,국제,중국,중국,CGO,도착,정기,화물,9 ,0 ,0 ,0 ,22139 ,737969 ,29736 ,0 
2026년,05월,KAL,KE,대한항공,국제,중국,중국,CGO,도착,정기,여객,31 ,3327 ,7 ,1063 ,0 ,0 ,0 ,60028 
2026년,05월,KAL,KE,대한항공,국제,중국,중국,CGO,출발,정기,화물,9 ,0 ,0 ,0 ,20982 ,49911 ,0 ,0 
2026년,05월,KAL,KE,대한항공,국제,중국,중국,CGO,출발,정기,여객,31 ,3077 ,7 ,621 ,2472 ,887 ,0 ,46050 
2026년,05월,KAL,KE,대한항공,국제,중국,중국,CSX,도착,정기,여객,22 ,2446 ,4 ,301 ,2265 ,0 ,0 ,33997 
2026년,05월,KAL,KE,대한항공,국제,중국,중국,CSX,출발,정기,여객,22 ,2212 ,2 ,476 ,443 ,0 ,0 ,32124 
2026년,05월,KAL,KE,대한항공,국제,중국,중국,DLC,도착,정기,여객,49 ,6440 ,37 ,1922 ,45609 ,298094 ,52690 ,109529 
2026년,05월,KAL,KE,대한항공,국제,중국,중국,DLC,출발,정기,여객,49 ,6813 ,40 ,1807 ,60344 ,35549 ,9192 ,102964 
2026년,05월,KAL,KE,대한항공,국제,중국,중국,DYG,도착,정기,여객,14 ,1924 ,0 ,33 ,0 ,0 ,0 ,24312 
2026년,05월,KAL,KE,대한항공,국제,중국,중국,DYG,출발,정기,여객,13 ,1939 ,1 ,29 ,0 ,0 ,0 ,20050 
2026년,05월,KAL,KE,대한항공,국제,중국,중국,FOC,도착,정기,여객,18 ,843 ,2 ,1569 ,165 ,0 ,0 ,59042 
2026년,05월,KAL,KE,대한항공,국제,중국,중국,FOC,출발,정기,여객,18 ,1065 ,13 ,960 ,0 ,0 ,0 ,33822 
2026년,05월,KAL,KE,대한항공,국제,중국,중국,HFE,도착,정기,여객,22 ,2434 ,6 ,139 ,735 ,0 ,0 ,27849 
2026년,05월,KAL,KE,대한항공,국제,중국,중국,HFE,출발,정기,여객,22 ,2481 ,11 ,167 ,329 ,493 ,0 ,33327 
2026년,05월,KAL,KE,대한항공,국제,중국,중국,HGH,도착,정기,여객,13 ,1818 ,2 ,321 ,75 ,38 ,0 ,28738 
2026년,05월,KAL,KE,대한항공,국제,중국,중국,HGH,출발,정기,여객,13 ,1809 ,5 ,175 ,0 ,0 ,0 ,23909 
2026년,05월,KAL,KE,대한항공,국제,중국,중국,KMG,도착,정기,여객,17 ,1802 ,0 ,635 ,0 ,0 ,0 ,35642 
2026년,05월,KAL,KE,대한항공,국제,중국,중국,KMG,출발,정기,여객,18 ,2013 ,3 ,408 ,1 ,0 ,0 ,31715 
2026년,05월,KAL,KE,대한항공,국제,중국,중국,NKG,도착,정기,여객,18 ,2111 ,7 ,839 ,0 ,0 ,0 ,41221 
2026년,05월,KAL,KE,대한항공,국제,중국,중국,NKG,출발,정기,여객,18 ,2007 ,8 ,782 ,226 ,197 ,0 ,39969 
2026년,05월,KAL,KE,대한항공,국제,중국,중국,PEK,도착,정기,여객,80 ,6698 ,14 ,5700 ,10435 ,224287 ,529 ,185969 
2026년,05월,KAL,KE,대한항공,국제,중국,중국,PEK,출발,정기,여객,80 ,6864 ,40 ,7604 ,42042 ,6014 ,1504 ,229626 
2026년,05월,KAL,KE,대한항공,국제,중국,중국,PVG,도착,정기,화물,35 ,0 ,0 ,0 ,439248 ,2921365 ,0 ,0 
2026년,05월,KAL,KE,대한항공,국제,중국,중국,PVG,도착,정기,여객,93 ,15156 ,42 ,5664 ,53180 ,930757 ,0 ,285841 
2026년,05월,KAL,KE,대한항공,국제,중국,중국,PVG,도착,부정기,화물,13 ,0 ,0 ,0 ,177754 ,1097026 ,0 ,0 
2026년,05월,KAL,KE,대한항공,국제,중국,중국,PVG,출발,정기,화물,35 ,0 ,0 ,0 ,1378211 ,609278 ,5522 ,0 
2026년,05월,KAL,KE,대한항공,국제,중국,중국,PVG,출발,정기,여객,93 ,16061 ,47 ,5866 ,132547 ,115515 ,0 ,269889 
2026년,05월,KAL,KE,대한항공,국제,중국,중국,PVG,출발,부정기,화물,13 ,0 ,0 ,0 ,290905 ,193674 ,0 ,0 
2026년,05월,KAL,KE,대한항공,국제,중국,중국,SHE,도착,정기,여객,62 ,7031 ,47 ,4487 ,7525 ,71154 ,84432 ,195665 
2026년,05월,KAL,KE,대한항공,국제,중국,중국,SHE,출발,정기,여객,62 ,7539 ,60 ,3979 ,9883 ,12242 ,0 ,181485 
2026년,05월,KAL,KE,대한항공,국제,중국,중국,SZX,도착,정기,여객,31 ,6534 ,11 ,941 ,9226 ,524533 ,0 ,92661 
2026년,05월,KAL,KE,대한항공,국제,중국,중국,SZX,출발,정기,여객,31 ,6502 ,21 ,559 ,208358 ,11739 ,0 ,70369 
2026년,05월,KAL,KE,대한항공,국제,중국,중국,TAO,도착,정기,여객,62 ,9352 ,47 ,3247 ,44185 ,311555 ,29662 ,179955 
2026년,05월,KAL,KE,대한항공,국제,중국,중국,TAO,출발,정기,여객,62 ,9871 ,56 ,2896 ,4162 ,25669 ,0 ,159538 
2026년,05월,KAL,KE,대한항공,국제,중국,중국,TSN,도착,정기,화물,20 ,0 ,0 ,0 ,129999 ,1206008 ,118662 ,0 
2026년,05월,KAL,KE,대한항공,국제,중국,중국,TSN,도착,정기,여객,45 ,4547 ,14 ,1643 ,53 ,686 ,0 ,93818 
2026년,05월,KAL,KE,대한항공,국제,중국,중국,TSN,출발,정기,화물,20 ,0 ,0 ,0 ,254248 ,494247 ,0 ,0 
2026년,05월,KAL,KE,대한항공,국제,중국,중국,TSN,출발,정기,여객,45 ,5284 ,17 ,1158 ,2102 ,1672 ,0 ,87688 
2026년,05월,KAL,KE,대한항공,국제,중국,중국,WUH,도착,정기,여객,22 ,4142 ,10 ,923 ,1841 ,323396 ,8218 ,65897 
2026년,05월,KAL,KE,대한항공,국제,중국,중국,WUH,출발,정기,여객,22 ,3556 ,13 ,573 ,23357 ,21897 ,0 ,51207 
2026년,05월,KAL,KE,대한항공,국제,중국,중국,XIY,도착,정기,여객,31 ,6532 ,13 ,974 ,54432 ,76707 ,0 ,98183 
2026년,05월,KAL,KE,대한항공,국제,중국,중국,XIY,출발,정기,화물,0 ,0 ,0 ,0 ,155776 ,64130 ,0 ,0 
2026년,05월,KAL,KE,대한항공,국제,중국,중국,XIY,출발,정기,여객,31 ,6864 ,21 ,809 ,29714 ,73633 ,0 ,93074 
2026년,05월,KAL,KE,대한항공,국제,중국,중국,XMN,도착,정기,여객,31 ,3916 ,12 ,319 ,4852 ,30124 ,2039 ,51187 
2026년,05월,KAL,KE,대한항공,국제,중국,중국,XMN,출발,정기,여객,31 ,3783 ,8 ,250 ,1218 ,354 ,0 ,40606 
2026년,05월,KAL,KE,대한항공,국제,중국,중국,YNJ,도착,정기,여객,31 ,4165 ,16 ,935 ,0 ,0 ,0 ,73787 
2026년,05월,KAL,KE,대한항공,국제,중국,중국,YNJ,출발,정기,여객,31 ,4278 ,11 ,359 ,0 ,0 ,0 ,47638 
2026년,05월,KAL,KE,대한항공,국제,동북아,대만,RMQ,도착,정기,여객,31 ,2438 ,23 ,64 ,0 ,0 ,0 ,31296 
2026년,05월,KAL,KE,대한항공,국제,동북아,대만,RMQ,출발,정기,여객,31 ,3000 ,30 ,27 ,0 ,0 ,0 ,50790 
2026년,05월,KAL,KE,대한항공,국제,동북아,대만,TPE,도착,정기,여객,62 ,14620 ,64 ,997 ,330658 ,294670 ,0 ,193052 
2026년,05월,KAL,KE,대한항공,국제,동북아,대만,TPE,출발,정기,여객,62 ,15273 ,62 ,606 ,372297 ,92568 ,11708 ,199547 
2026년,05월,KAL,KE,대한항공,국제,동북아,마카오,MFM,도착,정기,여객,31 ,4866 ,69 ,62 ,0 ,0 ,0 ,54654 
2026년,05월,KAL,KE,대한항공,국제,동북아,마카오,MFM,출발,정기,여객,31 ,4721 ,69 ,70 ,0 ,0 ,0 ,48553 
2026년,05월,KAL,KE,대한항공,국제,동북아,홍콩,HKG,도착,정기,화물,34 ,0 ,0 ,0 ,343894 ,2472905 ,0 ,0 
2026년,05월,KAL,KE,대한항공,국제,동북아,홍콩,HKG,도착,정기,여객,93 ,14129 ,51 ,3276 ,39014 ,792365 ,0 ,245154 
2026년,05월,KAL,KE,대한항공,국제,동북아,홍콩,HKG,도착,부정기,화물,30 ,0 ,0 ,0 ,59211 ,2584254 ,0 ,0 
2026년,05월,KAL,KE,대한항공,국제,동북아,홍콩,HKG,출발,정기,화물,34 ,0 ,0 ,0 ,948388 ,259881 ,0 ,0 
2026년,05월,KAL,KE,대한항공,국제,동북아,홍콩,HKG,출발,정기,여객,93 ,14247 ,69 ,3749 ,51969 ,152863 ,78411 ,257809 
2026년,05월,KAL,KE,대한항공,국제,동북아,홍콩,HKG,출발,부정기,화물,30 ,0 ,0 ,0 ,33451 ,77019 ,21207 ,0 
2026년,05월,KAL,KE,대한항공,국제,동북아,몽골,UBN,도착,정기,여객,27 ,4188 ,31 ,1888 ,6155 ,5359 ,57 ,97117 
2026년,05월,KAL,KE,대한항공,국제,동북아,몽골,UBN,출발,정기,여객,27 ,4505 ,42 ,1989 ,78238 ,135512 ,4885 ,124766 
2026년,05월,KAL,KE,대한항공,국제,동남아,말레이시아,KUL,도착,정기,화물,4 ,0 ,0 ,0 ,120714 ,173285 ,0 ,0 
2026년,05월,KAL,KE,대한항공,국제,동남아,말레이시아,KUL,도착,정기,여객,31 ,6267 ,24 ,1316 ,120575 ,296346 ,0 ,117227 
2026년,05월,KAL,KE,대한항공,국제,동남아,말레이시아,KUL,출발,정기,화물,4 ,0 ,0 ,0 ,125971 ,305895 ,0 ,0 
2026년,05월,KAL,KE,대한항공,국제,동남아,말레이시아,KUL,출발,정기,여객,31 ,5864 ,28 ,911 ,128654 ,126816 ,5651 ,122037 
2026년,05월,KAL,KE,대한항공,국제,동남아,말레이시아,PEN,도착,정기,화물,24 ,0 ,0 ,0 ,515229 ,1368527 ,0 ,0 
2026년,05월,KAL,KE,대한항공,국제,동남아,말레이시아,PEN,출발,정기,화물,24 ,0 ,0 ,0 ,106712 ,714477 ,0 ,0 
2026년,05월,KAL,KE,대한항공,국제,동남아,미얀마,RGN,도착,정기,여객,4 ,857 ,1 ,100 ,18794 ,15396 ,0 ,22941 
2026년,05월,KAL,KE,대한항공,국제,동남아,미얀마,RGN,출발,정기,여객,4 ,602 ,3 ,168 ,364 ,6889 ,0 ,24771 
2026년,05월,KAL,KE,대한항공,국제,동남아,베트남,CXR,도착,정기,여객,31 ,6726 ,92 ,863 ,286 ,0 ,0 ,131065 
2026년,05월,KAL,KE,대한항공,국제,동남아,베트남,CXR,출발,정기,여객,31 ,6218 ,107 ,765 ,0 ,0 ,0 ,95181 
2026년,05월,KAL,KE,대한항공,국제,동남아,베트남,DAD,도착,정기,여객,62 ,13633 ,164 ,2094 ,132717 ,138673 ,0 ,252875 
2026년,05월,KAL,KE,대한항공,국제,동남아,베트남,DAD,출발,정기,여객,62 ,13031 ,165 ,2213 ,12550 ,106299 ,0 ,200411 
2026년,05월,KAL,KE,대한항공,국제,동남아,베트남,HAN,도착,정기,화물,28 ,0 ,0 ,0 ,958487 ,1175696 ,0 ,0 
2026년,05월,KAL,KE,대한항공,국제,동남아,베트남,HAN,도착,정기,여객,62 ,12929 ,66 ,2989 ,67463 ,467822 ,0 ,252375 
2026년,05월,KAL,KE,대한항공,국제,동남아,베트남,HAN,출발,정기,화물,28 ,0 ,0 ,0 ,1762061 ,314089 ,0 ,0 
2026년,05월,KAL,KE,대한항공,국제,동남아,베트남,HAN,출발,정기,여객,62 ,11705 ,75 ,3569 ,124889 ,167002 ,4344 ,230683 
2026년,05월,KAL,KE,대한항공,국제,동남아,베트남,HAN,출발,부정기,화물,0 ,0 ,0 ,0 ,153090 ,46596 ,0 ,0 
2026년,05월,KAL,KE,대한항공,국제,동남아,베트남,PQC,도착,정기,여객,31 ,4332 ,79 ,163 ,385 ,0 ,0 ,64602 
2026년,05월,KAL,KE,대한항공,국제,동남아,베트남,PQC,출발,정기,여객,31 ,3997 ,69 ,198 ,0 ,0 ,0 ,49094 
2026년,05월,KAL,KE,대한항공,국제,동남아,베트남,SGN,도착,정기,화물,8 ,0 ,0 ,0 ,81505 ,475030 ,0 ,0 
2026년,05월,KAL,KE,대한항공,국제,동남아,베트남,SGN,도착,정기,여객,93 ,12908 ,78 ,10282 ,291401 ,647310 ,0 ,551176 
2026년,05월,KAL,KE,대한항공,국제,동남아,베트남,SGN,출발,정기,화물,8 ,0 ,0 ,0 ,73856 ,128710 ,0 ,0 
2026년,05월,KAL,KE,대한항공,국제,동남아,베트남,SGN,출발,정기,여객,93 ,12536 ,109 ,9518 ,331206 ,188122 ,7342 ,475156 
2026년,05월,KAL,KE,대한항공,국제,동남아,싱가포르,SIN,도착,정기,화물,6 ,0 ,0 ,0 ,216569 ,144349 ,0 ,0 
2026년,05월,KAL,KE,대한항공,국제,동남아,싱가포르,SIN,도착,정기,여객,93 ,22588 ,197 ,2875 ,636045 ,284838 ,0 ,351904 
2026년,05월,KAL,KE,대한항공,국제,동남아,싱가포르,SIN,출발,정기,화물,6 ,0 ,0 ,0 ,333656 ,437590 ,0 ,0 
2026년,05월,KAL,KE,대한항공,국제,동남아,싱가포르,SIN,출발,정기,여객,92 ,20610 ,198 ,2771 ,337847 ,669069 ,26417 ,401781 
2026년,05월,KAL,KE,대한항공,국제,동남아,인도네시아,CGK,도착,정기,여객,9 ,1795 ,7 ,398 ,37087 ,68342 ,0 ,42864 
2026년,05월,KAL,KE,대한항공,국제,동남아,인도네시아,CGK,출발,정기,화물,0 ,0 ,0 ,0 ,63674 ,141212 ,0 ,0 
2026년,05월,KAL,KE,대한항공,국제,동남아,인도네시아,CGK,출발,정기,여객,8 ,1472 ,15 ,234 ,25774 ,42222 ,13666 ,46724 
2026년,05월,KAL,KE,대한항공,국제,동남아,인도네시아,DPS,도착,정기,여객,62 ,12914 ,64 ,4570 ,5692 ,54541 ,0 ,304996 
2026년,05월,KAL,KE,대한항공,국제,동남아,인도네시아,DPS,출발,정기,여객,62 ,12328 ,83 ,3503 ,142930 ,13357 ,0 ,237183 
2026년,05월,KAL,KE,대한항공,국제,동남아,캄보디아,KTI,도착,정기,여객,31 ,2928 ,15 ,2316 ,2403 ,10291 ,0 ,137125 
2026년,05월,KAL,KE,대한항공,국제,동남아,캄보디아,KTI,출발,정기,여객,31 ,1931 ,16 ,1871 ,166 ,0 ,331 ,94748 
2026년,05월,KAL,KE,대한항공,국제,동남아,태국,BKK,도착,정기,화물,9 ,0 ,0 ,0 ,214759 ,514376 ,0 ,0 
2026년,05월,KAL,KE,대한항공,국제,동남아,태국,BKK,도착,정기,여객,100 ,16074 ,59 ,9439 ,733483 ,650001 ,0 ,483061 
2026년,05월,KAL,KE,대한항공,국제,동남아,태국,BKK,출발,정기,화물,10 ,0 ,0 ,0 ,119545 ,187498 ,0 ,0 
2026년,05월,KAL,KE,대한항공,국제,동남아,태국,BKK,출발,정기,여객,101 ,17133 ,97 ,7752 ,522694 ,441740 ,23824 ,454178 
2026년,05월,KAL,KE,대한항공,국제,동남아,태국,HKT,도착,정기,여객,29 ,5110 ,39 ,2014 ,236383 ,0 ,0 ,114093 
2026년,05월,KAL,KE,대한항공,국제,동남아,태국,HKT,출발,정기,여객,28 ,4453 ,48 ,1076 ,26929 ,115785 ,0 ,78134 
2026년,05월,KAL,KE,대한항공,국제,동남아,필리핀,CEB,도착,정기,여객,31 ,6030 ,57 ,3006 ,136962 ,49936 ,0 ,166121 
2026년,05월,KAL,KE,대한항공,국제,동남아,필리핀,CEB,출발,정기,여객,31 ,5612 ,69 ,3396 ,27656 ,415878 ,0 ,188546 
2026년,05월,KAL,KE,대한항공,국제,동남아,필리핀,MNL,도착,정기,여객,101 ,10147 ,44 ,15325 ,315764 ,267161 ,0 ,621395 
2026년,05월,KAL,KE,대한항공,국제,동남아,필리핀,MNL,출발,정기,화물,0 ,0 ,0 ,0 ,65708 ,207201 ,0 ,0 
2026년,05월,KAL,KE,대한항공,국제,동남아,필리핀,MNL,출발,정기,여객,102 ,9712 ,124 ,14474 ,283055 ,360392 ,7882 ,649824 
2026년,05월,KAL,KE,대한항공,국제,미주,멕시코,GDL,도착,정기,화물,14 ,0 ,0 ,0 ,110988 ,305057 ,0 ,0 
2026년,05월,KAL,KE,대한항공,국제,미주,멕시코,GDL,출발,정기,화물,13 ,0 ,0 ,0 ,39909 ,233161 ,0 ,0 
2026년,05월,KAL,KE,대한항공,국제,미주,미국,ANC,도착,정기,화물,0 ,0 ,0 ,0 ,1621 ,0 ,0 ,0 
2026년,05월,KAL,KE,대한항공,국제,미주,미국,ANC,출발,정기,화물,0 ,0 ,0 ,0 ,46513 ,45731 ,0 ,0 
2026년,05월,KAL,KE,대한항공,국제,미주,미국,ATL,도착,정기,화물,14 ,0 ,0 ,0 ,221006 ,414453 ,0 ,0 
2026년,05월,KAL,KE,대한항공,국제,미주,미국,ATL,도착,정기,여객,58 ,8953 ,41 ,5045 ,21681 ,47400 ,0 ,354030 
2026년,05월,KAL,KE,대한항공,국제,미주,미국,ATL,출발,정기,화물,14 ,0 ,0 ,0 ,167573 ,246679 ,0 ,0 
2026년,05월,KAL,KE,대한항공,국제,미주,미국,ATL,출발,정기,여객,58 ,7386 ,50 ,6628 ,72414 ,782146 ,0 ,388128 
2026년,05월,KAL,KE,대한항공,국제,미주,미국,BOS,도착,정기,여객,31 ,4608 ,22 ,3251 ,54991 ,21595 ,0 ,218384 
2026년,05월,KAL,KE,대한항공,국제,미주,미국,BOS,출발,정기,여객,31 ,3741 ,42 ,4115 ,85678 ,343830 ,0 ,207142 
2026년,05월,KAL,KE,대한항공,국제,미주,미국,DFW,도착,정기,여객,31 ,4974 ,39 ,2806 ,430 ,4741 ,0 ,198454 
2026년,05월,KAL,KE,대한항공,국제,미주,미국,DFW,출발,정기,화물,0 ,0 ,0 ,0 ,1009746 ,1289525 ,0 ,0 
2026년,05월,KAL,KE,대한항공,국제,미주,미국,DFW,출발,정기,여객,31 ,4036 ,43 ,3546 ,16040 ,260083 ,0 ,217893 
2026년,05월,KAL,KE,대한항공,국제,미주,미국,IAD,도착,정기,여객,31 ,4556 ,38 ,3113 ,64685 ,93331 ,0 ,209533 
2026년,05월,KAL,KE,대한항공,국제,미주,미국,IAD,출발,정기,여객,31 ,4488 ,49 ,3058 ,21420 ,415066 ,0 ,211074 
2026년,05월,KAL,KE,대한항공,국제,미주,미국,JFK,도착,정기,화물,31 ,0 ,0 ,0 ,466077 ,398198 ,0 ,0 
2026년,05월,KAL,KE,대한항공,국제,미주,미국,JFK,도착,정기,여객,62 ,12691 ,38 ,6735 ,83983 ,32920 ,932 ,481413 
2026년,05월,KAL,KE,대한항공,국제,미주,미국,JFK,출발,정기,화물,30 ,0 ,0 ,0 ,192534 ,922621 ,0 ,0 
2026년,05월,KAL,KE,대한항공,국제,미주,미국,JFK,출발,정기,여객,62 ,11296 ,81 ,8358 ,59216 ,568687 ,56697 ,489450 
2026년,05월,KAL,KE,대한항공,국제,미주,미국,LAS,도착,정기,여객,31 ,2956 ,8 ,4745 ,68299 ,0 ,0 ,181598 
2026년,05월,KAL,KE,대한항공,국제,미주,미국,LAS,출발,정기,여객,31 ,2864 ,21 ,4702 ,2375 ,466491 ,0 ,181073 
2026년,05월,KAL,KE,대한항공,국제,미주,미국,LAX,도착,정기,화물,58 ,0 ,0 ,0 ,1007763 ,616158 ,0 ,0 
2026년,05월,KAL,KE,대한항공,국제,미주,미국,LAX,도착,정기,여객,75 ,16197 ,71 ,9650 ,244822 ,117591 ,591 ,598335 
2026년,05월,KAL,KE,대한항공,국제,미주,미국,LAX,출발,정기,화물,60 ,0 ,0 ,0 ,1084469 ,4405617 ,0 ,0 
2026년,05월,KAL,KE,대한항공,국제,미주,미국,LAX,출발,정기,여객,75 ,14146 ,131 ,10595 ,53786 ,580544 ,40057 ,607851 
2026년,05월,KAL,KE,대한항공,국제,미주,미국,MIA,출발,정기,화물,0 ,0 ,0 ,0 ,26099 ,715460 ,0 ,0 
2026년,05월,KAL,KE,대한항공,국제,미주,미국,ORD,도착,정기,화물,42 ,0 ,0 ,0 ,238217 ,178908 ,0 ,0 
2026년,05월,KAL,KE,대한항공,국제,미주,미국,ORD,도착,정기,여객,31 ,5338 ,31 ,2475 ,45979 ,85349 ,538 ,207538 
2026년,05월,KAL,KE,대한항공,국제,미주,미국,ORD,출발,정기,화물,43 ,0 ,0 ,0 ,784378 ,3390038 ,0 ,0 
2026년,05월,KAL,KE,대한항공,국제,미주,미국,ORD,출발,정기,여객,31 ,4925 ,39 ,2987 ,100292 ,414811 ,20198 ,201936 
2026년,05월,KAL,KE,대한항공,국제,미주,미국,SEA,도착,정기,화물,18 ,0 ,0 ,0 ,506253 ,225542 ,0 ,0 
2026년,05월,KAL,KE,대한항공,국제,미주,미국,SEA,도착,정기,여객,31 ,5274 ,40 ,3657 ,8649 ,21966 ,0 ,195721 
2026년,05월,KAL,KE,대한항공,국제,미주,미국,SEA,출발,정기,화물,17 ,0 ,0 ,0 ,0 ,46679 ,0 ,0 
2026년,05월,KAL,KE,대한항공,국제,미주,미국,SEA,출발,정기,여객,31 ,4435 ,58 ,4387 ,7465 ,327889 ,0 ,219536 
2026년,05월,KAL,KE,대한항공,국제,미주,미국,SFO,도착,정기,화물,0 ,0 ,0 ,0 ,281511 ,274754 ,0 ,0 
2026년,05월,KAL,KE,대한항공,국제,미주,미국,SFO,도착,정기,여객,31 ,5424 ,31 ,3661 ,72378 ,68828 ,0 ,199782 
2026년,05월,KAL,KE,대한항공,국제,미주,미국,SFO,출발,정기,여객,31 ,4773 ,45 ,3514 ,20177 ,297946 ,0 ,185556 
2026년,05월,KAL,KE,대한항공,국제,미주,미국,SJC,도착,부정기,여객,1 ,4 ,0 ,0 ,0 ,0 ,0 ,0 
2026년,05월,KAL,KE,대한항공,국제,미주,브라질,VCP,도착,정기,화물,9 ,0 ,0 ,0 ,5418 ,25718 ,0 ,0 
2026년,05월,KAL,KE,대한항공,국제,미주,브라질,VCP,출발,정기,화물,9 ,0 ,0 ,0 ,54529 ,212757 ,0 ,0 
2026년,05월,KAL,KE,대한항공,국제,미주,칠레,SCL,도착,정기,화물,0 ,0 ,0 ,0 ,42257 ,98020 ,0 ,0 
2026년,05월,KAL,KE,대한항공,국제,미주,캐나다,YEG,도착,정기,화물,0 ,0 ,0 ,0 ,0 ,0 ,0 ,0 
2026년,05월,KAL,KE,대한항공,국제,미주,캐나다,YHZ,도착,정기,화물,0 ,0 ,0 ,0 ,156569 ,293507 ,0 ,0 
2026년,05월,KAL,KE,대한항공,국제,미주,캐나다,YVR,도착,정기,화물,0 ,0 ,0 ,0 ,22170 ,6370 ,0 ,0 
2026년,05월,KAL,KE,대한항공,국제,미주,캐나다,YVR,도착,정기,여객,62 ,6572 ,69 ,11488 ,42814 ,44348 ,0 ,438681 
2026년,05월,KAL,KE,대한항공,국제,미주,캐나다,YVR,출발,정기,여객,62 ,7906 ,164 ,10377 ,56445 ,634246 ,24403 ,528555 
2026년,05월,KAL,KE,대한항공,국제,미주,캐나다,YYZ,도착,정기,화물,9 ,0 ,0 ,0 ,203433 ,123668 ,0 ,0 
2026년,05월,KAL,KE,대한항공,국제,미주,캐나다,YYZ,도착,정기,여객,31 ,5503 ,43 ,3429 ,22098 ,13682 ,0 ,220563 
2026년,05월,KAL,KE,대한항공,국제,미주,캐나다,YYZ,출발,정기,화물,9 ,0 ,0 ,0 ,4937 ,676615 ,0 ,0 
2026년,05월,KAL,KE,대한항공,국제,미주,캐나다,YYZ,출발,정기,여객,31 ,5194 ,92 ,3739 ,7045 ,233163 ,25943 ,284102 
2026년,05월,KAL,KE,대한항공,국제,미주,페루,LIM,도착,정기,화물,0 ,0 ,0 ,0 ,18549 ,198016 ,0 ,0 
2026년,05월,KAL,KE,대한항공,국제,대양주,뉴질랜드,AKL,도착,정기,여객,17 ,3931 ,54 ,495 ,62791 ,43252 ,0 ,85305 
2026년,05월,KAL,KE,대한항공,국제,대양주,뉴질랜드,AKL,출발,정기,여객,18 ,3505 ,48 ,232 ,17828 ,91469 ,17836 ,80851 
2026년,05월,KAL,KE,대한항공,국제,대양주,호주,BNE,도착,정기,여객,18 ,3504 ,44 ,541 ,60067 ,2618 ,0 ,72930 
2026년,05월,KAL,KE,대한항공,국제,대양주,호주,BNE,출발,정기,여객,18 ,3821 ,53 ,272 ,31678 ,89672 ,26124 ,80605 
2026년,05월,KAL,KE,대한항공,국제,대양주,호주,SYD,도착,정기,여객,31 ,8309 ,60 ,933 ,75643 ,6973 ,0 ,168148 
2026년,05월,KAL,KE,대한항공,국제,대양주,호주,SYD,출발,정기,여객,31 ,7846 ,82 ,495 ,101043 ,178818 ,36528 ,150199 
2026년,05월,KAL,KE,대한항공,국제,대양주,괌,GUM,도착,정기,여객,42 ,8887 ,194 ,1034 ,16348 ,1416 ,0 ,131993 
2026년,05월,KAL,KE,대한항공,국제,대양주,괌,GUM,출발,정기,여객,41 ,8114 ,180 ,792 ,94086 ,59777 ,746 ,114688 
2026년,05월,KAL,KE,대한항공,국제,대양주,하와이,HNL,도착,정기,여객,31 ,6322 ,39 ,3059 ,18762 ,35452 ,785 ,194961 
2026년,05월,KAL,KE,대한항공,국제,대양주,하와이,HNL,출발,정기,여객,31 ,5687 ,62 ,2650 ,22122 ,377031 ,1384 ,167116 
2026년,05월,KAL,KE,대한항공,국제,유럽,아르메니아,EVN,도착,부정기,여객,1 ,281 ,0 ,0 ,0 ,0 ,0 ,5106 
2026년,05월,KAL,KE,대한항공,국제,유럽,아르메니아,EVN,출발,부정기,여객,1 ,276 ,0 ,0 ,0 ,0 ,0 ,4386 
2026년,05월,KAL,KE,대한항공,국제,유럽,그리스,ATH,도착,부정기,여객,3 ,854 ,1 ,0 ,0 ,0 ,0 ,16266 
2026년,05월,KAL,KE,대한항공,국제,유럽,그리스,ATH,출발,부정기,여객,2 ,568 ,1 ,0 ,0 ,0 ,0 ,9845 
2026년,05월,KAL,KE,대한항공,국제,유럽,네덜란드,AMS,도착,정기,화물,13 ,0 ,0 ,0 ,821653 ,181072 ,3871 ,0 
2026년,05월,KAL,KE,대한항공,국제,유럽,네덜란드,AMS,도착,정기,여객,20 ,4446 ,24 ,519 ,171497 ,79149 ,11617 ,93328 
2026년,05월,KAL,KE,대한항공,국제,유럽,네덜란드,AMS,출발,정기,화물,14 ,0 ,0 ,0 ,376003 ,807257 ,0 ,0 
2026년,05월,KAL,KE,대한항공,국제,유럽,네덜란드,AMS,출발,정기,여객,20 ,5085 ,31 ,353 ,98994 ,237943 ,0 ,102532 
2026년,05월,KAL,KE,대한항공,국제,유럽,노르웨이,OSL,도착,정기,화물,8 ,0 ,0 ,0 ,464241 ,148241 ,0 ,0 
2026년,05월,KAL,KE,대한항공,국제,유럽,노르웨이,OSL,출발,정기,화물,8 ,0 ,0 ,0 ,65705 ,52016 ,0 ,0 
2026년,05월,KAL,KE,대한항공,국제,유럽,독일,FRA,도착,정기,화물,17 ,0 ,0 ,0 ,957991 ,317755 ,647 ,0 
2026년,05월,KAL,KE,대한항공,국제,유럽,독일,FRA,도착,정기,여객,13 ,3213 ,16 ,145 ,105830 ,35845 ,0 ,64502 
2026년,05월,KAL,KE,대한항공,국제,유럽,독일,FRA,출발,정기,화물,16 ,0 ,0 ,0 ,399350 ,908802 ,2691 ,0 
2026년,05월,KAL,KE,대한항공,국제,유럽,독일,FRA,출발,정기,여객,14 ,3714 ,27 ,113 ,111783 ,87251 ,11669 ,74037 
2026년,05월,KAL,KE,대한항공,국제,유럽,스위스,ZRH,도착,정기,화물,4 ,0 ,0 ,0 ,181121 ,76690 ,0 ,0 
2026년,05월,KAL,KE,대한항공,국제,유럽,스위스,ZRH,도착,정기,여객,14 ,3170 ,10 ,136 ,62051 ,72382 ,0 ,62076 
2026년,05월,KAL,KE,대한항공,국제,유럽,스위스,ZRH,출발,정기,화물,5 ,0 ,0 ,0 ,8450 ,62710 ,453 ,0 
2026년,05월,KAL,KE,대한항공,국제,유럽,스위스,ZRH,출발,정기,여객,13 ,3285 ,12 ,201 ,2577 ,99744 ,2261 ,66254 
2026년,05월,KAL,KE,대한항공,국제,유럽,스페인,MAD,도착,정기,화물,9 ,0 ,0 ,0 ,336710 ,508149 ,0 ,0 
2026년,05월,KAL,KE,대한항공,국제,유럽,스페인,MAD,도착,정기,여객,18 ,4384 ,7 ,180 ,129710 ,23492 ,0 ,88869 
2026년,05월,KAL,KE,대한항공,국제,유럽,스페인,MAD,출발,정기,화물,9 ,0 ,0 ,0 ,3808 ,704184 ,0 ,0 
2026년,05월,KAL,KE,대한항공,국제,유럽,스페인,MAD,출발,정기,여객,18 ,4448 ,16 ,269 ,4306 ,65271 ,3467 ,80003 
2026년,05월,KAL,KE,대한항공,국제,유럽,영국,LHR,도착,정기,화물,11 ,0 ,0 ,0 ,157680 ,77858 ,0 ,0 
2026년,05월,KAL,KE,대한항공,국제,유럽,영국,LHR,도착,정기,여객,31 ,6342 ,31 ,632 ,236634 ,45798 ,16225 ,137845 
2026년,05월,KAL,KE,대한항공,국제,유럽,영국,LHR,출발,정기,화물,10 ,0 ,0 ,0 ,298686 ,346173 ,882 ,0 
2026년,05월,KAL,KE,대한항공,국제,유럽,영국,LHR,출발,정기,여객,31 ,7508 ,39 ,575 ,150246 ,238029 ,39120 ,164911 
2026년,05월,KAL,KE,대한항공,국제,유럽,오스트리아,VIE,도착,정기,화물,0 ,0 ,0 ,0 ,0 ,0 ,0 ,0 
2026년,05월,KAL,KE,대한항공,국제,유럽,오스트리아,VIE,도착,정기,여객,17 ,4001 ,9 ,200 ,84766 ,51930 ,0 ,78620 
2026년,05월,KAL,KE,대한항공,국제,유럽,오스트리아,VIE,출발,정기,화물,0 ,0 ,0 ,0 ,681060 ,585722 ,527 ,0 
2026년,05월,KAL,KE,대한항공,국제,유럽,오스트리아,VIE,출발,정기,여객,18 ,4419 ,14 ,234 ,102289 ,191834 ,3923 ,86028 
2026년,05월,KAL,KE,대한항공,국제,유럽,오스트리아,VIE,출발,부정기,화물,0 ,0 ,0 ,0 ,0 ,1940 ,0 ,0 
2026년,05월,KAL,KE,대한항공,국제,유럽,이탈리아,FCO,도착,정기,여객,13 ,3525 ,2 ,183 ,54599 ,41533 ,0 ,74392 
2026년,05월,KAL,KE,대한항공,국제,유럽,이탈리아,FCO,출발,정기,여객,13 ,3751 ,9 ,199 ,58526 ,32352 ,0 ,68536 
2026년,05월,KAL,KE,대한항공,국제,유럽,이탈리아,MXP,도착,정기,화물,4 ,0 ,0 ,0 ,334905 ,33931 ,0 ,0 
2026년,05월,KAL,KE,대한항공,국제,유럽,이탈리아,MXP,도착,정기,여객,17 ,4641 ,8 ,284 ,51970 ,11848 ,0 ,96005 
2026년,05월,KAL,KE,대한항공,국제,유럽,이탈리아,MXP,도착,부정기,화물,9 ,0 ,0 ,0 ,415945 ,191943 ,0 ,0 
2026년,05월,KAL,KE,대한항공,국제,유럽,이탈리아,MXP,출발,정기,화물,5 ,0 ,0 ,0 ,29211 ,222474 ,0 ,0 
2026년,05월,KAL,KE,대한항공,국제,유럽,이탈리아,MXP,출발,정기,여객,18 ,5088 ,13 ,352 ,8406 ,66924 ,1511 ,96324 
2026년,05월,KAL,KE,대한항공,국제,유럽,이탈리아,MXP,출발,부정기,화물,8 ,0 ,0 ,0 ,0 ,6336 ,0 ,0 
2026년,05월,KAL,KE,대한항공,국제,유럽,체코,PRG,도착,정기,여객,18 ,4560 ,20 ,425 ,43555 ,77603 ,0 ,90231 
2026년,05월,KAL,KE,대한항공,국제,유럽,체코,PRG,출발,정기,여객,18 ,5102 ,7 ,503 ,7103 ,81713 ,0 ,96062 
2026년,05월,KAL,KE,대한항공,국제,유럽,포르투갈,LIS,도착,정기,여객,13 ,3230 ,2 ,57 ,48954 ,15343 ,0 ,66295 
2026년,05월,KAL,KE,대한항공,국제,유럽,포르투갈,LIS,출발,정기,여객,14 ,3567 ,4 ,132 ,6539 ,0 ,0 ,63946 
2026년,05월,KAL,KE,대한항공,국제,유럽,프랑스,CDG,도착,정기,화물,0 ,0 ,0 ,0 ,405687 ,63379 ,0 ,0 
2026년,05월,KAL,KE,대한항공,국제,유럽,프랑스,CDG,도착,정기,여객,27 ,6292 ,29 ,407 ,432336 ,39118 ,0 ,132545 
2026년,05월,KAL,KE,대한항공,국제,유럽,프랑스,CDG,출발,정기,여객,26 ,6526 ,23 ,142 ,93994 ,317607 ,14025 ,127518 
2026년,05월,KAL,KE,대한항공,국제,유럽,헝가리,BUD,도착,정기,여객,18 ,4622 ,13 ,387 ,27608 ,3210 ,0 ,93386 
2026년,05월,KAL,KE,대한항공,국제,유럽,헝가리,BUD,출발,정기,여객,17 ,4246 ,11 ,590 ,9416 ,151369 ,1868 ,91260 
2026년,05월,KAL,KE,대한항공,국제,유럽,튀르키예,IST,도착,정기,여객,22 ,4651 ,6 ,699 ,111647 ,27047 ,0 ,95116 
2026년,05월,KAL,KE,대한항공,국제,유럽,튀르키예,IST,출발,정기,여객,23 ,4706 ,6 ,788 ,123790 ,100859 ,1192 ,103174 
2026년,05월,KAL,KE,대한항공,국제,유럽,조지아,TBS,출발,부정기,여객,1 ,281 ,0 ,0 ,0 ,0 ,0 ,4459 
2026년,05월,KAL,KE,대한항공,국제,기타,네팔,KTM,도착,정기,여객,9 ,1637 ,31 ,681 ,19308 ,8599 ,0 ,57695 
2026년,05월,KAL,KE,대한항공,국제,기타,네팔,KTM,출발,정기,여객,9 ,1416 ,34 ,484 ,4897 ,84998 ,0 ,49846 
2026년,05월,KAL,KE,대한항공,국제,기타,인도,DEL,도착,정기,여객,18 ,2759 ,25 ,1919 ,139235 ,101204 ,0 ,113897 
2026년,05월,KAL,KE,대한항공,국제,기타,인도,DEL,출발,정기,여객,18 ,2372 ,10 ,397 ,10267 ,141382 ,0 ,57890 
2026년,05월,KAL,KE,대한항공,국제,기타,인도,DEL,출발,부정기,화물,0 ,0 ,0 ,0 ,113053 ,39613 ,0 ,0 
2026년,05월,KLM,KL,KLM네덜란드항공,국제,유럽,네덜란드,AMS,도착,정기,여객,31 ,7277 ,46 ,315 ,506506 ,0 ,3865 ,128279 
2026년,05월,KLM,KL,KLM네덜란드항공,국제,유럽,네덜란드,AMS,출발,정기,여객,31 ,7582 ,50 ,504 ,351482 ,0 ,10190 ,163263 
2026년,05월,KZR,KC,아스타나항공,국제,유럽,카자흐스탄,ALA,도착,정기,여객,31 ,4369 ,26 ,617 ,14210 ,0 ,1124 ,78443 
2026년,05월,KZR,KC,아스타나항공,국제,유럽,카자흐스탄,ALA,출발,정기,여객,31 ,5470 ,40 ,413 ,160129 ,0 ,3110 ,118605 
2026년,05월,KZR,KC,아스타나항공,국제,유럽,카자흐스탄,NQZ,도착,정기,여객,13 ,1208 ,11 ,329 ,1062 ,0 ,259 ,19564 
2026년,05월,KZR,KC,아스타나항공,국제,유럽,카자흐스탄,NQZ,출발,정기,여객,13 ,1366 ,12 ,353 ,1346 ,0 ,0 ,34605 
2026년,05월,LAO,QV,라오 항공,국제,동남아,라오스,VTE,도착,정기,여객,22 ,3016 ,9 ,38 ,29438 ,0 ,350 ,46091 
2026년,05월,LAO,QV,라오 항공,국제,동남아,라오스,VTE,도착,부정기,여객,1 ,0 ,0 ,0 ,1444 ,0 ,0 ,0 
2026년,05월,LAO,QV,라오 항공,국제,동남아,라오스,VTE,출발,정기,여객,21 ,2537 ,7 ,67 ,20327 ,0 ,2201 ,40519 
2026년,05월,LAO,QV,라오 항공,국제,동남아,라오스,VTE,출발,부정기,여객,1 ,92 ,0 ,4 ,0 ,0 ,0 ,1495 
2026년,05월,LHA,GI,롱하오 항공,국제,중국,중국,WEH,도착,정기,화물,31 ,0 ,0 ,0 ,507883 ,0 ,0 ,0 
2026년,05월,LHA,GI,롱하오 항공,국제,중국,중국,WEH,출발,정기,화물,31 ,0 ,0 ,0 ,424338 ,0 ,0 ,0 
2026년,05월,LOT,LO,LOT 폴란드항공,국제,유럽,폴란드,WAW,도착,정기,여객,26 ,5668 ,22 ,101 ,208326 ,0 ,14024 ,86418 
2026년,05월,LOT,LO,LOT 폴란드항공,국제,유럽,폴란드,WAW,도착,부정기,여객,5 ,869 ,5 ,15 ,21718 ,0 ,4845 ,12945 
2026년,05월,LOT,LO,LOT 폴란드항공,국제,유럽,폴란드,WAW,출발,정기,여객,25 ,5918 ,22 ,68 ,220729 ,0 ,19730 ,110539 
2026년,05월,LOT,LO,LOT 폴란드항공,국제,유럽,폴란드,WAW,출발,부정기,여객,5 ,1234 ,8 ,25 ,54467 ,0 ,3293 ,22180 
2026년,05월,LOT,LO,LOT 폴란드항공,국제,유럽,폴란드,WRO,도착,정기,여객,5 ,1199 ,7 ,7 ,6096 ,0 ,0 ,20144 
2026년,05월,LOT,LO,LOT 폴란드항공,국제,유럽,폴란드,WRO,출발,정기,여객,5 ,1331 ,8 ,5 ,46204 ,0 ,0 ,26682 
2026년,05월,MAA,M7,MAS AIR,국제,중국,중국,WUX,도착,정기,화물,0 ,0 ,0 ,0 ,0 ,0 ,0 ,0 
2026년,05월,MAA,M7,MAS AIR,국제,중국,중국,WUX,출발,정기,화물,0 ,0 ,0 ,0 ,0 ,0 ,0 ,0 
2026년,05월,MAA,M7,MAS AIR,국제,미주,멕시코,NLU,도착,정기,화물,13 ,0 ,0 ,0 ,365 ,0 ,0 ,0 
2026년,05월,MAA,M7,MAS AIR,국제,미주,멕시코,NLU,출발,정기,화물,12 ,0 ,0 ,0 ,33029 ,0 ,0 ,0 
2026년,05월,MAA,M7,MAS AIR,국제,미주,미국,ANC,출발,정기,화물,1 ,0 ,0 ,0 ,0 ,0 ,0 ,0 
2026년,05월,MAA,M7,MAS AIR,국제,미주,미국,LAX,도착,정기,화물,0 ,0 ,0 ,0 ,0 ,0 ,0 ,0 
2026년,05월,MAS,MH,말레이시아항공,국제,동남아,말레이시아,KUL,도착,정기,여객,54 ,10402 ,63 ,52 ,410886 ,0 ,7304 ,154021 
2026년,05월,MAS,MH,말레이시아항공,국제,동남아,말레이시아,KUL,출발,정기,여객,54 ,10818 ,68 ,197 ,589784 ,0 ,19632 ,204986 
2026년,05월,MFX,C6,센트럼 항공 / MY FREIGHTER,국제,유럽,우즈베키스탄,TAS,도착,정기,여객,9 ,1224 ,11 ,2 ,331 ,0 ,0 ,15145 
2026년,05월,MFX,C6,센트럼 항공 / MY FREIGHTER,국제,유럽,우즈베키스탄,TAS,출발,정기,여객,9 ,1223 ,18 ,11 ,11564 ,41 ,0 ,19330 
2026년,05월,MGL,OM,몽골항공,국제,동북아,몽골,UBN,도착,정기,여객,50 ,8226 ,64 ,824 ,40213 ,0 ,758 ,132300 
2026년,05월,MGL,OM,몽골항공,국제,동북아,몽골,UBN,도착,부정기,화물,3 ,0 ,0 ,0 ,29544 ,2 ,0 ,0 
2026년,05월,MGL,OM,몽골항공,국제,동북아,몽골,UBN,도착,부정기,여객,12 ,1557 ,8 ,2 ,43 ,0 ,0 ,23443 
2026년,05월,MGL,OM,몽골항공,국제,동북아,몽골,UBN,출발,정기,여객,49 ,8614 ,93 ,1101 ,239640 ,0 ,0 ,188999 
2026년,05월,MGL,OM,몽골항공,국제,동북아,몽골,UBN,출발,부정기,화물,3 ,0 ,0 ,0 ,39190 ,0 ,0 ,0 
2026년,05월,MGL,OM,몽골항공,국제,동북아,몽골,UBN,출발,부정기,여객,13 ,1902 ,18 ,191 ,19816 ,0 ,0 ,38673 
2026년,05월,MMA,8M,미얀마 국제항공,국제,동남아,미얀마,RGN,도착,정기,여객,16 ,1649 ,2 ,3 ,4785 ,0 ,0 ,35435 
2026년,05월,MMA,8M,미얀마 국제항공,국제,동남아,미얀마,RGN,출발,정기,여객,16 ,1330 ,3 ,30 ,13942 ,0 ,0 ,45489 
2026년,05월,MMA,8M,미얀마 국제항공,국제,동남아,태국,CNX,출발,정기,여객,0 ,0 ,0 ,0 ,0 ,0 ,0 ,0 
2026년,05월,MNG,M0,에어로몽골리아,국제,동북아,몽골,UBN,도착,정기,여객,12 ,1065 ,13 ,2 ,0 ,0 ,0 ,17050 
2026년,05월,MNG,M0,에어로몽골리아,국제,동북아,몽골,UBN,도착,부정기,여객,2 ,116 ,3 ,0 ,0 ,0 ,0 ,1740 
2026년,05월,MNG,M0,에어로몽골리아,국제,동북아,몽골,UBN,출발,정기,여객,12 ,1246 ,17 ,9 ,0 ,0 ,0 ,25748 
2026년,05월,MNG,M0,에어로몽골리아,국제,동북아,몽골,UBN,출발,부정기,여객,2 ,244 ,7 ,1 ,80 ,0 ,0 ,5187 
2026년,05월,MPH,MP,마틴에어카고,국제,동북아,홍콩,HKG,출발,정기,화물,0 ,0 ,0 ,0 ,0 ,0 ,0 ,0 
2026년,05월,MPH,MP,마틴에어카고,국제,유럽,네덜란드,AMS,도착,정기,화물,11 ,0 ,0 ,0 ,376667 ,0 ,0 ,0 
2026년,05월,MPH,MP,마틴에어카고,국제,유럽,네덜란드,AMS,출발,정기,화물,11 ,0 ,0 ,0 ,488907 ,0 ,0 ,0 
2026년,05월,MPH,MP,마틴에어카고,국제,유럽,카자흐스탄,ALA,출발,정기,화물,0 ,0 ,0 ,0 ,0 ,0 ,0 ,0 
2026년,05월,MXD,OD,바틱에어,국제,동남아,말레이시아,KUL,도착,정기,여객,22 ,2839 ,7 ,0 ,21957 ,0 ,0 ,30062 
2026년,05월,MXD,OD,바틱에어,국제,동남아,말레이시아,KUL,출발,정기,여객,22 ,2416 ,11 ,21 ,34164 ,0 ,0 ,35327 
2026년,05월,PAC,PO,폴라에어카고,국제,일본,일본,NGO,출발,정기,화물,0 ,0 ,0 ,0 ,0 ,0 ,0 ,0 
2026년,05월,PAC,PO,폴라에어카고,국제,중국,중국,PVG,출발,정기,화물,0 ,0 ,0 ,0 ,218329 ,78262 ,0 ,0 
2026년,05월,PAC,PO,폴라에어카고,국제,미주,미국,ANC,출발,정기,화물,0 ,0 ,0 ,0 ,0 ,0 ,0 ,0 
2026년,05월,PAC,PO,폴라에어카고,국제,미주,미국,CVG,도착,정기,화물,23 ,0 ,0 ,0 ,817421 ,0 ,0 ,0 
2026년,05월,PAC,PO,폴라에어카고,국제,미주,미국,CVG,출발,정기,화물,18 ,0 ,0 ,0 ,0 ,0 ,0 ,0 
2026년,05월,PAC,PO,폴라에어카고,국제,미주,미국,LAX,출발,정기,화물,5 ,0 ,0 ,0 ,0 ,0 ,0 ,0 
2026년,05월,PAL,PR,필리핀항공,국제,동남아,필리핀,MNL,도착,정기,여객,57 ,11504 ,76 ,945 ,49504 ,0 ,355 ,183849 
2026년,05월,PAL,PR,필리핀항공,국제,동남아,필리핀,MNL,출발,정기,여객,57 ,10084 ,71 ,616 ,106425 ,0 ,0 ,195974 
2026년,05월,PTA,WE,파라타항공,국제,일본,일본,KIX,도착,정기,여객,31 ,5130 ,29 ,56 ,22864 ,0 ,0 ,53430 
2026년,05월,PTA,WE,파라타항공,국제,일본,일본,KIX,출발,정기,여객,31 ,5307 ,35 ,55 ,22053 ,1557 ,0 ,42788 
2026년,05월,PTA,WE,파라타항공,국제,일본,일본,NRT,도착,정기,여객,61 ,15004 ,68 ,289 ,234823 ,12241 ,0 ,151431 
2026년,05월,PTA,WE,파라타항공,국제,일본,일본,NRT,출발,정기,여객,61 ,15915 ,64 ,210 ,199363 ,96870 ,0 ,136983 
2026년,05월,PTA,WE,파라타항공,국제,동남아,베트남,CXR,도착,정기,여객,18 ,2716 ,35 ,27 ,0 ,0 ,0 ,33594 
2026년,05월,PTA,WE,파라타항공,국제,동남아,베트남,CXR,출발,정기,여객,18 ,2836 ,40 ,30 ,0 ,0 ,0 ,27581 
2026년,05월,PTA,WE,파라타항공,국제,동남아,베트남,DAD,도착,정기,여객,31 ,8195 ,54 ,176 ,305597 ,499 ,0 ,94186 
2026년,05월,PTA,WE,파라타항공,국제,동남아,베트남,DAD,출발,정기,여객,31 ,8277 ,51 ,246 ,20111 ,0 ,0 ,73840 
2026년,05월,PTA,WE,파라타항공,국제,동남아,베트남,PQC,도착,정기,여객,18 ,3433 ,49 ,35 ,0 ,0 ,0 ,40793 
2026년,05월,PTA,WE,파라타항공,국제,동남아,베트남,PQC,출발,정기,여객,18 ,3164 ,38 ,69 ,0 ,0 ,0 ,30856 
2026년,05월,QDA,QW,청도항공,국제,중국,중국,TAO,도착,정기,여객,31 ,4875 ,9 ,0 ,25703 ,0 ,0 ,57024 
2026년,05월,QDA,QW,청도항공,국제,중국,중국,TAO,도착,부정기,여객,7 ,986 ,0 ,0 ,6920 ,0 ,0 ,10164 
2026년,05월,QDA,QW,청도항공,국제,중국,중국,TAO,출발,정기,여객,31 ,4851 ,6 ,26 ,3994 ,0 ,0 ,59375 
2026년,05월,QDA,QW,청도항공,국제,중국,중국,TAO,출발,부정기,여객,7 ,943 ,4 ,6 ,0 ,0 ,0 ,10954 
2026년,05월,QNT,HH,카놋샤크항공,국제,유럽,우즈베키스탄,TAS,도착,정기,여객,13 ,2115 ,50 ,5 ,0 ,0 ,0 ,56362 
2026년,05월,QNT,HH,카놋샤크항공,국제,유럽,우즈베키스탄,TAS,출발,정기,여객,13 ,2371 ,65 ,32 ,42563 ,0 ,0 ,85370 
2026년,05월,QTR,QR,카타르항공,국제,중동,카타르,DOH,도착,정기,화물,18 ,0 ,0 ,0 ,787135 ,0 ,91 ,0 
2026년,05월,QTR,QR,카타르항공,국제,중동,카타르,DOH,도착,정기,여객,31 ,7858 ,35 ,296 ,310234 ,0 ,261 ,159572 
2026년,05월,QTR,QR,카타르항공,국제,중동,카타르,DOH,출발,정기,화물,19 ,0 ,0 ,0 ,1615310 ,0 ,0 ,0 
2026년,05월,QTR,QR,카타르항공,국제,중동,카타르,DOH,출발,정기,여객,30 ,7441 ,52 ,235 ,188787 ,0 ,0 ,183182 
2026년,05월,RBA,BI,로얄 브루나이 에어라인,국제,동남아,브루나이,BWN,도착,정기,여객,13 ,1373 ,10 ,6 ,3317 ,0 ,6 ,17571 
2026년,05월,RBA,BI,로얄 브루나이 에어라인,국제,동남아,브루나이,BWN,출발,정기,여객,13 ,1441 ,10 ,11 ,8797 ,0 ,473 ,28546 
2026년,05월,RGM,MI,RGA-블랙스톤 항공,국제,동북아,마카오,MFM,도착,부정기,화물,0 ,0 ,0 ,0 ,0 ,0 ,0 ,0 
2026년,05월,RGM,MI,RGA-블랙스톤 항공,국제,동남아,베트남,SGN,도착,부정기,화물,0 ,0 ,0 ,0 ,1539 ,0 ,0 ,0 
2026년,05월,RGM,MI,RGA-블랙스톤 항공,국제,동남아,인도네시아,CGK,도착,부정기,화물,1 ,0 ,0 ,0 ,0 ,0 ,0 ,0 
2026년,05월,SAS,SK,스칸디나비안 항공,국제,유럽,덴마크,CPH,도착,정기,여객,20 ,5362 ,31 ,77 ,201882 ,0 ,0 ,76037 
2026년,05월,SAS,SK,스칸디나비안 항공,국제,유럽,덴마크,CPH,도착,부정기,여객,1 ,129 ,1 ,0 ,4167 ,0 ,0 ,1495 
2026년,05월,SAS,SK,스칸디나비안 항공,국제,유럽,덴마크,CPH,출발,정기,여객,20 ,5739 ,28 ,92 ,245245 ,0 ,0 ,102670 
2026년,05월,SAS,SK,스칸디나비안 항공,국제,유럽,덴마크,CPH,출발,부정기,여객,1 ,232 ,2 ,4 ,16258 ,0 ,0 ,3832 
2026년,05월,SIA,SQ,싱가폴항공,국제,동남아,싱가포르,SIN,도착,정기,화물,25 ,0 ,0 ,0 ,113884 ,0 ,0 ,0 
2026년,05월,SIA,SQ,싱가폴항공,국제,동남아,싱가포르,SIN,도착,정기,여객,124 ,34729 ,347 ,329 ,1904027 ,0 ,30426 ,518267 
2026년,05월,SIA,SQ,싱가폴항공,국제,동남아,싱가포르,SIN,도착,부정기,화물,1 ,0 ,0 ,0 ,1587 ,0 ,0 ,0 
2026년,05월,SIA,SQ,싱가폴항공,국제,동남아,싱가포르,SIN,출발,정기,여객,124 ,36161 ,378 ,208 ,1001578 ,0 ,18252 ,728846 
2026년,05월,SIA,SQ,싱가폴항공,국제,동남아,태국,BKK,도착,정기,화물,0 ,0 ,0 ,0 ,429823 ,0 ,0 ,0 
2026년,05월,SIA,SQ,싱가폴항공,국제,미주,미국,CVG,출발,정기,화물,25 ,0 ,0 ,0 ,785628 ,0 ,0 ,0 
2026년,05월,SIA,SQ,싱가폴항공,국제,미주,미국,CVG,출발,부정기,화물,1 ,0 ,0 ,0 ,30816 ,0 ,0 ,0 
2026년,05월,SPQ,9G,썬푸꾸옥항공,국제,동남아,베트남,PQC,도착,정기,여객,31 ,4955 ,39 ,3 ,0 ,0 ,0 ,65841 
2026년,05월,SPQ,9G,썬푸꾸옥항공,국제,동남아,베트남,PQC,출발,정기,여객,31 ,5050 ,45 ,0 ,0 ,0 ,0 ,53630 
2026년,05월,SWM,ZA,스카이앙코르항공,국제,동남아,캄보디아,KTI,도착,정기,여객,7 ,1216 ,3 ,0 ,392 ,0 ,0 ,15148 
2026년,05월,SWM,ZA,스카이앙코르항공,국제,동남아,캄보디아,KTI,출발,정기,여객,7 ,1060 ,8 ,0 ,1200 ,0 ,683 ,19266 
2026년,05월,SWR,LX,스위스항공,국제,유럽,스위스,ZRH,도착,정기,여객,13 ,2797 ,8 ,31 ,163874 ,0 ,3031 ,45886 
2026년,05월,SWR,LX,스위스항공,국제,유럽,스위스,ZRH,출발,정기,여객,13 ,2946 ,19 ,35 ,204488 ,0 ,4990 ,57767 
2026년,05월,TGW,TR,스쿠트항공,국제,동북아,대만,TPE,도착,정기,여객,0 ,8670 ,18 ,0 ,127761 ,0 ,17571 ,63394 
2026년,05월,TGW,TR,스쿠트항공,국제,동북아,대만,TPE,출발,정기,여객,0 ,8718 ,16 ,0 ,179500 ,0 ,0 ,104510 
2026년,05월,TGW,TR,스쿠트항공,국제,동남아,싱가포르,SIN,도착,정기,여객,43 ,3718 ,15 ,0 ,137200 ,0 ,3540 ,36200 
2026년,05월,TGW,TR,스쿠트항공,국제,동남아,싱가포르,SIN,출발,정기,여객,43 ,3455 ,11 ,0 ,43688 ,0 ,0 ,47962 
2026년,05월,THA,TG,타이항공,국제,동남아,태국,BKK,도착,정기,여객,70 ,16039 ,48 ,242 ,1439867 ,0 ,1570 ,262875 
2026년,05월,THA,TG,타이항공,국제,동남아,태국,BKK,출발,정기,여객,70 ,13609 ,50 ,181 ,641398 ,0 ,41365 ,262188 
2026년,05월,THY,TK,터키항공,국제,유럽,튀르키예,IST,도착,정기,화물,10 ,0 ,0 ,0 ,710239 ,0 ,0 ,0 
2026년,05월,THY,TK,터키항공,국제,유럽,튀르키예,IST,도착,정기,여객,49 ,15840 ,67 ,122 ,707256 ,0 ,2006 ,265296 
2026년,05월,THY,TK,터키항공,국제,유럽,튀르키예,IST,출발,정기,화물,10 ,0 ,0 ,0 ,865040 ,0 ,0 ,0 
2026년,05월,THY,TK,터키항공,국제,유럽,튀르키예,IST,출발,정기,여객,49 ,15831 ,94 ,397 ,874871 ,0 ,0 ,361443 
2026년,05월,TLM,SL,타이라이언항공,국제,동남아,태국,DMK,도착,정기,여객,6 ,728 ,1 ,0 ,9194 ,0 ,0 ,5652 
2026년,05월,TLM,SL,타이라이언항공,국제,동남아,태국,DMK,출발,정기,여객,6 ,599 ,0 ,4 ,6654 ,0 ,0 ,6057 
2026년,05월,TTW,IT,타이거에어타이완,국제,동북아,대만,TPE,도착,정기,여객,32 ,5382 ,7 ,0 ,13161 ,0 ,1878 ,35333 
2026년,05월,TTW,IT,타이거에어타이완,국제,동북아,대만,TPE,출발,정기,여객,31 ,5107 ,5 ,0 ,29160 ,0 ,0 ,51828 
2026년,05월,TUA,T5,투르크메니스탄 항공,국제,유럽,투르크메니스탄,ASB,도착,정기,화물,4 ,0 ,0 ,0 ,36478 ,0 ,570 ,0 
2026년,05월,TUA,T5,투르크메니스탄 항공,국제,유럽,투르크메니스탄,ASB,도착,정기,여객,4 ,543 ,3 ,2 ,12624 ,0 ,405 ,9456 
2026년,05월,TUA,T5,투르크메니스탄 항공,국제,유럽,투르크메니스탄,ASB,도착,부정기,화물,1 ,0 ,0 ,0 ,6951 ,0 ,0 ,0 
2026년,05월,TUA,T5,투르크메니스탄 항공,국제,유럽,투르크메니스탄,ASB,출발,정기,화물,4 ,0 ,0 ,0 ,179623 ,0 ,0 ,0 
2026년,05월,TUA,T5,투르크메니스탄 항공,국제,유럽,투르크메니스탄,ASB,출발,정기,여객,4 ,218 ,1 ,8 ,50621 ,0 ,0 ,7948 
2026년,05월,TUA,T5,투르크메니스탄 항공,국제,유럽,투르크메니스탄,ASB,출발,부정기,화물,1 ,0 ,0 ,0 ,43957 ,0 ,0 ,0 
2026년,05월,TVJ,VZ,타이비엣젯항공,국제,동남아,태국,BKK,도착,정기,여객,20 ,2913 ,7 ,0 ,27595 ,0 ,0 ,30533 
2026년,05월,TVJ,VZ,타이비엣젯항공,국제,동남아,태국,BKK,도착,부정기,여객,1 ,142 ,0 ,0 ,1075 ,0 ,0 ,1540 
2026년,05월,TVJ,VZ,타이비엣젯항공,국제,동남아,태국,BKK,출발,정기,여객,20 ,2730 ,6 ,24 ,0 ,0 ,0 ,31319 
2026년,05월,TVJ,VZ,타이비엣젯항공,국제,동남아,태국,BKK,출발,부정기,여객,1 ,182 ,1 ,0 ,0 ,0 ,0 ,1744 
2026년,05월,TWB,TW,티웨이항공,국제,일본,일본,CTS,도착,정기,여객,31 ,4948 ,27 ,166 ,0 ,0 ,0 ,54072 
2026년,05월,TWB,TW,티웨이항공,국제,일본,일본,CTS,출발,정기,여객,31 ,5170 ,22 ,323 ,0 ,0 ,0 ,48945 
2026년,05월,TWB,TW,티웨이항공,국제,일본,일본,FUK,도착,정기,여객,93 ,18996 ,143 ,365 ,0 ,0 ,0 ,190844 
2026년,05월,TWB,TW,티웨이항공,국제,일본,일본,FUK,출발,정기,여객,93 ,19561 ,152 ,736 ,0 ,0 ,0 ,161670 
2026년,05월,TWB,TW,티웨이항공,국제,일본,일본,HSG,도착,정기,여객,18 ,2726 ,17 ,9 ,0 ,0 ,0 ,24519 
2026년,05월,TWB,TW,티웨이항공,국제,일본,일본,HSG,출발,정기,여객,18 ,2701 ,11 ,0 ,0 ,0 ,0 ,17640 
2026년,05월,TWB,TW,티웨이항공,국제,일본,일본,KIX,도착,정기,여객,93 ,16303 ,38 ,791 ,84502 ,0 ,0 ,165978 
2026년,05월,TWB,TW,티웨이항공,국제,일본,일본,KIX,출발,정기,여객,93 ,17593 ,26 ,650 ,36404 ,0 ,9024 ,153238 
2026년,05월,TWB,TW,티웨이항공,국제,일본,일본,KMJ,도착,정기,여객,31 ,4867 ,15 ,20 ,0 ,0 ,0 ,79701 
2026년,05월,TWB,TW,티웨이항공,국제,일본,일본,KMJ,출발,정기,여객,31 ,4871 ,12 ,12 ,0 ,0 ,0 ,78192 
2026년,05월,TWB,TW,티웨이항공,국제,일본,일본,NRT,도착,정기,여객,93 ,13902 ,26 ,950 ,20354 ,0 ,0 ,156302 
2026년,05월,TWB,TW,티웨이항공,국제,일본,일본,NRT,출발,정기,여객,93 ,14825 ,22 ,1112 ,12061 ,0 ,2138 ,152096 
2026년,05월,TWB,TW,티웨이항공,국제,일본,일본,OKA,도착,정기,여객,31 ,4973 ,157 ,149 ,0 ,0 ,0 ,55938 
2026년,05월,TWB,TW,티웨이항공,국제,일본,일본,OKA,출발,정기,여객,31 ,5107 ,156 ,78 ,0 ,0 ,0 ,45831 
2026년,05월,TWB,TW,티웨이항공,국제,일본,일본,TOY,도착,부정기,여객,11 ,2059 ,0 ,0 ,0 ,0 ,0 ,22134 
2026년,05월,TWB,TW,티웨이항공,국제,일본,일본,TOY,출발,부정기,여객,11 ,2063 ,0 ,0 ,0 ,0 ,0 ,18658 
2026년,05월,TWB,TW,티웨이항공,국제,중국,중국,ENH,도착,부정기,여객,5 ,345 ,0 ,0 ,0 ,0 ,0 ,4024 
2026년,05월,TWB,TW,티웨이항공,국제,중국,중국,ENH,출발,부정기,여객,5 ,242 ,0 ,0 ,0 ,0 ,0 ,2182 
2026년,05월,TWB,TW,티웨이항공,국제,동북아,대만,KHH,도착,정기,여객,31 ,4956 ,19 ,123 ,0 ,0 ,0 ,51078 
2026년,05월,TWB,TW,티웨이항공,국제,동북아,대만,KHH,출발,정기,여객,31 ,4732 ,32 ,36 ,0 ,0 ,0 ,53768 
2026년,05월,TWB,TW,티웨이항공,국제,동북아,대만,RMQ,도착,정기,여객,31 ,4685 ,17 ,48 ,0 ,0 ,0 ,45259 
2026년,05월,TWB,TW,티웨이항공,국제,동북아,대만,RMQ,출발,정기,여객,31 ,4630 ,15 ,11 ,0 ,0 ,0 ,55229 
2026년,05월,TWB,TW,티웨이항공,국제,동북아,홍콩,HKG,도착,정기,여객,31 ,6434 ,14 ,261 ,55814 ,0 ,0 ,64401 
2026년,05월,TWB,TW,티웨이항공,국제,동북아,홍콩,HKG,출발,정기,여객,31 ,6180 ,11 ,83 ,10510 ,0 ,0 ,59880 
2026년,05월,TWB,TW,티웨이항공,국제,동남아,베트남,CXR,도착,정기,여객,31 ,4992 ,49 ,127 ,0 ,0 ,0 ,59623 
2026년,05월,TWB,TW,티웨이항공,국제,동남아,베트남,CXR,출발,정기,여객,31 ,5002 ,47 ,48 ,0 ,0 ,0 ,43636 
2026년,05월,TWB,TW,티웨이항공,국제,동남아,베트남,DAD,도착,정기,여객,52 ,8105 ,42 ,561 ,128624 ,0 ,0 ,89729 
2026년,05월,TWB,TW,티웨이항공,국제,동남아,베트남,DAD,출발,정기,여객,52 ,7870 ,35 ,214 ,0 ,0 ,0 ,61608 
2026년,05월,TWB,TW,티웨이항공,국제,동남아,베트남,PQC,도착,정기,여객,6 ,923 ,8 ,6 ,0 ,0 ,0 ,11262 
2026년,05월,TWB,TW,티웨이항공,국제,동남아,베트남,PQC,출발,정기,여객,5 ,401 ,6 ,2 ,0 ,0 ,0 ,3750 
2026년,05월,TWB,TW,티웨이항공,국제,동남아,싱가포르,SIN,도착,정기,여객,21 ,6290 ,24 ,342 ,258136 ,0 ,8882 ,78120 
2026년,05월,TWB,TW,티웨이항공,국제,동남아,싱가포르,SIN,출발,정기,여객,21 ,5684 ,26 ,152 ,167635 ,0 ,4385 ,90320 
2026년,05월,TWB,TW,티웨이항공,국제,동남아,인도네시아,CGK,도착,정기,여객,22 ,5285 ,24 ,1172 ,76246 ,0 ,0 ,82004 
2026년,05월,TWB,TW,티웨이항공,국제,동남아,인도네시아,CGK,출발,정기,여객,23 ,5056 ,21 ,250 ,148121 ,0 ,22007 ,87302 
2026년,05월,TWB,TW,티웨이항공,국제,동남아,태국,BKK,도착,정기,여객,16 ,2638 ,3 ,174 ,8218 ,0 ,11823 ,32142 
2026년,05월,TWB,TW,티웨이항공,국제,동남아,태국,BKK,출발,정기,여객,15 ,2505 ,9 ,69 ,14206 ,0 ,0 ,30221 
2026년,05월,TWB,TW,티웨이항공,국제,동남아,필리핀,KLO,도착,정기,여객,31 ,5028 ,17 ,15 ,0 ,0 ,0 ,53975 
2026년,05월,TWB,TW,티웨이항공,국제,동남아,필리핀,KLO,출발,정기,여객,31 ,5024 ,19 ,7 ,0 ,0 ,0 ,48521 
2026년,05월,TWB,TW,티웨이항공,국제,미주,캐나다,YVR,도착,정기,여객,18 ,3369 ,17 ,78 ,50396 ,0 ,0 ,54471 
2026년,05월,TWB,TW,티웨이항공,국제,미주,캐나다,YVR,출발,정기,여객,18 ,3577 ,14 ,810 ,171559 ,0 ,6067 ,83668 
2026년,05월,TWB,TW,티웨이항공,국제,대양주,호주,SYD,도착,정기,여객,13 ,3609 ,15 ,176 ,51901 ,0 ,0 ,64040 
2026년,05월,TWB,TW,티웨이항공,국제,대양주,호주,SYD,출발,정기,여객,13 ,3077 ,17 ,46 ,138219 ,0 ,16931 ,50074 
2026년,05월,TWB,TW,티웨이항공,국제,유럽,독일,FRA,도착,정기,여객,18 ,2763 ,13 ,146 ,204034 ,0 ,0 ,43574 
2026년,05월,TWB,TW,티웨이항공,국제,유럽,독일,FRA,출발,정기,여객,18 ,3552 ,20 ,133 ,49055 ,0 ,0 ,65398 
2026년,05월,TWB,TW,티웨이항공,국제,유럽,스페인,BCN,도착,정기,여객,18 ,3693 ,4 ,150 ,162925 ,0 ,0 ,71463 
2026년,05월,TWB,TW,티웨이항공,국제,유럽,스페인,BCN,출발,정기,여객,18 ,3592 ,5 ,86 ,33536 ,0 ,0 ,56858 
2026년,05월,TWB,TW,티웨이항공,국제,유럽,이탈리아,FCO,도착,정기,여객,31 ,6893 ,6 ,295 ,236719 ,0 ,0 ,131397 
2026년,05월,TWB,TW,티웨이항공,국제,유럽,이탈리아,FCO,출발,정기,여객,31 ,7167 ,7 ,82 ,184759 ,0 ,0 ,113449 
2026년,05월,TWB,TW,티웨이항공,국제,유럽,프랑스,CDG,도착,정기,여객,22 ,4082 ,13 ,251 ,223497 ,0 ,0 ,73877 
2026년,05월,TWB,TW,티웨이항공,국제,유럽,프랑스,CDG,출발,정기,여객,23 ,5042 ,12 ,291 ,198770 ,0 ,0 ,92024 
2026년,05월,TWB,TW,티웨이항공,국제,유럽,키르기즈스탄,BSZ,도착,정기,여객,9 ,881 ,8 ,135 ,1028 ,0 ,0 ,14605 
2026년,05월,TWB,TW,티웨이항공,국제,유럽,키르기즈스탄,BSZ,출발,정기,여객,9 ,1014 ,14 ,208 ,7348 ,0 ,0 ,19633 
2026년,05월,TZP,ZG,집에어 도쿄,국제,일본,일본,NRT,도착,정기,여객,31 ,8363 ,18 ,2 ,237089 ,0 ,2096 ,53987 
2026년,05월,TZP,ZG,집에어 도쿄,국제,일본,일본,NRT,출발,정기,여객,31 ,7941 ,41 ,4 ,144825 ,0 ,18160 ,76511 
2026년,05월,UAE,EK,에미리트항공,국제,중동,아랍에미리트,DWC,도착,정기,화물,7 ,0 ,0 ,0 ,145720 ,0 ,0 ,0 
2026년,05월,UAE,EK,에미리트항공,국제,중동,아랍에미리트,DWC,출발,정기,화물,6 ,0 ,0 ,0 ,548963 ,0 ,0 ,0 
2026년,05월,UAE,EK,에미리트항공,국제,중동,아랍에미리트,DXB,도착,정기,여객,31 ,9283 ,39 ,62 ,216580 ,0 ,3424 ,177685 
2026년,05월,UAE,EK,에미리트항공,국제,중동,아랍에미리트,DXB,출발,정기,여객,31 ,11211 ,54 ,170 ,323532 ,0 ,0 ,263435 
2026년,05월,UAL,UA,유나이티드항공,국제,미주,미국,SFO,도착,정기,여객,61 ,13731 ,48 ,1139 ,531668 ,0 ,25426 ,330685 
2026년,05월,UAL,UA,유나이티드항공,국제,미주,미국,SFO,출발,정기,여객,61 ,12922 ,48 ,995 ,1005457 ,0 ,3944 ,364482 
2026년,05월,UPS,5X,유피에스항공,국제,일본,일본,KIX,출발,정기,화물,0 ,0 ,0 ,0 ,0 ,0 ,0 ,0 
2026년,05월,UPS,5X,유피에스항공,국제,일본,일본,NRT,도착,정기,화물,0 ,0 ,0 ,0 ,0 ,0 ,0 ,0 
2026년,05월,UPS,5X,유피에스항공,국제,중국,중국,CGO,도착,정기,화물,0 ,0 ,0 ,0 ,33426 ,0 ,0 ,0 
2026년,05월,UPS,5X,유피에스항공,국제,중국,중국,CGO,출발,정기,화물,0 ,0 ,0 ,0 ,103290 ,0 ,0 ,0 
2026년,05월,UPS,5X,유피에스항공,국제,중국,중국,PVG,도착,정기,화물,0 ,0 ,0 ,0 ,466015 ,0 ,0 ,0 
2026년,05월,UPS,5X,유피에스항공,국제,중국,중국,SZX,도착,정기,화물,0 ,0 ,0 ,0 ,664276 ,0 ,0 ,0 
2026년,05월,UPS,5X,유피에스항공,국제,중국,중국,SZX,출발,정기,화물,0 ,0 ,0 ,0 ,348659 ,0 ,0 ,0 
2026년,05월,UPS,5X,유피에스항공,국제,동북아,대만,TPE,출발,정기,화물,0 ,0 ,0 ,0 ,80997 ,0 ,0 ,0 
2026년,05월,UPS,5X,유피에스항공,국제,동북아,대만,TPE,출발,부정기,화물,3 ,0 ,0 ,0 ,23795 ,0 ,0 ,0 
2026년,05월,UPS,5X,유피에스항공,국제,동북아,홍콩,HKG,도착,정기,화물,0 ,0 ,0 ,0 ,2707 ,0 ,0 ,0 
2026년,05월,UPS,5X,유피에스항공,국제,동북아,홍콩,HKG,출발,정기,화물,0 ,0 ,0 ,0 ,75236 ,0 ,0 ,0 
2026년,05월,UPS,5X,유피에스항공,국제,동남아,베트남,HAN,도착,정기,화물,0 ,0 ,0 ,0 ,33150 ,0 ,0 ,0 
2026년,05월,UPS,5X,유피에스항공,국제,동남아,베트남,SGN,도착,정기,화물,0 ,0 ,0 ,0 ,0 ,0 ,0 ,0 
2026년,05월,UPS,5X,유피에스항공,국제,동남아,싱가포르,SIN,도착,정기,화물,0 ,0 ,0 ,0 ,0 ,0 ,0 ,0 
2026년,05월,UPS,5X,유피에스항공,국제,미주,미국,ANC,도착,정기,화물,58 ,0 ,0 ,0 ,649494 ,0 ,0 ,0 
2026년,05월,UPS,5X,유피에스항공,국제,미주,미국,ANC,출발,정기,화물,77 ,0 ,0 ,0 ,1772822 ,0 ,0 ,0 
2026년,05월,UPS,5X,유피에스항공,국제,미주,미국,EWR,출발,정기,화물,0 ,0 ,0 ,0 ,0 ,0 ,0 ,0 
2026년,05월,UPS,5X,유피에스항공,국제,미주,미국,ONT,도착,정기,화물,0 ,0 ,0 ,0 ,0 ,0 ,0 ,0 
2026년,05월,UPS,5X,유피에스항공,국제,미주,미국,SDF,도착,정기,화물,67 ,0 ,0 ,0 ,0 ,0 ,0 ,0 
2026년,05월,UPS,5X,유피에스항공,국제,미주,미국,SDF,출발,정기,화물,46 ,0 ,0 ,0 ,0 ,0 ,0 ,0 
2026년,05월,UPS,5X,유피에스항공,국제,대양주,호주,SYD,도착,정기,화물,0 ,0 ,0 ,0 ,42907 ,0 ,0 ,0 
2026년,05월,UPS,5X,유피에스항공,국제,대양주,하와이,HNL,도착,정기,화물,0 ,0 ,0 ,0 ,0 ,0 ,0 ,0 
2026년,05월,UPS,5X,유피에스항공,국제,유럽,독일,CGN,도착,정기,화물,0 ,0 ,0 ,0 ,0 ,0 ,0 ,0 
2026년,05월,UPS,5X,유피에스항공,국제,유럽,독일,CGN,출발,정기,화물,0 ,0 ,0 ,0 ,343074 ,0 ,0 ,0 
2026년,05월,UPS,5X,유피에스항공,국제,중동,아랍에미리트,DXB,출발,정기,화물,0 ,0 ,0 ,0 ,0 ,0 ,0 ,0 
2026년,05월,UPS,5X,유피에스항공,국제,기타,인도,DEL,출발,정기,화물,0 ,0 ,0 ,0 ,0 ,0 ,0 ,0 
2026년,05월,UZB,HY,우즈베키스탄항공,국제,유럽,우즈베키스탄,TAS,도착,정기,여객,31 ,6487 ,69 ,409 ,58720 ,0 ,391 ,138829 
2026년,05월,UZB,HY,우즈베키스탄항공,국제,유럽,우즈베키스탄,TAS,출발,정기,여객,31 ,6300 ,105 ,488 ,189940 ,0 ,33836 ,192030 
2026년,05월,VIR,VS,버진애틀랜틱항공,국제,유럽,영국,LHR,도착,정기,여객,31 ,5100 ,36 ,34 ,205263 ,0 ,0 ,91960 
2026년,05월,VIR,VS,버진애틀랜틱항공,국제,유럽,영국,LHR,출발,정기,여객,31 ,6287 ,51 ,202 ,305503 ,0 ,0 ,139780 
2026년,05월,VJC,VJ,비엣제트항공,국제,동남아,베트남,CXR,도착,정기,여객,23 ,4231 ,32 ,3 ,31146 ,0 ,0 ,49827 
2026년,05월,VJC,VJ,비엣제트항공,국제,동남아,베트남,CXR,출발,정기,여객,23 ,4524 ,37 ,4 ,1030 ,0 ,0 ,37276 
2026년,05월,VJC,VJ,비엣제트항공,국제,동남아,베트남,DAD,도착,정기,여객,22 ,4031 ,22 ,4 ,18977 ,0 ,0 ,48133 
2026년,05월,VJC,VJ,비엣제트항공,국제,동남아,베트남,DAD,출발,정기,여객,22 ,4128 ,24 ,13 ,5461 ,0 ,0 ,32720 
2026년,05월,VJC,VJ,비엣제트항공,국제,동남아,베트남,HAN,도착,정기,여객,46 ,8222 ,50 ,0 ,50256 ,0 ,0 ,120459 
2026년,05월,VJC,VJ,비엣제트항공,국제,동남아,베트남,HAN,출발,정기,여객,46 ,7877 ,47 ,18 ,81188 ,0 ,0 ,104683 
2026년,05월,VJC,VJ,비엣제트항공,국제,동남아,베트남,HPH,도착,정기,여객,18 ,3608 ,58 ,2 ,9618 ,0 ,0 ,86498 
2026년,05월,VJC,VJ,비엣제트항공,국제,동남아,베트남,HPH,출발,정기,여객,18 ,3297 ,60 ,3 ,0 ,0 ,0 ,72333 
2026년,05월,VJC,VJ,비엣제트항공,국제,동남아,베트남,PQC,도착,정기,여객,36 ,5310 ,41 ,0 ,0 ,0 ,0 ,67581 
2026년,05월,VJC,VJ,비엣제트항공,국제,동남아,베트남,PQC,출발,정기,여객,36 ,5611 ,44 ,3 ,0 ,0 ,0 ,50999 
2026년,05월,VJC,VJ,비엣제트항공,국제,동남아,베트남,SGN,도착,정기,여객,42 ,8573 ,39 ,0 ,27706 ,0 ,0 ,142004 
2026년,05월,VJC,VJ,비엣제트항공,국제,동남아,베트남,SGN,출발,정기,여객,42 ,7892 ,41 ,13 ,29876 ,0 ,3693 ,103524 
2026년,05월,VSV,DV,스캇항공,국제,유럽,카자흐스탄,CIT,도착,정기,여객,13 ,1119 ,15 ,3 ,0 ,0 ,0 ,18186 
2026년,05월,VSV,DV,스캇항공,국제,유럽,카자흐스탄,CIT,출발,정기,여객,13 ,1025 ,14 ,42 ,1861 ,0 ,0 ,25348 
2026년,05월,WGN,KD,웨스턴글로벌항공,국제,미주,미국,ANC,출발,부정기,화물,2 ,0 ,0 ,0 ,80891 ,106089 ,0 ,0 
2026년,05월,WGN,KD,웨스턴글로벌항공,국제,미주,미국,LAX,도착,부정기,화물,2 ,0 ,0 ,0 ,327 ,3483 ,0 ,0 
2026년,05월,WJA,WS,웨스트젯 항공,국제,미주,캐나다,YYC,도착,정기,여객,21 ,5960 ,59 ,381 ,7550 ,0 ,0 ,84986 
2026년,05월,WJA,WS,웨스트젯 항공,국제,미주,캐나다,YYC,출발,정기,여객,21 ,5536 ,55 ,1084 ,284292 ,0 ,0 ,154250 
2026년,05월,XAX,D7,에어아시아엑스,국제,동남아,말레이시아,KUL,도착,정기,여객,31 ,9963 ,62 ,0 ,248613 ,0 ,1812 ,102278 
2026년,05월,XAX,D7,에어아시아엑스,국제,동남아,말레이시아,KUL,출발,정기,여객,31 ,7800 ,54 ,14 ,323173 ,0 ,0 ,104413 
2026년,06월,AAL,AA,아메리칸항공,국제,미주,미국,DFW,도착,정기,여객,30 ,7265 ,26 ,901 ,61783 ,0 ,2088 ,174740 
2026년,06월,AAL,AA,아메리칸항공,국제,미주,미국,DFW,출발,정기,여객,30 ,6924 ,30 ,1164 ,328959 ,0 ,22525 ,169827 
2026년,06월,AAR,OZ,아시아나항공,국제,일본,일본,CTS,도착,정기,여객,30 ,4639 ,56 ,518 ,0 ,0 ,0 ,72441 
2026년,06월,AAR,OZ,아시아나항공,국제,일본,일본,CTS,출발,정기,여객,30 ,4896 ,56 ,401 ,0 ,0 ,0 ,57168 
2026년,06월,AAR,OZ,아시아나항공,국제,일본,일본,FUK,도착,정기,여객,60 ,11418 ,196 ,1071 ,28594 ,19036 ,0 ,154992 
2026년,06월,AAR,OZ,아시아나항공,국제,일본,일본,FUK,출발,정기,여객,60 ,11358 ,178 ,978 ,10983 ,76232 ,0 ,106663 
2026년,06월,AAR,OZ,아시아나항공,국제,일본,일본,HND,도착,정기,여객,30 ,5641 ,7 ,2926 ,5075 ,2421 ,0 ,103789 
2026년,06월,AAR,OZ,아시아나항공,국제,일본,일본,HND,출발,정기,여객,30 ,6297 ,20 ,1199 ,21727 ,49 ,0 ,90891 
2026년,06월,AAR,OZ,아시아나항공,국제,일본,일본,KIX,도착,정기,여객,118 ,17087 ,67 ,4263 ,108389 ,37310 ,0 ,252808 
2026년,06월,AAR,OZ,아시아나항공,국제,일본,일본,KIX,출발,정기,여객,118 ,15252 ,60 ,4542 ,125795 ,83717 ,47708 ,227588 
2026년,06월,AAR,OZ,아시아나항공,국제,일본,일본,KMI,도착,정기,여객,12 ,1690 ,19 ,62 ,0 ,0 ,0 ,22537 
2026년,06월,AAR,OZ,아시아나항공,국제,일본,일본,KMI,출발,정기,여객,12 ,1770 ,19 ,43 ,0 ,0 ,0 ,20624 
2026년,06월,AAR,OZ,아시아나항공,국제,일본,일본,NGO,도착,정기,여객,60 ,12245 ,77 ,1132 ,4709 ,5585 ,0 ,160739 
2026년,06월,AAR,OZ,아시아나항공,국제,일본,일본,NGO,출발,정기,여객,60 ,13332 ,74 ,1559 ,30224 ,157817 ,0 ,170509 
2026년,06월,AAR,OZ,아시아나항공,국제,일본,일본,NRT,도착,정기,여객,120 ,27400 ,131 ,6014 ,552823 ,49864 ,0 ,435285 
2026년,06월,AAR,OZ,아시아나항공,국제,일본,일본,NRT,출발,정기,여객,120 ,27194 ,154 ,6000 ,173525 ,173155 ,62082 ,411208 
2026년,06월,AAR,OZ,아시아나항공,국제,일본,일본,OKA,도착,정기,여객,29 ,4379 ,122 ,323 ,0 ,0 ,0 ,62730 
2026년,06월,AAR,OZ,아시아나항공,국제,일본,일본,OKA,출발,정기,여객,29 ,4168 ,110 ,513 ,0 ,854 ,0 ,54117 
2026년,06월,AAR,OZ,아시아나항공,국제,일본,일본,SDJ,도착,정기,여객,30 ,4129 ,28 ,457 ,6 ,0 ,0 ,49588 
2026년,06월,AAR,OZ,아시아나항공,국제,일본,일본,SDJ,출발,정기,여객,30 ,4003 ,22 ,389 ,15 ,0 ,0 ,52240 
2026년,06월,AAR,OZ,아시아나항공,국제,중국,중국,CAN,도착,정기,여객,60 ,9287 ,9 ,3405 ,218959 ,270881 ,10093 ,201721 
2026년,06월,AAR,OZ,아시아나항공,국제,중국,중국,CAN,출발,정기,여객,60 ,9738 ,25 ,3536 ,57657 ,10223 ,0 ,201424 
2026년,06월,AAR,OZ,아시아나항공,국제,중국,중국,CGQ,도착,정기,여객,38 ,4528 ,19 ,1249 ,0 ,4509 ,0 ,81441 
2026년,06월,AAR,OZ,아시아나항공,국제,중국,중국,CGQ,출발,정기,여객,38 ,4800 ,14 ,1251 ,215 ,0 ,0 ,83173 
2026년,06월,AAR,OZ,아시아나항공,국제,중국,중국,CKG,도착,정기,여객,30 ,3745 ,3 ,857 ,6282 ,3546 ,5 ,56323 
2026년,06월,AAR,OZ,아시아나항공,국제,중국,중국,CKG,출발,정기,여객,30 ,2692 ,3 ,712 ,8315 ,63 ,0 ,44396 
2026년,06월,AAR,OZ,아시아나항공,국제,중국,중국,CSX,도착,정기,여객,22 ,2933 ,0 ,543 ,0 ,0 ,25154 ,42187 
2026년,06월,AAR,OZ,아시아나항공,국제,중국,중국,CSX,출발,정기,여객,21 ,2737 ,1 ,513 ,1090 ,794 ,0 ,42194 
2026년,06월,AAR,OZ,아시아나항공,국제,중국,중국,DLC,도착,정기,여객,43 ,6739 ,20 ,1863 ,66064 ,18891 ,68838 ,111048 
2026년,06월,AAR,OZ,아시아나항공,국제,중국,중국,DLC,출발,정기,여객,43 ,6015 ,35 ,2339 ,29138 ,34227 ,0 ,109915 
2026년,06월,AAR,OZ,아시아나항공,국제,중국,중국,HGH,도착,정기,여객,30 ,6615 ,10 ,1058 ,54703 ,83472 ,1187 ,98845 
2026년,06월,AAR,OZ,아시아나항공,국제,중국,중국,HGH,출발,정기,여객,30 ,6717 ,8 ,817 ,4977 ,1737 ,0 ,100504 
2026년,06월,AAR,OZ,아시아나항공,국제,중국,중국,HRB,도착,정기,여객,30 ,2961 ,21 ,864 ,0 ,0 ,0 ,56958 
2026년,06월,AAR,OZ,아시아나항공,국제,중국,중국,HRB,출발,정기,여객,30 ,2947 ,32 ,937 ,0 ,13 ,0 ,55911 
2026년,06월,AAR,OZ,아시아나항공,국제,중국,중국,NKG,도착,정기,여객,30 ,3598 ,1 ,1437 ,1355 ,1012 ,0 ,69853 
2026년,06월,AAR,OZ,아시아나항공,국제,중국,중국,NKG,출발,정기,여객,30 ,4011 ,11 ,1076 ,305 ,85 ,0 ,72476 
2026년,06월,AAR,OZ,아시아나항공,국제,중국,중국,PEK,도착,정기,여객,86 ,10493 ,17 ,5146 ,14076 ,56986 ,7207 ,234851 
2026년,06월,AAR,OZ,아시아나항공,국제,중국,중국,PEK,출발,정기,여객,86 ,10869 ,24 ,4867 ,3579 ,6107 ,0 ,244740 
2026년,06월,AAR,OZ,아시아나항공,국제,중국,중국,PVG,도착,정기,여객,120 ,20998 ,37 ,7000 ,270098 ,508534 ,0 ,381240 
2026년,06월,AAR,OZ,아시아나항공,국제,중국,중국,PVG,출발,정기,여객,120 ,19267 ,36 ,6923 ,123808 ,88162 ,0 ,363736 
2026년,06월,AAR,OZ,아시아나항공,국제,중국,중국,SZX,도착,정기,여객,30 ,5278 ,9 ,535 ,51540 ,44195 ,7962 ,69534 
2026년,06월,AAR,OZ,아시아나항공,국제,중국,중국,SZX,출발,정기,여객,30 ,5608 ,11 ,339 ,42000 ,9384 ,0 ,72625 
2026년,06월,AAR,OZ,아시아나항공,국제,중국,중국,TFU,도착,정기,여객,30 ,3531 ,5 ,1448 ,376 ,0 ,0 ,69676 
2026년,06월,AAR,OZ,아시아나항공,국제,중국,중국,TFU,출발,정기,여객,30 ,3048 ,6 ,1708 ,1 ,0 ,0 ,69592 
2026년,06월,AAR,OZ,아시아나항공,국제,중국,중국,TSN,도착,정기,여객,30 ,3895 ,7 ,952 ,1354 ,1462 ,0 ,63986 
2026년,06월,AAR,OZ,아시아나항공,국제,중국,중국,TSN,출발,정기,여객,30 ,3479 ,6 ,822 ,825 ,4398 ,0 ,59850 
2026년,06월,AAR,OZ,아시아나항공,국제,중국,중국,XIY,도착,정기,여객,22 ,2433 ,7 ,1261 ,302 ,841 ,0 ,53005 
2026년,06월,AAR,OZ,아시아나항공,국제,중국,중국,XIY,출발,정기,여객,22 ,2566 ,11 ,695 ,1950 ,1071 ,0 ,42643 
2026년,06월,AAR,OZ,아시아나항공,국제,중국,중국,YNJ,도착,정기,여객,34 ,5211 ,12 ,150 ,0 ,0 ,13899 ,72784 
2026년,06월,AAR,OZ,아시아나항공,국제,중국,중국,YNJ,출발,정기,여객,34 ,5309 ,17 ,520 ,0 ,0 ,0 ,71059 
2026년,06월,AAR,OZ,아시아나항공,국제,중국,중국,YNZ,도착,정기,여객,9 ,883 ,1 ,35 ,0 ,0 ,0 ,13568 
2026년,06월,AAR,OZ,아시아나항공,국제,중국,중국,YNZ,출발,정기,여객,9 ,917 ,1 ,26 ,0 ,0 ,0 ,13677 
2026년,06월,AAR,OZ,아시아나항공,국제,동북아,대만,TPE,도착,정기,여객,60 ,12891 ,52 ,1987 ,398415 ,105363 ,0 ,198004 
2026년,06월,AAR,OZ,아시아나항공,국제,동북아,대만,TPE,출발,정기,여객,60 ,11618 ,37 ,1766 ,201937 ,65781 ,0 ,189172 
2026년,06월,AAR,OZ,아시아나항공,국제,동북아,홍콩,HKG,도착,정기,여객,60 ,6146 ,12 ,1822 ,12342 ,0 ,0 ,111919 
2026년,06월,AAR,OZ,아시아나항공,국제,동북아,홍콩,HKG,출발,정기,여객,60 ,5187 ,15 ,3733 ,2766 ,338 ,0 ,144060 
2026년,06월,AAR,OZ,아시아나항공,국제,동북아,몽골,UBN,도착,정기,여객,21 ,3943 ,10 ,1007 ,33449 ,347 ,0 ,81019 
2026년,06월,AAR,OZ,아시아나항공,국제,동북아,몽골,UBN,출발,정기,여객,22 ,3666 ,19 ,1824 ,23632 ,10732 ,0 ,116738 
2026년,06월,AAR,OZ,아시아나항공,국제,동남아,베트남,DAD,도착,정기,여객,30 ,3502 ,31 ,633 ,26351 ,579 ,0 ,64071 
2026년,06월,AAR,OZ,아시아나항공,국제,동남아,베트남,DAD,출발,정기,여객,30 ,3662 ,30 ,1430 ,245 ,155 ,0 ,77183 
2026년,06월,AAR,OZ,아시아나항공,국제,동남아,베트남,HAN,도착,정기,여객,60 ,12735 ,67 ,1185 ,203125 ,357138 ,0 ,209053 
2026년,06월,AAR,OZ,아시아나항공,국제,동남아,베트남,HAN,출발,정기,여객,60 ,12340 ,71 ,1712 ,95824 ,86799 ,0 ,194043 
2026년,06월,AAR,OZ,아시아나항공,국제,동남아,베트남,SGN,도착,정기,여객,60 ,9250 ,69 ,2864 ,63157 ,122199 ,6984 ,241348 
2026년,06월,AAR,OZ,아시아나항공,국제,동남아,베트남,SGN,출발,정기,여객,60 ,8272 ,77 ,4509 ,99593 ,76434 ,0 ,263224 
2026년,06월,AAR,OZ,아시아나항공,국제,동남아,싱가포르,SIN,도착,정기,여객,30 ,6310 ,23 ,498 ,362785 ,68813 ,0 ,88373 
2026년,06월,AAR,OZ,아시아나항공,국제,동남아,싱가포르,SIN,출발,정기,여객,30 ,7594 ,29 ,660 ,227271 ,22287 ,0 ,130462 
2026년,06월,AAR,OZ,아시아나항공,국제,동남아,인도네시아,CGK,도착,정기,여객,30 ,6444 ,22 ,1864 ,68558 ,130546 ,2722 ,142117 
2026년,06월,AAR,OZ,아시아나항공,국제,동남아,인도네시아,CGK,출발,정기,여객,30 ,5987 ,25 ,1347 ,160770 ,163728 ,0 ,150471 
2026년,06월,AAR,OZ,아시아나항공,국제,동남아,캄보디아,KTI,도착,정기,여객,27 ,3301 ,26 ,837 ,4768 ,12295 ,0 ,88480 
2026년,06월,AAR,OZ,아시아나항공,국제,동남아,캄보디아,KTI,출발,정기,여객,27 ,2988 ,28 ,840 ,3511 ,1270 ,0 ,85780 
2026년,06월,AAR,OZ,아시아나항공,국제,동남아,태국,BKK,도착,정기,여객,60 ,9755 ,41 ,1829 ,428013 ,35270 ,0 ,196862 
2026년,06월,AAR,OZ,아시아나항공,국제,동남아,태국,BKK,출발,정기,여객,60 ,9982 ,40 ,2891 ,260430 ,16711 ,0 ,227577 
2026년,06월,AAR,OZ,아시아나항공,국제,동남아,태국,HKT,도착,정기,여객,30 ,4800 ,25 ,478 ,112207 ,0 ,0 ,77074 
2026년,06월,AAR,OZ,아시아나항공,국제,동남아,태국,HKT,출발,정기,여객,30 ,4390 ,23 ,462 ,38974 ,198575 ,0 ,60845 
2026년,06월,AAR,OZ,아시아나항공,국제,동남아,필리핀,CRK,도착,정기,여객,17 ,1615 ,5 ,529 ,0 ,0 ,0 ,39276 
2026년,06월,AAR,OZ,아시아나항공,국제,동남아,필리핀,CRK,출발,정기,여객,16 ,1558 ,10 ,724 ,107 ,828 ,0 ,48573 
2026년,06월,AAR,OZ,아시아나항공,국제,동남아,필리핀,MNL,도착,정기,여객,60 ,8622 ,31 ,5298 ,115060 ,111176 ,0 ,274688 
2026년,06월,AAR,OZ,아시아나항공,국제,동남아,필리핀,MNL,출발,정기,여객,60 ,9524 ,67 ,5344 ,287225 ,98772 ,0 ,333840 
2026년,06월,AAR,OZ,아시아나항공,국제,미주,미국,JFK,도착,정기,여객,60 ,8845 ,52 ,13567 ,42542 ,4608 ,0 ,533858 
2026년,06월,AAR,OZ,아시아나항공,국제,미주,미국,JFK,출발,정기,여객,60 ,7008 ,61 ,12240 ,217379 ,175535 ,0 ,493387 
2026년,06월,AAR,OZ,아시아나항공,국제,미주,미국,LAX,도착,정기,여객,59 ,8700 ,34 ,14373 ,128811 ,11521 ,0 ,547512 
2026년,06월,AAR,OZ,아시아나항공,국제,미주,미국,LAX,출발,정기,여객,59 ,8869 ,62 ,11102 ,318835 ,136091 ,0 ,495195 
2026년,06월,AAR,OZ,아시아나항공,국제,미주,미국,SEA,도착,정기,여객,21 ,2976 ,15 ,3112 ,24232 ,30796 ,0 ,142577 
2026년,06월,AAR,OZ,아시아나항공,국제,미주,미국,SEA,출발,정기,여객,22 ,2488 ,20 ,3765 ,44691 ,87305 ,0 ,158626 
2026년,06월,AAR,OZ,아시아나항공,국제,미주,미국,SFO,도착,정기,여객,30 ,2865 ,19 ,6157 ,84134 ,8056 ,0 ,220461 
2026년,06월,AAR,OZ,아시아나항공,국제,미주,미국,SFO,출발,정기,여객,30 ,2858 ,30 ,6099 ,162958 ,97201 ,0 ,218342 
2026년,06월,AAR,OZ,아시아나항공,국제,대양주,호주,SYD,도착,정기,여객,30 ,6386 ,28 ,2173 ,40194 ,0 ,0 ,145044 
2026년,06월,AAR,OZ,아시아나항공,국제,대양주,호주,SYD,출발,정기,여객,30 ,5345 ,41 ,624 ,261204 ,39235 ,0 ,103733 
2026년,06월,AAR,OZ,아시아나항공,국제,대양주,하와이,HNL,도착,정기,여객,22 ,2783 ,17 ,2981 ,0 ,0 ,0 ,119970 
2026년,06월,AAR,OZ,아시아나항공,국제,대양주,하와이,HNL,출발,정기,여객,21 ,2770 ,28 ,2341 ,133624 ,15020 ,0 ,103777 
2026년,06월,AAR,OZ,아시아나항공,국제,유럽,독일,FRA,도착,정기,여객,17 ,3965 ,25 ,306 ,130528 ,24791 ,0 ,82233 
2026년,06월,AAR,OZ,아시아나항공,국제,유럽,독일,FRA,출발,정기,여객,18 ,4280 ,20 ,343 ,78092 ,46092 ,0 ,88744 
2026년,06월,AAR,OZ,아시아나항공,국제,유럽,스페인,BCN,도착,정기,여객,21 ,5553 ,8 ,502 ,131495 ,118 ,0 ,114317 
2026년,06월,AAR,OZ,아시아나항공,국제,유럽,스페인,BCN,출발,정기,여객,22 ,5215 ,5 ,553 ,61769 ,37749 ,0 ,87369 
2026년,06월,AAR,OZ,아시아나항공,국제,유럽,영국,LHR,도착,정기,여객,30 ,5245 ,13 ,1394 ,135560 ,34979 ,3793 ,123937 
2026년,06월,AAR,OZ,아시아나항공,국제,유럽,영국,LHR,출발,정기,여객,30 ,5399 ,27 ,2716 ,155729 ,30440 ,0 ,143358 
2026년,06월,AAR,OZ,아시아나항공,국제,유럽,이탈리아,FCO,도착,정기,여객,17 ,3834 ,2 ,471 ,57088 ,0 ,0 ,82143 
2026년,06월,AAR,OZ,아시아나항공,국제,유럽,이탈리아,FCO,출발,정기,여객,17 ,3418 ,6 ,702 ,27620 ,33644 ,0 ,65855 
2026년,06월,AAR,OZ,아시아나항공,국제,유럽,이탈리아,MXP,도착,정기,여객,12 ,3007 ,4 ,306 ,84184 ,82 ,0 ,61654 
2026년,06월,AAR,OZ,아시아나항공,국제,유럽,이탈리아,MXP,출발,정기,여객,13 ,2833 ,8 ,362 ,39469 ,66895 ,0 ,52026 
2026년,06월,AAR,OZ,아시아나항공,국제,유럽,체코,PRG,도착,정기,여객,13 ,3202 ,2 ,369 ,49220 ,92030 ,0 ,60591 
2026년,06월,AAR,OZ,아시아나항공,국제,유럽,체코,PRG,출발,정기,여객,13 ,3014 ,6 ,531 ,56808 ,32145 ,0 ,55444 
2026년,06월,AAR,OZ,아시아나항공,국제,유럽,프랑스,CDG,도착,정기,여객,22 ,5713 ,10 ,510 ,153817 ,62808 ,0 ,116778 
2026년,06월,AAR,OZ,아시아나항공,국제,유럽,프랑스,CDG,출발,정기,여객,21 ,5569 ,12 ,538 ,113751 ,52817 ,0 ,107025 
2026년,06월,AAR,OZ,아시아나항공,국제,유럽,헝가리,BUD,도착,정기,여객,13 ,3106 ,6 ,462 ,25366 ,9534 ,0 ,61148 
2026년,06월,AAR,OZ,아시아나항공,국제,유럽,헝가리,BUD,출발,정기,여객,12 ,2712 ,6 ,386 ,56928 ,38193 ,0 ,47198 
2026년,06월,AAR,OZ,아시아나항공,국제,유럽,우즈베키스탄,TAS,도착,정기,여객,17 ,2957 ,30 ,1047 ,1737 ,11876 ,0 ,73870 
2026년,06월,AAR,OZ,아시아나항공,국제,유럽,우즈베키스탄,TAS,출발,정기,여객,17 ,2859 ,62 ,1136 ,15473 ,124518 ,0 ,91970 
2026년,06월,AAR,OZ,아시아나항공,국제,유럽,카자흐스탄,ALA,도착,정기,여객,19 ,3833 ,24 ,700 ,3613 ,2429 ,0 ,71560 
2026년,06월,AAR,OZ,아시아나항공,국제,유럽,카자흐스탄,ALA,출발,정기,여객,19 ,3316 ,24 ,979 ,59095 ,52805 ,0 ,77353 
2026년,06월,AAR,OZ,아시아나항공,국제,유럽,튀르키예,IST,도착,정기,여객,19 ,3310 ,8 ,772 ,82193 ,30978 ,0 ,65489 
2026년,06월,AAR,OZ,아시아나항공,국제,유럽,튀르키예,IST,출발,정기,여객,20 ,3201 ,11 ,754 ,93964 ,104729 ,0 ,68952 
2026년,06월,ABL,BX,에어 부산,국제,일본,일본,FUK,도착,정기,여객,60 ,11725 ,91 ,0 ,0 ,0 ,0 ,111431 
2026년,06월,ABL,BX,에어 부산,국제,일본,일본,FUK,출발,정기,여객,60 ,12813 ,95 ,5 ,0 ,0 ,0 ,77942 
2026년,06월,ABL,BX,에어 부산,국제,일본,일본,KIX,도착,정기,여객,90 ,15860 ,33 ,2 ,0 ,0 ,0 ,152979 
2026년,06월,ABL,BX,에어 부산,국제,일본,일본,KIX,출발,정기,여객,90 ,17083 ,40 ,31 ,0 ,0 ,0 ,125325 
2026년,06월,ABL,BX,에어 부산,국제,일본,일본,NRT,도착,정기,여객,59 ,11889 ,12 ,0 ,0 ,0 ,0 ,93046 
2026년,06월,ABL,BX,에어 부산,국제,일본,일본,NRT,출발,정기,여객,59 ,10340 ,11 ,10 ,79557 ,0 ,0 ,85177 
2026년,06월,ABL,BX,에어 부산,국제,동북아,마카오,MFM,도착,정기,여객,1 ,200 ,0 ,0 ,0 ,0 ,0 ,2483 
2026년,06월,ABL,BX,에어 부산,국제,동북아,홍콩,HKG,도착,부정기,여객,14 ,2454 ,1 ,0 ,0 ,0 ,0 ,19740 
2026년,06월,ABL,BX,에어 부산,국제,동북아,홍콩,HKG,출발,부정기,여객,13 ,1992 ,1 ,4 ,0 ,0 ,0 ,21611 
2026년,06월,ABL,BX,에어 부산,국제,동북아,몽골,UBN,도착,정기,여객,1 ,168 ,3 ,0 ,0 ,0 ,0 ,2190 
2026년,06월,ABL,BX,에어 부산,국제,동남아,베트남,CXR,도착,정기,여객,30 ,6701 ,44 ,0 ,0 ,0 ,0 ,83342 
2026년,06월,ABL,BX,에어 부산,국제,동남아,베트남,CXR,출발,정기,여객,30 ,6676 ,40 ,6 ,0 ,0 ,0 ,61789 
2026년,06월,ABL,BX,에어 부산,국제,동남아,태국,BKK,도착,정기,여객,1 ,230 ,0 ,0 ,0 ,0 ,0 ,2850 
2026년,06월,ABL,BX,에어 부산,국제,동남아,태국,CNX,도착,부정기,여객,9 ,1866 ,5 ,0 ,0 ,0 ,0 ,22928 
2026년,06월,ABL,BX,에어 부산,국제,동남아,태국,CNX,출발,부정기,여객,8 ,1689 ,4 ,1 ,0 ,0 ,0 ,19785 
2026년,06월,ACA,AC,캐나다항공,국제,미주,캐나다,YUL,도착,정기,여객,14 ,2306 ,8 ,1689 ,47355 ,0 ,0 ,82740 
2026년,06월,ACA,AC,캐나다항공,국제,미주,캐나다,YUL,출발,정기,여객,14 ,2382 ,17 ,1433 ,140354 ,20583 ,0 ,103666 
2026년,06월,ACA,AC,캐나다항공,국제,미주,캐나다,YVR,도착,정기,여객,30 ,7106 ,34 ,1617 ,320549 ,0 ,997 ,186611 
2026년,06월,ACA,AC,캐나다항공,국제,미주,캐나다,YVR,출발,정기,여객,30 ,6860 ,48 ,1241 ,353387 ,87324 ,1756 ,216111 
2026년,06월,ACA,AC,캐나다항공,국제,미주,캐나다,YYZ,도착,정기,여객,30 ,7186 ,31 ,1486 ,117612 ,0 ,0 ,192003 
2026년,06월,ACA,AC,캐나다항공,국제,미주,캐나다,YYZ,출발,정기,여객,30 ,5658 ,47 ,2537 ,202047 ,128974 ,3240 ,228615 
2026년,06월,AFR,AF,프랑스항공,국제,유럽,프랑스,CDG,도착,정기,여객,30 ,7881 ,27 ,231 ,337081 ,0 ,4199 ,134083 
2026년,06월,AFR,AF,프랑스항공,국제,유럽,프랑스,CDG,출발,정기,여객,30 ,8068 ,25 ,195 ,304861 ,0 ,19662 ,166253 
2026년,06월,AHK,LD,에어홍콩,국제,동북아,홍콩,HKG,도착,정기,화물,25 ,0 ,0 ,0 ,988975 ,45609 ,0 ,0 
2026년,06월,AHK,LD,에어홍콩,국제,동북아,홍콩,HKG,출발,정기,화물,26 ,0 ,0 ,0 ,1180427 ,0 ,0 ,0 
2026년,06월,AIC,AI,인도항공,국제,기타,인도,DEL,도착,정기,여객,25 ,4971 ,37 ,91 ,226806 ,0 ,0 ,114095 
2026년,06월,AIC,AI,인도항공,국제,기타,인도,DEL,출발,정기,여객,25 ,4781 ,32 ,67 ,311652 ,0 ,7208 ,115156 
2026년,06월,AIH,KJ,에어제타,국제,일본,일본,KIX,도착,정기,화물,20 ,0 ,0 ,0 ,177985 ,97133 ,0 ,0 
2026년,06월,AIH,KJ,에어제타,국제,일본,일본,KIX,출발,정기,화물,20 ,0 ,0 ,0 ,173362 ,99731 ,2778 ,0 
2026년,06월,AIH,KJ,에어제타,국제,일본,일본,NRT,도착,정기,화물,20 ,0 ,0 ,0 ,657927 ,365860 ,0 ,0 
2026년,06월,AIH,KJ,에어제타,국제,일본,일본,NRT,도착,부정기,화물,1 ,0 ,0 ,0 ,25896 ,5994 ,0 ,0 
2026년,06월,AIH,KJ,에어제타,국제,일본,일본,NRT,출발,정기,화물,20 ,0 ,0 ,0 ,600020 ,355986 ,36146 ,0 
2026년,06월,AIH,KJ,에어제타,국제,일본,일본,NRT,출발,부정기,화물,1 ,0 ,0 ,0 ,17667 ,13719 ,4476 ,0 
2026년,06월,AIH,KJ,에어제타,국제,중국,중국,CAN,도착,정기,화물,0 ,0 ,0 ,0 ,335191 ,884599 ,0 ,0 
2026년,06월,AIH,KJ,에어제타,국제,중국,중국,CTU,도착,정기,화물,15 ,0 ,0 ,0 ,158738 ,43722 ,0 ,0 
2026년,06월,AIH,KJ,에어제타,국제,중국,중국,CTU,출발,정기,화물,16 ,0 ,0 ,0 ,118451 ,24128 ,0 ,0 
2026년,06월,AIH,KJ,에어제타,국제,중국,중국,PVG,도착,정기,화물,45 ,0 ,0 ,0 ,1028032 ,1733453 ,0 ,0 
2026년,06월,AIH,KJ,에어제타,국제,중국,중국,PVG,출발,정기,화물,45 ,0 ,0 ,0 ,1140533 ,359981 ,0 ,0 
2026년,06월,AIH,KJ,에어제타,국제,중국,중국,TAO,도착,정기,화물,25 ,0 ,0 ,0 ,134851 ,334845 ,0 ,0 
2026년,06월,AIH,KJ,에어제타,국제,중국,중국,TAO,출발,정기,화물,25 ,0 ,0 ,0 ,232482 ,51176 ,0 ,0 
2026년,06월,AIH,KJ,에어제타,국제,중국,중국,TSN,도착,정기,화물,17 ,0 ,0 ,0 ,145808 ,162872 ,31450 ,0 
2026년,06월,AIH,KJ,에어제타,국제,중국,중국,TSN,출발,정기,화물,17 ,0 ,0 ,0 ,71568 ,62712 ,0 ,0 
2026년,06월,AIH,KJ,에어제타,국제,중국,중국,YNT,도착,정기,화물,30 ,0 ,0 ,0 ,431669 ,144578 ,6331 ,0 
2026년,06월,AIH,KJ,에어제타,국제,중국,중국,YNT,출발,정기,화물,30 ,0 ,0 ,0 ,61243 ,14157 ,0 ,0 
2026년,06월,AIH,KJ,에어제타,국제,동북아,홍콩,HKG,도착,정기,화물,44 ,0 ,0 ,0 ,386431 ,3162513 ,0 ,0 
2026년,06월,AIH,KJ,에어제타,국제,동북아,홍콩,HKG,출발,정기,화물,45 ,0 ,0 ,0 ,666239 ,532870 ,74246 ,0 
2026년,06월,AIH,KJ,에어제타,국제,동남아,베트남,HAN,도착,정기,화물,78 ,0 ,0 ,0 ,939288 ,419850 ,0 ,0 
2026년,06월,AIH,KJ,에어제타,국제,동남아,베트남,HAN,도착,부정기,화물,1 ,0 ,0 ,0 ,24761 ,13844 ,0 ,0 
2026년,06월,AIH,KJ,에어제타,국제,동남아,베트남,HAN,출발,정기,화물,79 ,0 ,0 ,0 ,2586323 ,362954 ,1969 ,0 
2026년,06월,AIH,KJ,에어제타,국제,동남아,베트남,HAN,출발,부정기,화물,1 ,0 ,0 ,0 ,23041 ,10511 ,0 ,0 
2026년,06월,AIH,KJ,에어제타,국제,동남아,싱가포르,SIN,도착,부정기,화물,12 ,0 ,0 ,0 ,88761 ,127716 ,0 ,0 
2026년,06월,AIH,KJ,에어제타,국제,동남아,싱가포르,SIN,출발,부정기,화물,12 ,0 ,0 ,0 ,385217 ,593102 ,1280 ,0 
2026년,06월,AIH,KJ,에어제타,국제,동남아,인도네시아,SUB,도착,부정기,화물,1 ,0 ,0 ,0 ,0 ,0 ,0 ,0 
2026년,06월,AIH,KJ,에어제타,국제,동남아,인도네시아,SUB,출발,부정기,화물,1 ,0 ,0 ,0 ,30232 ,0 ,0 ,0 
2026년,06월,AIH,KJ,에어제타,국제,동남아,태국,BKK,도착,부정기,화물,0 ,0 ,0 ,0 ,522051 ,330515 ,0 ,0 
2026년,06월,AIH,KJ,에어제타,국제,미주,미국,ANC,도착,정기,화물,0 ,0 ,0 ,0 ,435280 ,133566 ,0 ,0 
2026년,06월,AIH,KJ,에어제타,국제,미주,미국,ANC,출발,정기,화물,0 ,0 ,0 ,0 ,39 ,0 ,0 ,0 
2026년,06월,AIH,KJ,에어제타,국제,미주,미국,ANC,출발,부정기,화물,0 ,0 ,0 ,0 ,52212 ,49943 ,0 ,0 
2026년,06월,AIH,KJ,에어제타,국제,미주,미국,ATL,도착,정기,화물,13 ,0 ,0 ,0 ,521451 ,179020 ,0 ,0 
2026년,06월,AIH,KJ,에어제타,국제,미주,미국,ATL,출발,정기,화물,12 ,0 ,0 ,0 ,117621 ,93121 ,0 ,0 
2026년,06월,AIH,KJ,에어제타,국제,미주,미국,DFW,출발,정기,화물,0 ,0 ,0 ,0 ,339988 ,264490 ,0 ,0 
2026년,06월,AIH,KJ,에어제타,국제,미주,미국,JFK,출발,정기,화물,0 ,0 ,0 ,0 ,273964 ,923621 ,7516 ,0 
2026년,06월,AIH,KJ,에어제타,국제,미주,미국,LAX,도착,정기,화물,5 ,0 ,0 ,0 ,243343 ,56701 ,0 ,0 
2026년,06월,AIH,KJ,에어제타,국제,미주,미국,LAX,도착,부정기,화물,1 ,0 ,0 ,0 ,32046 ,29584 ,0 ,0 
2026년,06월,AIH,KJ,에어제타,국제,미주,미국,LAX,출발,정기,화물,4 ,0 ,0 ,0 ,578682 ,892788 ,1472 ,0 
2026년,06월,AIH,KJ,에어제타,국제,미주,미국,LAX,출발,부정기,화물,1 ,0 ,0 ,0 ,0 ,0 ,0 ,0 
2026년,06월,AIH,KJ,에어제타,국제,미주,미국,ORD,도착,부정기,화물,4 ,0 ,0 ,0 ,149058 ,23260 ,0 ,0 
2026년,06월,AIH,KJ,에어제타,국제,미주,미국,ORD,출발,정기,화물,0 ,0 ,0 ,0 ,651862 ,1280988 ,5950 ,0 
2026년,06월,AIH,KJ,에어제타,국제,미주,미국,ORD,출발,부정기,화물,3 ,0 ,0 ,0 ,46464 ,151834 ,0 ,0 
2026년,06월,AIH,KJ,에어제타,국제,미주,미국,SEA,도착,정기,화물,17 ,0 ,0 ,0 ,901904 ,287949 ,0 ,0 
2026년,06월,AIH,KJ,에어제타,국제,미주,미국,SEA,출발,정기,화물,18 ,0 ,0 ,0 ,645 ,6816 ,0 ,0 
2026년,06월,AIH,KJ,에어제타,국제,미주,미국,SFO,도착,정기,화물,16 ,0 ,0 ,0 ,657522 ,298225 ,0 ,0 
2026년,06월,AIH,KJ,에어제타,국제,미주,미국,SFO,출발,정기,화물,16 ,0 ,0 ,0 ,41926 ,191003 ,0 ,0 
2026년,06월,AIH,KJ,에어제타,국제,미주,미국,VBG,출발,부정기,화물,0 ,0 ,0 ,0 ,0 ,0 ,0 ,0 
2026년,06월,AIH,KJ,에어제타,국제,유럽,독일,FRA,도착,정기,화물,22 ,0 ,0 ,0 ,1255339 ,106054 ,0 ,0 
2026년,06월,AIH,KJ,에어제타,국제,유럽,독일,FRA,출발,정기,화물,23 ,0 ,0 ,0 ,232033 ,971591 ,7193 ,0 
2026년,06월,AIH,KJ,에어제타,국제,유럽,벨기에,BRU,도착,정기,화물,13 ,0 ,0 ,0 ,854986 ,125586 ,0 ,0 
2026년,06월,AIH,KJ,에어제타,국제,유럽,벨기에,BRU,출발,정기,화물,13 ,0 ,0 ,0 ,0 ,0 ,0 ,0 
2026년,06월,AIH,KJ,에어제타,국제,유럽,영국,STN,출발,정기,화물,0 ,0 ,0 ,0 ,104559 ,439161 ,0 ,0 
2026년,06월,AIH,KJ,에어제타,국제,유럽,오스트리아,VIE,출발,정기,화물,0 ,0 ,0 ,0 ,312572 ,292745 ,0 ,0 
2026년,06월,AIH,KJ,에어제타,국제,유럽,이탈리아,MXP,도착,정기,화물,9 ,0 ,0 ,0 ,393864 ,201855 ,0 ,0 
2026년,06월,AIH,KJ,에어제타,국제,유럽,이탈리아,MXP,출발,정기,화물,8 ,0 ,0 ,0 ,108648 ,401756 ,0 ,0 
2026년,06월,AIH,KJ,에어제타,국제,유럽,카자흐스탄,ALA,출발,정기,화물,0 ,0 ,0 ,0 ,10839 ,7097 ,0 ,0 
2026년,06월,AIQ,FD,타이에어아시아항공,국제,동남아,태국,DMK,도착,정기,여객,18 ,1890 ,5 ,0 ,0 ,0 ,0 ,16161 
2026년,06월,AIQ,FD,타이에어아시아항공,국제,동남아,태국,DMK,출발,정기,여객,18 ,2116 ,9 ,5 ,0 ,0 ,0 ,22925 
2026년,06월,ALK,UL,스리랑칸 에어라인즈,국제,기타,스리랑카,CMB,도착,정기,여객,5 ,1153 ,15 ,33 ,43742 ,0 ,458 ,39201 
2026년,06월,ALK,UL,스리랑칸 에어라인즈,국제,기타,스리랑카,CMB,출발,정기,여객,5 ,1039 ,12 ,44 ,41981 ,0 ,6350 ,42020 
2026년,06월,AMU,NX,마카오항공,국제,동북아,마카오,MFM,도착,정기,여객,31 ,4045 ,22 ,2 ,80875 ,0 ,1304 ,50200 
2026년,06월,AMU,NX,마카오항공,국제,동북아,마카오,MFM,출발,정기,여객,31 ,3957 ,16 ,13 ,28948 ,0 ,944 ,52491 
2026년,06월,AMX,AM,아에로멕시코,국제,미주,멕시코,MEX,출발,정기,여객,30 ,5503 ,15 ,439 ,335832 ,0 ,0 ,153445 
2026년,06월,AMX,AM,아에로멕시코,국제,미주,멕시코,MTY,도착,정기,여객,30 ,5836 ,19 ,951 ,28165 ,0 ,0 ,130820 
2026년,06월,ANA,NH,전일본항공,국제,일본,일본,NRT,도착,정기,화물,24 ,0 ,0 ,0 ,834418 ,1272 ,3708 ,0 
2026년,06월,ANA,NH,전일본항공,국제,일본,일본,NRT,출발,정기,화물,24 ,0 ,0 ,0 ,813913 ,1204 ,30591 ,0 
2026년,06월,APJ,MM,피치 항공,국제,일본,일본,HND,도착,정기,여객,30 ,5124 ,10 ,0 ,0 ,0 ,0 ,33347 
2026년,06월,APJ,MM,피치 항공,국제,일본,일본,HND,출발,정기,여객,30 ,4800 ,3 ,0 ,0 ,0 ,0 ,46483 
2026년,06월,APJ,MM,피치 항공,국제,일본,일본,KIX,도착,정기,여객,123 ,18581 ,46 ,0 ,0 ,0 ,0 ,127559 
2026년,06월,APJ,MM,피치 항공,국제,일본,일본,KIX,출발,정기,여객,123 ,17645 ,51 ,0 ,12909 ,0 ,0 ,115169 
2026년,06월,APZ,YP,에어 프레미아,국제,일본,일본,NRT,도착,정기,여객,42 ,12220 ,48 ,360 ,305361 ,0 ,0 ,139346 
2026년,06월,APZ,YP,에어 프레미아,국제,일본,일본,NRT,출발,정기,여객,42 ,11104 ,38 ,1365 ,417281 ,2352 ,0 ,132629 
2026년,06월,APZ,YP,에어 프레미아,국제,동북아,홍콩,HKG,도착,정기,여객,16 ,4164 ,18 ,214 ,180045 ,0 ,0 ,52102 
2026년,06월,APZ,YP,에어 프레미아,국제,동북아,홍콩,HKG,출발,정기,여객,16 ,3665 ,15 ,914 ,37694 ,329 ,0 ,87710 
2026년,06월,APZ,YP,에어 프레미아,국제,동남아,베트남,DAD,도착,정기,여객,9 ,2446 ,11 ,54 ,117562 ,0 ,0 ,32949 
2026년,06월,APZ,YP,에어 프레미아,국제,동남아,베트남,DAD,출발,정기,여객,8 ,2050 ,12 ,201 ,4080 ,31326 ,0 ,27146 
2026년,06월,APZ,YP,에어 프레미아,국제,동남아,태국,BKK,도착,정기,여객,16 ,4628 ,30 ,111 ,290922 ,0 ,0 ,64617 
2026년,06월,APZ,YP,에어 프레미아,국제,동남아,태국,BKK,도착,부정기,여객,1 ,2 ,0 ,0 ,9544 ,0 ,0 ,42 
2026년,06월,APZ,YP,에어 프레미아,국제,동남아,태국,BKK,출발,정기,여객,18 ,4818 ,28 ,343 ,199913 ,34495 ,0 ,83351 
2026년,06월,APZ,YP,에어 프레미아,국제,미주,미국,EWR,도착,정기,여객,30 ,7342 ,60 ,1074 ,38308 ,0 ,0 ,168241 
2026년,06월,APZ,YP,에어 프레미아,국제,미주,미국,EWR,출발,정기,여객,30 ,4838 ,51 ,604 ,202832 ,64096 ,248 ,138354 
2026년,06월,APZ,YP,에어 프레미아,국제,미주,미국,IAD,도착,정기,여객,15 ,2984 ,29 ,798 ,26488 ,0 ,0 ,74245 
2026년,06월,APZ,YP,에어 프레미아,국제,미주,미국,IAD,출발,정기,여객,14 ,2166 ,27 ,443 ,125050 ,41178 ,0 ,68483 
2026년,06월,APZ,YP,에어 프레미아,국제,미주,미국,LAX,도착,정기,여객,42 ,9700 ,55 ,1722 ,473296 ,0 ,0 ,227166 
2026년,06월,APZ,YP,에어 프레미아,국제,미주,미국,LAX,출발,정기,여객,43 ,8854 ,35 ,58 ,484444 ,111516 ,6646 ,206447 
2026년,06월,APZ,YP,에어 프레미아,국제,미주,미국,SFO,도착,정기,여객,18 ,4248 ,29 ,678 ,134396 ,0 ,0 ,91537 
2026년,06월,APZ,YP,에어 프레미아,국제,미주,미국,SFO,출발,정기,여객,18 ,3795 ,30 ,89 ,205939 ,28338 ,0 ,83682 
2026년,06월,APZ,YP,에어 프레미아,국제,대양주,하와이,HNL,도착,정기,여객,13 ,2831 ,28 ,78 ,0 ,0 ,0 ,55190 
2026년,06월,APZ,YP,에어 프레미아,국제,대양주,하와이,HNL,출발,정기,여객,13 ,2877 ,18 ,53 ,88761 ,62575 ,0 ,55656 
2026년,06월,ASA,AS,알래스카 항공,국제,미주,미국,SEA,도착,정기,여객,26 ,4837 ,26 ,2798 ,364746 ,0 ,1375 ,194120 
2026년,06월,ASA,AS,알래스카 항공,국제,미주,미국,SEA,출발,정기,여객,25 ,4555 ,20 ,998 ,501094 ,0 ,0 ,157182 
2026년,06월,ASV,RS,에어서울,국제,일본,일본,FUK,도착,정기,여객,57 ,10183 ,70 ,38 ,0 ,0 ,0 ,71742 
2026년,06월,ASV,RS,에어서울,국제,일본,일본,FUK,출발,정기,여객,57 ,7967 ,54 ,40 ,0 ,0 ,0 ,37258 
2026년,06월,ASV,RS,에어서울,국제,일본,일본,KIX,도착,정기,여객,80 ,13940 ,56 ,2 ,17093 ,0 ,0 ,92139 
2026년,06월,ASV,RS,에어서울,국제,일본,일본,KIX,도착,부정기,여객,4 ,739 ,0 ,0 ,0 ,0 ,0 ,4502 
2026년,06월,ASV,RS,에어서울,국제,일본,일본,KIX,출발,정기,여객,80 ,12376 ,52 ,35 ,12533 ,0 ,0 ,68460 
2026년,06월,ASV,RS,에어서울,국제,일본,일본,KIX,출발,부정기,여객,4 ,735 ,1 ,1 ,0 ,0 ,0 ,3824 
2026년,06월,ASV,RS,에어서울,국제,일본,일본,NRT,도착,정기,여객,83 ,15847 ,41 ,3 ,57083 ,0 ,0 ,105544 
2026년,06월,ASV,RS,에어서울,국제,일본,일본,NRT,출발,정기,여객,83 ,15148 ,35 ,20 ,63827 ,0 ,0 ,108139 
2026년,06월,ASV,RS,에어서울,국제,일본,일본,TAK,도착,정기,여객,26 ,4308 ,17 ,0 ,0 ,0 ,0 ,36187 
2026년,06월,ASV,RS,에어서울,국제,일본,일본,TAK,출발,정기,여객,26 ,3969 ,15 ,5 ,0 ,0 ,0 ,25868 
2026년,06월,ASV,RS,에어서울,국제,일본,일본,YGJ,도착,정기,여객,21 ,2911 ,16 ,1 ,0 ,0 ,0 ,20632 
2026년,06월,ASV,RS,에어서울,국제,일본,일본,YGJ,출발,정기,여객,21 ,2871 ,14 ,6 ,0 ,0 ,0 ,17904 
2026년,06월,ASV,RS,에어서울,국제,중국,중국,DYG,도착,정기,여객,13 ,1815 ,1 ,0 ,0 ,0 ,0 ,21447 
2026년,06월,ASV,RS,에어서울,국제,중국,중국,DYG,출발,정기,여객,13 ,1926 ,1 ,0 ,0 ,0 ,0 ,18273 
2026년,06월,ASV,RS,에어서울,국제,동남아,베트남,CXR,도착,정기,여객,20 ,3889 ,19 ,0 ,15862 ,0 ,0 ,37715 
2026년,06월,ASV,RS,에어서울,국제,동남아,베트남,CXR,출발,정기,여객,20 ,3198 ,20 ,0 ,0 ,0 ,0 ,20077 
2026년,06월,ASV,RS,에어서울,국제,동남아,베트남,DAD,도착,정기,여객,15 ,2661 ,8 ,34 ,27716 ,0 ,0 ,22488 
2026년,06월,ASV,RS,에어서울,국제,동남아,베트남,DAD,출발,정기,여객,15 ,2259 ,13 ,40 ,8390 ,0 ,0 ,12857 
2026년,06월,ASV,RS,에어서울,국제,대양주,괌,GUM,도착,정기,여객,26 ,1389 ,12 ,0 ,0 ,0 ,0 ,15569 
2026년,06월,ASV,RS,에어서울,국제,대양주,괌,GUM,출발,정기,여객,27 ,1414 ,13 ,21 ,0 ,0 ,0 ,51769 
2026년,06월,AXM,AK,에어아시아버하드,국제,동남아,말레이시아,BKI,도착,정기,여객,17 ,1451 ,11 ,0 ,0 ,0 ,0 ,13247 
2026년,06월,AXM,AK,에어아시아버하드,국제,동남아,말레이시아,BKI,출발,정기,여객,17 ,2223 ,7 ,12 ,0 ,0 ,0 ,23970 
2026년,06월,AZG,7L,실크웨이웨스트항공,국제,일본,일본,NRT,도착,정기,화물,0 ,0 ,0 ,0 ,0 ,0 ,0 ,0 
2026년,06월,AZG,7L,실크웨이웨스트항공,국제,유럽,아제르바이잔,GYD,도착,정기,화물,13 ,0 ,0 ,0 ,781116 ,0 ,0 ,0 
2026년,06월,AZG,7L,실크웨이웨스트항공,국제,유럽,아제르바이잔,GYD,출발,정기,화물,14 ,0 ,0 ,0 ,1265216 ,0 ,0 ,0 
2026년,06월,BOX,3S,에어로로직,국제,중국,중국,PVG,출발,정기,화물,0 ,0 ,0 ,0 ,0 ,0 ,0 ,0 
2026년,06월,BOX,3S,에어로로직,국제,동북아,홍콩,HKG,출발,정기,화물,0 ,0 ,0 ,0 ,47408 ,0 ,0 ,0 
2026년,06월,BOX,3S,에어로로직,국제,유럽,독일,LEJ,도착,정기,화물,22 ,0 ,0 ,0 ,1315598 ,0 ,0 ,0 
2026년,06월,BOX,3S,에어로로직,국제,유럽,독일,LEJ,출발,정기,화물,22 ,0 ,0 ,0 ,0 ,0 ,0 ,0 
2026년,06월,CAL,CI,중화항공,국제,동북아,대만,KHH,도착,정기,여객,30 ,4274 ,23 ,66 ,7871 ,0 ,689 ,53629 
2026년,06월,CAL,CI,중화항공,국제,동북아,대만,KHH,출발,정기,여객,30 ,4195 ,24 ,14 ,13449 ,0 ,0 ,80367 
2026년,06월,CAL,CI,중화항공,국제,동북아,대만,TPE,도착,정기,여객,60 ,14384 ,54 ,396 ,472384 ,0 ,7888 ,180568 
2026년,06월,CAL,CI,중화항공,국제,동북아,대만,TPE,도착,부정기,여객,4 ,477 ,2 ,5 ,295 ,0 ,253 ,5017 
2026년,06월,CAL,CI,중화항공,국제,동북아,대만,TPE,출발,정기,여객,60 ,14791 ,55 ,382 ,562772 ,0 ,6560 ,277941 
2026년,06월,CAL,CI,중화항공,국제,동북아,대만,TPE,출발,부정기,여객,4 ,618 ,2 ,1 ,0 ,0 ,0 ,11742 
2026년,06월,CCA,CA,중국국제항공,국제,중국,중국,CKG,도착,정기,여객,30 ,4218 ,3 ,36 ,27884 ,0 ,0 ,46351 
2026년,06월,CCA,CA,중국국제항공,국제,중국,중국,CKG,출발,정기,여객,30 ,4085 ,1 ,31 ,28393 ,0 ,0 ,54648 
2026년,06월,CCA,CA,중국국제항공,국제,중국,중국,HGH,도착,정기,여객,30 ,5311 ,10 ,21 ,34857 ,0 ,0 ,52374 
2026년,06월,CCA,CA,중국국제항공,국제,중국,중국,HGH,출발,정기,여객,30 ,5167 ,5 ,19 ,8828 ,0 ,0 ,77815 
2026년,06월,CCA,CA,중국국제항공,국제,중국,중국,PEK,도착,정기,여객,103 ,20873 ,46 ,1216 ,989542 ,0 ,3308 ,291949 
2026년,06월,CCA,CA,중국국제항공,국제,중국,중국,PEK,출발,정기,여객,103 ,22194 ,53 ,377 ,96214 ,0 ,5571 ,363052 
2026년,06월,CCA,CA,중국국제항공,국제,중국,중국,PKX,도착,정기,여객,30 ,3382 ,9 ,823 ,14739 ,0 ,0 ,43710 
2026년,06월,CCA,CA,중국국제항공,국제,중국,중국,PKX,출발,정기,여객,30 ,4215 ,10 ,23 ,0 ,0 ,0 ,64102 
2026년,06월,CCA,CA,중국국제항공,국제,중국,중국,TFU,도착,정기,여객,34 ,5169 ,7 ,67 ,7680 ,0 ,1581 ,55961 
2026년,06월,CCA,CA,중국국제항공,국제,중국,중국,TFU,출발,정기,여객,34 ,5311 ,7 ,31 ,8936 ,0 ,0 ,75151 
2026년,06월,CCA,CA,중국국제항공,국제,중국,중국,TSN,도착,정기,여객,30 ,3754 ,4 ,511 ,6068 ,0 ,0 ,43362 
2026년,06월,CCA,CA,중국국제항공,국제,중국,중국,TSN,출발,정기,여객,30 ,3991 ,6 ,18 ,3775 ,0 ,0 ,61326 
2026년,06월,CCA,CA,중국국제항공,국제,중국,중국,WNZ,도착,정기,여객,13 ,1996 ,6 ,0 ,8205 ,0 ,0 ,20715 
2026년,06월,CCA,CA,중국국제항공,국제,중국,중국,WNZ,출발,정기,여객,13 ,1917 ,3 ,4 ,87 ,0 ,0 ,30201 
2026년,06월,CCA,CA,중국국제항공,국제,중국,중국,YNJ,도착,정기,여객,26 ,3795 ,15 ,2 ,697 ,0 ,0 ,55863 
2026년,06월,CCA,CA,중국국제항공,국제,중국,중국,YNJ,출발,정기,여객,26 ,4300 ,19 ,10 ,0 ,0 ,4794 ,57283 
2026년,06월,CDG,SC,산동항공,국제,중국,중국,SYX,도착,정기,여객,29 ,402 ,1 ,0 ,0 ,0 ,0 ,4534 
2026년,06월,CDG,SC,산동항공,국제,중국,중국,SYX,출발,정기,여객,30 ,379 ,1 ,1 ,0 ,0 ,0 ,5184 
2026년,06월,CDG,SC,산동항공,국제,중국,중국,TAO,도착,정기,여객,180 ,25182 ,38 ,351 ,167530 ,0 ,5666 ,313482 
2026년,06월,CDG,SC,산동항공,국제,중국,중국,TAO,출발,정기,여객,180 ,28032 ,39 ,521 ,0 ,0 ,0 ,401634 
2026년,06월,CDG,SC,산동항공,국제,중국,중국,TNA,도착,정기,여객,88 ,15165 ,17 ,182 ,160381 ,0 ,0 ,160506 
2026년,06월,CDG,SC,산동항공,국제,중국,중국,TNA,출발,정기,여객,88 ,17332 ,17 ,249 ,0 ,0 ,0 ,259369 
2026년,06월,CEB,5J,세부퍼시픽항공,국제,동남아,필리핀,CEB,도착,정기,여객,23 ,4257 ,23 ,0 ,1611 ,0 ,0 ,46417 
2026년,06월,CEB,5J,세부퍼시픽항공,국제,동남아,필리핀,CEB,출발,정기,여객,23 ,4266 ,28 ,4 ,10251 ,0 ,0 ,54818 
2026년,06월,CEB,5J,세부퍼시픽항공,국제,동남아,필리핀,MNL,도착,정기,여객,56 ,11013 ,54 ,4 ,54453 ,0 ,9 ,131321 
2026년,06월,CEB,5J,세부퍼시픽항공,국제,동남아,필리핀,MNL,출발,정기,여객,56 ,11128 ,50 ,10 ,71418 ,0 ,0 ,184211 
2026년,06월,CES,MU,중국동방항공,국제,중국,중국,HGH,도착,정기,여객,30 ,4782 ,9 ,8 ,30304 ,0 ,0 ,46944 
2026년,06월,CES,MU,중국동방항공,국제,중국,중국,HGH,출발,정기,여객,30 ,4653 ,6 ,11 ,33839 ,0 ,0 ,62604 
2026년,06월,CES,MU,중국동방항공,국제,중국,중국,KMG,도착,정기,여객,17 ,1863 ,4 ,0 ,5504 ,0 ,0 ,27174 
2026년,06월,CES,MU,중국동방항공,국제,중국,중국,KMG,출발,정기,여객,18 ,2462 ,7 ,24 ,281 ,0 ,0 ,42266 
2026년,06월,CES,MU,중국동방항공,국제,중국,중국,NKG,도착,정기,여객,60 ,9142 ,14 ,59 ,97653 ,0 ,0 ,93165 
2026년,06월,CES,MU,중국동방항공,국제,중국,중국,NKG,출발,정기,여객,60 ,9406 ,12 ,206 ,3717 ,0 ,0 ,144953 
2026년,06월,CES,MU,중국동방항공,국제,중국,중국,PKX,도착,정기,여객,30 ,4813 ,10 ,61 ,11395 ,0 ,0 ,107010 
2026년,06월,CES,MU,중국동방항공,국제,중국,중국,PKX,출발,정기,여객,30 ,4887 ,5 ,38 ,0 ,0 ,0 ,112880 
2026년,06월,CES,MU,중국동방항공,국제,중국,중국,PVG,도착,정기,여객,132 ,29060 ,38 ,128 ,695745 ,0 ,2350 ,389506 
2026년,06월,CES,MU,중국동방항공,국제,중국,중국,PVG,출발,정기,여객,132 ,29401 ,40 ,140 ,456868 ,0 ,6625 ,467001 
2026년,06월,CES,MU,중국동방항공,국제,중국,중국,TAO,도착,정기,여객,117 ,18313 ,44 ,129 ,302054 ,0 ,0 ,221005 
2026년,06월,CES,MU,중국동방항공,국제,중국,중국,TAO,출발,정기,여객,117 ,20917 ,39 ,151 ,10089 ,0 ,0 ,283157 
2026년,06월,CES,MU,중국동방항공,국제,중국,중국,WEH,도착,정기,여객,30 ,4128 ,15 ,185 ,38813 ,0 ,0 ,81424 
2026년,06월,CES,MU,중국동방항공,국제,중국,중국,WEH,출발,정기,여객,30 ,4325 ,17 ,153 ,15218 ,0 ,0 ,70862 
2026년,06월,CES,MU,중국동방항공,국제,중국,중국,WUX,도착,정기,여객,30 ,4880 ,8 ,1 ,44208 ,0 ,0 ,52297 
2026년,06월,CES,MU,중국동방항공,국제,중국,중국,WUX,출발,정기,여객,30 ,4827 ,6 ,27 ,873 ,0 ,0 ,67447 
2026년,06월,CES,MU,중국동방항공,국제,중국,중국,XIY,도착,정기,여객,30 ,1709 ,0 ,4 ,28518 ,0 ,0 ,17364 
2026년,06월,CES,MU,중국동방항공,국제,중국,중국,XIY,출발,정기,여객,30 ,1742 ,2 ,9 ,10595 ,0 ,0 ,26389 
2026년,06월,CES,MU,중국동방항공,국제,중국,중국,YNJ,도착,정기,여객,30 ,4181 ,10 ,5 ,0 ,0 ,0 ,55196 
2026년,06월,CES,MU,중국동방항공,국제,중국,중국,YNJ,출발,정기,여객,30 ,4592 ,16 ,7 ,0 ,0 ,0 ,49779 
2026년,06월,CES,MU,중국동방항공,국제,중국,중국,YNT,도착,정기,여객,90 ,10956 ,32 ,409 ,151426 ,0 ,0 ,148200 
2026년,06월,CES,MU,중국동방항공,국제,중국,중국,YNT,출발,정기,여객,90 ,12003 ,30 ,268 ,43446 ,0 ,0 ,167880 
2026년,06월,CGZ,GY,다채귀주항공,국제,중국,중국,KWE,도착,부정기,여객,4 ,425 ,1 ,0 ,2523 ,0 ,0 ,3462 
2026년,06월,CGZ,GY,다채귀주항공,국제,중국,중국,KWE,출발,부정기,여객,4 ,390 ,1 ,0 ,0 ,0 ,0 ,4144 
2026년,06월,CHH,HU,중국해남항공,국제,중국,중국,HAK,도착,정기,여객,14 ,1515 ,2 ,0 ,14176 ,0 ,0 ,17728 
2026년,06월,CHH,HU,중국해남항공,국제,중국,중국,HAK,출발,정기,여객,14 ,2025 ,1 ,4 ,412 ,0 ,0 ,33575 
2026년,06월,CKK,CK,중국화물항공,국제,중국,중국,PVG,도착,정기,화물,11 ,0 ,0 ,0 ,927508 ,43640 ,0 ,0 
2026년,06월,CKK,CK,중국화물항공,국제,중국,중국,PVG,출발,정기,화물,11 ,0 ,0 ,0 ,551452 ,0 ,0 ,0 
2026년,06월,CKS,K4,칼리타항공,국제,일본,일본,NGO,출발,정기,화물,0 ,0 ,0 ,0 ,1147929 ,0 ,0 ,0 
2026년,06월,CKS,K4,칼리타항공,국제,일본,일본,NRT,도착,정기,화물,0 ,0 ,0 ,0 ,138499 ,0 ,0 ,0 
2026년,06월,CKS,K4,칼리타항공,국제,중국,중국,CGO,도착,정기,화물,1 ,0 ,0 ,0 ,0 ,0 ,0 ,0 
2026년,06월,CKS,K4,칼리타항공,국제,중국,중국,XIY,도착,정기,화물,0 ,0 ,0 ,0 ,0 ,0 ,0 ,0 
2026년,06월,CKS,K4,칼리타항공,국제,동북아,대만,TPE,도착,정기,화물,1 ,0 ,0 ,0 ,0 ,0 ,0 ,0 
2026년,06월,CKS,K4,칼리타항공,국제,동북아,대만,TPE,도착,부정기,화물,1 ,0 ,0 ,0 ,0 ,0 ,0 ,0 
2026년,06월,CKS,K4,칼리타항공,국제,동북아,홍콩,HKG,출발,정기,화물,0 ,0 ,0 ,0 ,463987 ,0 ,0 ,0 
2026년,06월,CKS,K4,칼리타항공,국제,동남아,베트남,HAN,도착,정기,화물,4 ,0 ,0 ,0 ,49563 ,0 ,0 ,0 
2026년,06월,CKS,K4,칼리타항공,국제,동남아,베트남,HAN,도착,부정기,화물,1 ,0 ,0 ,0 ,9001 ,0 ,0 ,0 
2026년,06월,CKS,K4,칼리타항공,국제,동남아,베트남,HAN,출발,정기,화물,6 ,0 ,0 ,0 ,0 ,0 ,0 ,0 
2026년,06월,CKS,K4,칼리타항공,국제,동남아,베트남,HAN,출발,부정기,화물,2 ,0 ,0 ,0 ,0 ,0 ,0 ,0 
2026년,06월,CKS,K4,칼리타항공,국제,동남아,싱가포르,SIN,출발,부정기,화물,1 ,0 ,0 ,0 ,8203 ,0 ,0 ,0 
2026년,06월,CKS,K4,칼리타항공,국제,미주,멕시코,NLU,출발,정기,화물,2 ,0 ,0 ,0 ,0 ,0 ,0 ,0 
2026년,06월,CKS,K4,칼리타항공,국제,미주,미국,ANC,도착,정기,화물,2 ,0 ,0 ,0 ,2571 ,0 ,0 ,0 
2026년,06월,CKS,K4,칼리타항공,국제,미주,미국,ANC,도착,부정기,화물,1 ,0 ,0 ,0 ,0 ,0 ,0 ,0 
2026년,06월,CKS,K4,칼리타항공,국제,미주,미국,ANC,출발,정기,화물,4 ,0 ,0 ,0 ,1094447 ,0 ,0 ,0 
2026년,06월,CKS,K4,칼리타항공,국제,미주,미국,ANC,출발,부정기,화물,5 ,0 ,0 ,0 ,310691 ,0 ,0 ,0 
2026년,06월,CKS,K4,칼리타항공,국제,미주,미국,CVG,도착,정기,화물,44 ,0 ,0 ,0 ,818880 ,0 ,0 ,0 
2026년,06월,CKS,K4,칼리타항공,국제,미주,미국,CVG,도착,부정기,화물,1 ,0 ,0 ,0 ,8602 ,0 ,0 ,0 
2026년,06월,CKS,K4,칼리타항공,국제,미주,미국,CVG,출발,정기,화물,33 ,0 ,0 ,0 ,0 ,0 ,0 ,0 
2026년,06월,CKS,K4,칼리타항공,국제,미주,미국,JFK,출발,정기,화물,1 ,0 ,0 ,0 ,0 ,0 ,0 ,0 
2026년,06월,CKS,K4,칼리타항공,국제,미주,미국,LAX,도착,정기,화물,24 ,0 ,0 ,0 ,345400 ,0 ,0 ,0 
2026년,06월,CKS,K4,칼리타항공,국제,미주,미국,LAX,도착,부정기,화물,3 ,0 ,0 ,0 ,558 ,0 ,0 ,0 
2026년,06월,CKS,K4,칼리타항공,국제,미주,미국,LAX,출발,정기,화물,19 ,0 ,0 ,0 ,235682 ,0 ,0 ,0 
2026년,06월,CKS,K4,칼리타항공,국제,미주,미국,LAX,출발,부정기,화물,2 ,0 ,0 ,0 ,86230 ,0 ,0 ,0 
2026년,06월,CKS,K4,칼리타항공,국제,미주,미국,ORD,도착,정기,화물,27 ,0 ,0 ,0 ,35578 ,0 ,0 ,0 
2026년,06월,CKS,K4,칼리타항공,국제,미주,미국,ORD,도착,부정기,화물,1 ,0 ,0 ,0 ,0 ,0 ,0 ,0 
2026년,06월,CKS,K4,칼리타항공,국제,미주,미국,ORD,출발,정기,화물,38 ,0 ,0 ,0 ,99272 ,0 ,0 ,0 
2026년,06월,CKS,K4,칼리타항공,국제,미주,미국,SEA,도착,정기,화물,0 ,0 ,0 ,0 ,157346 ,0 ,0 ,0 
2026년,06월,CKS,K4,칼리타항공,국제,미주,미국,SFO,도착,정기,화물,0 ,0 ,0 ,0 ,256849 ,0 ,0 ,0 
2026년,06월,CKS,K4,칼리타항공,국제,미주,미국,SFO,도착,부정기,화물,2 ,0 ,0 ,0 ,231981 ,0 ,0 ,0 
2026년,06월,CKS,K4,칼리타항공,국제,대양주,하와이,HNL,출발,정기,화물,0 ,0 ,0 ,0 ,0 ,0 ,0 ,0 
2026년,06월,CLX,CV,카고룩스항공,국제,일본,일본,NRT,도착,정기,화물,0 ,0 ,0 ,0 ,0 ,0 ,0 ,0 
2026년,06월,CLX,CV,카고룩스항공,국제,유럽,룩셈부르크,LUX,도착,정기,화물,12 ,0 ,0 ,0 ,443209 ,0 ,0 ,0 
2026년,06월,CLX,CV,카고룩스항공,국제,유럽,룩셈부르크,LUX,출발,정기,화물,12 ,0 ,0 ,0 ,982104 ,0 ,0 ,0 
2026년,06월,CLX,CV,카고룩스항공,국제,유럽,아제르바이잔,GYD,출발,정기,화물,0 ,0 ,0 ,0 ,71654 ,0 ,0 ,0 
2026년,06월,CLX,CV,카고룩스항공,국제,유럽,카자흐스탄,NQZ,출발,정기,화물,0 ,0 ,0 ,0 ,0 ,0 ,0 ,0 
2026년,06월,CPA,CX,캐세이퍼시픽항공,국제,일본,일본,KIX,출발,정기,화물,0 ,0 ,0 ,0 ,0 ,0 ,0 ,0 
2026년,06월,CPA,CX,캐세이퍼시픽항공,국제,동북아,홍콩,HKG,도착,정기,화물,12 ,0 ,0 ,0 ,506444 ,1370 ,0 ,0 
2026년,06월,CPA,CX,캐세이퍼시픽항공,국제,동북아,홍콩,HKG,도착,정기,여객,135 ,31768 ,80 ,176 ,719147 ,0 ,36781 ,408683 
2026년,06월,CPA,CX,캐세이퍼시픽항공,국제,동북아,홍콩,HKG,출발,정기,화물,12 ,0 ,0 ,0 ,364165 ,0 ,0 ,0 
2026년,06월,CPA,CX,캐세이퍼시픽항공,국제,동북아,홍콩,HKG,출발,정기,여객,135 ,31562 ,90 ,472 ,616456 ,0 ,116848 ,562791 
2026년,06월,CQH,9C,춘추항공,국제,중국,중국,PVG,도착,정기,여객,17 ,3022 ,1 ,0 ,12253 ,0 ,320 ,25491 
2026년,06월,CQH,9C,춘추항공,국제,중국,중국,PVG,출발,정기,여객,17 ,3007 ,5 ,6 ,2448 ,0 ,4422 ,33663 
2026년,06월,CQH,9C,춘추항공,국제,중국,중국,SJW,도착,정기,여객,9 ,1570 ,5 ,0 ,0 ,0 ,0 ,13426 
2026년,06월,CQH,9C,춘추항공,국제,중국,중국,SJW,출발,정기,여객,9 ,1574 ,1 ,7 ,0 ,0 ,0 ,19762 
2026년,06월,CQH,9C,춘추항공,국제,중국,중국,YTY,도착,정기,여객,8 ,1420 ,1 ,0 ,0 ,0 ,0 ,12632 
2026년,06월,CQH,9C,춘추항공,국제,중국,중국,YTY,출발,정기,여객,8 ,1375 ,1 ,2 ,0 ,0 ,0 ,18363 
2026년,06월,CRK,HX,홍콩항공,국제,동북아,홍콩,HKG,도착,정기,여객,42 ,6824 ,3 ,17 ,18979 ,806 ,1779 ,72116 
2026년,06월,CRK,HX,홍콩항공,국제,동북아,홍콩,HKG,출발,정기,여객,42 ,7535 ,5 ,17 ,25788 ,0 ,0 ,117142 
2026년,06월,CSC,3U,사천항공,국제,중국,중국,DYG,도착,정기,여객,30 ,5209 ,1 ,0 ,751 ,0 ,0 ,62535 
2026년,06월,CSC,3U,사천항공,국제,중국,중국,DYG,출발,정기,여객,30 ,4851 ,1 ,0 ,0 ,0 ,0 ,46505 
2026년,06월,CSC,3U,사천항공,국제,중국,중국,TFU,도착,정기,여객,13 ,2146 ,3 ,0 ,11021 ,0 ,0 ,25199 
2026년,06월,CSC,3U,사천항공,국제,중국,중국,TFU,출발,정기,여객,13 ,2284 ,7 ,4 ,20174 ,0 ,0 ,32748 
2026년,06월,CSH,FM,상하이 항공,국제,중국,중국,PVG,도착,정기,여객,30 ,4971 ,13 ,22 ,28334 ,0 ,0 ,57672 
2026년,06월,CSH,FM,상하이 항공,국제,중국,중국,PVG,출발,정기,여객,30 ,5014 ,2 ,52 ,0 ,0 ,0 ,90954 
2026년,06월,CSN,CZ,중국남방항공,국제,중국,중국,CAN,도착,정기,여객,90 ,19389 ,75 ,67 ,597666 ,0 ,13814 ,289902 
2026년,06월,CSN,CZ,중국남방항공,국제,중국,중국,CAN,출발,정기,여객,90 ,18447 ,68 ,177 ,118729 ,0 ,5037 ,333697 
2026년,06월,CSN,CZ,중국남방항공,국제,중국,중국,CGO,도착,정기,여객,17 ,2384 ,1 ,0 ,12166 ,0 ,0 ,24356 
2026년,06월,CSN,CZ,중국남방항공,국제,중국,중국,CGO,출발,정기,여객,17 ,2518 ,4 ,46 ,369 ,0 ,0 ,42440 
2026년,06월,CSN,CZ,중국남방항공,국제,중국,중국,CGQ,도착,정기,여객,51 ,5121 ,30 ,15 ,7059 ,0 ,1971 ,66420 
2026년,06월,CSN,CZ,중국남방항공,국제,중국,중국,CGQ,출발,정기,여객,51 ,6348 ,31 ,79 ,1651 ,0 ,4727 ,86584 
2026년,06월,CSN,CZ,중국남방항공,국제,중국,중국,CSX,도착,정기,여객,9 ,1290 ,4 ,4 ,3254 ,0 ,0 ,12840 
2026년,06월,CSN,CZ,중국남방항공,국제,중국,중국,CSX,출발,정기,여객,9 ,1114 ,2 ,1 ,0 ,0 ,0 ,15444 
2026년,06월,CSN,CZ,중국남방항공,국제,중국,중국,DLC,도착,정기,여객,83 ,11172 ,16 ,44 ,88601 ,0 ,127 ,125725 
2026년,06월,CSN,CZ,중국남방항공,국제,중국,중국,DLC,출발,정기,여객,83 ,11954 ,23 ,165 ,27294 ,0 ,5905 ,146043 
2026년,06월,CSN,CZ,중국남방항공,국제,중국,중국,HRB,도착,정기,여객,58 ,5437 ,23 ,20 ,3752 ,0 ,116 ,67603 
2026년,06월,CSN,CZ,중국남방항공,국제,중국,중국,HRB,출발,정기,여객,58 ,5532 ,35 ,117 ,0 ,0 ,5381 ,83902 
2026년,06월,CSN,CZ,중국남방항공,국제,중국,중국,PKX,도착,정기,여객,30 ,7451 ,3 ,0 ,337512 ,0 ,0 ,196545 
2026년,06월,CSN,CZ,중국남방항공,국제,중국,중국,PKX,출발,정기,여객,30 ,7683 ,9 ,96 ,46848 ,0 ,0 ,172180 
2026년,06월,CSN,CZ,중국남방항공,국제,중국,중국,PVG,도착,정기,여객,60 ,15194 ,15 ,15 ,759586 ,0 ,0 ,173314 
2026년,06월,CSN,CZ,중국남방항공,국제,중국,중국,PVG,출발,정기,여객,60 ,14960 ,20 ,153 ,240903 ,0 ,3895 ,200162 
2026년,06월,CSN,CZ,중국남방항공,국제,중국,중국,SHE,도착,정기,여객,70 ,7792 ,37 ,34 ,48190 ,0 ,2065 ,94812 
2026년,06월,CSN,CZ,중국남방항공,국제,중국,중국,SHE,출발,정기,여객,70 ,9419 ,30 ,318 ,6467 ,0 ,0 ,134295 
2026년,06월,CSN,CZ,중국남방항공,국제,중국,중국,SZX,도착,정기,여객,30 ,4461 ,0 ,6 ,59378 ,0 ,0 ,42606 
2026년,06월,CSN,CZ,중국남방항공,국제,중국,중국,SZX,출발,정기,여객,30 ,4537 ,1 ,5 ,12352 ,0 ,0 ,62038 
2026년,06월,CSN,CZ,중국남방항공,국제,중국,중국,WUH,도착,정기,여객,12 ,1840 ,3 ,12 ,650 ,0 ,0 ,18871 
2026년,06월,CSN,CZ,중국남방항공,국제,중국,중국,WUH,출발,정기,여객,12 ,1854 ,1 ,8 ,324 ,0 ,0 ,26276 
2026년,06월,CSN,CZ,중국남방항공,국제,중국,중국,YNJ,도착,정기,여객,30 ,4649 ,21 ,9 ,654 ,0 ,8345 ,67723 
2026년,06월,CSN,CZ,중국남방항공,국제,중국,중국,YNJ,출발,정기,여객,30 ,4611 ,13 ,19 ,0 ,0 ,10096 ,55144 
2026년,06월,CSS,O3,슌펑(순풍) 항공,국제,중국,중국,EHU,도착,정기,화물,21 ,0 ,0 ,0 ,423889 ,0 ,0 ,0 
2026년,06월,CSS,O3,슌펑(순풍) 항공,국제,중국,중국,EHU,출발,정기,화물,21 ,0 ,0 ,0 ,273878 ,0 ,0 ,0 
2026년,06월,CSS,O3,슌펑(순풍) 항공,국제,중국,중국,YNT,도착,정기,화물,22 ,0 ,0 ,0 ,379821 ,0 ,0 ,0 
2026년,06월,CSS,O3,슌펑(순풍) 항공,국제,중국,중국,YNT,출발,정기,화물,22 ,0 ,0 ,0 ,30115 ,0 ,0 ,0 
2026년,06월,CSZ,ZH,심천항공,국제,중국,중국,SZX,도착,정기,여객,52 ,7648 ,7 ,47 ,65247 ,0 ,0 ,74884 
2026년,06월,CSZ,ZH,심천항공,국제,중국,중국,SZX,출발,정기,여객,52 ,7530 ,6 ,47 ,4476 ,0 ,0 ,104354 
2026년,06월,CSZ,ZH,심천항공,국제,중국,중국,WUX,도착,정기,여객,12 ,1859 ,2 ,0 ,8716 ,0 ,0 ,17711 
2026년,06월,CSZ,ZH,심천항공,국제,중국,중국,WUX,출발,정기,여객,12 ,1930 ,5 ,7 ,0 ,0 ,0 ,25988 
2026년,06월,CUA,KN,중국연합항공,국제,중국,중국,DSN,도착,부정기,여객,6 ,966 ,0 ,0 ,0 ,0 ,0 ,10370 
2026년,06월,CUA,KN,중국연합항공,국제,중국,중국,DSN,출발,부정기,여객,6 ,948 ,0 ,0 ,0 ,0 ,0 ,9679 
2026년,06월,CXA,MF,중국하문항공,국제,중국,중국,FOC,도착,정기,여객,30 ,4162 ,10 ,35 ,668 ,0 ,0 ,46805 
2026년,06월,CXA,MF,중국하문항공,국제,중국,중국,FOC,출발,정기,여객,30 ,4490 ,9 ,371 ,41 ,0 ,0 ,77420 
2026년,06월,CXA,MF,중국하문항공,국제,중국,중국,XMN,도착,정기,여객,30 ,4629 ,5 ,84 ,26227 ,0 ,0 ,52854 
2026년,06월,CXA,MF,중국하문항공,국제,중국,중국,XMN,출발,정기,여객,30 ,4802 ,6 ,66 ,20950 ,0 ,0 ,73579 
2026년,06월,CYZ,CF,중국우정항공,국제,중국,중국,CGO,도착,정기,화물,13 ,0 ,0 ,0 ,202713 ,0 ,3889 ,0 
2026년,06월,CYZ,CF,중국우정항공,국제,중국,중국,CGO,출발,정기,화물,13 ,0 ,0 ,0 ,70364 ,0 ,4256 ,0 
2026년,06월,CYZ,CF,중국우정항공,국제,중국,중국,XIY,도착,정기,화물,14 ,0 ,0 ,0 ,153158 ,0 ,83 ,0 
2026년,06월,CYZ,CF,중국우정항공,국제,중국,중국,XIY,출발,정기,화물,14 ,0 ,0 ,0 ,151075 ,0 ,0 ,0 
2026년,06월,DAL,DL,델타항공,국제,미주,미국,ATL,도착,정기,여객,60 ,8392 ,74 ,7615 ,101737 ,0 ,1198 ,417580 
2026년,06월,DAL,DL,델타항공,국제,미주,미국,ATL,출발,정기,여객,60 ,8386 ,47 ,7156 ,698962 ,0 ,0 ,452998 
2026년,06월,DAL,DL,델타항공,국제,미주,미국,ATL,출발,부정기,화물,2 ,0 ,0 ,0 ,19701 ,0 ,0 ,0 
2026년,06월,DAL,DL,델타항공,국제,미주,미국,DTW,도착,정기,여객,30 ,4430 ,36 ,3557 ,53098 ,0 ,0 ,204260 
2026년,06월,DAL,DL,델타항공,국제,미주,미국,DTW,출발,정기,여객,30 ,4271 ,33 ,3835 ,408478 ,0 ,0 ,227180 
2026년,06월,DAL,DL,델타항공,국제,미주,미국,MSP,도착,정기,여객,29 ,3813 ,39 ,4067 ,96878 ,0 ,0 ,193220 
2026년,06월,DAL,DL,델타항공,국제,미주,미국,MSP,출발,정기,여객,29 ,3514 ,29 ,3965 ,373317 ,0 ,0 ,205500 
2026년,06월,DAL,DL,델타항공,국제,미주,미국,SEA,도착,정기,여객,29 ,4860 ,30 ,3511 ,327491 ,0 ,339 ,192160 
2026년,06월,DAL,DL,델타항공,국제,미주,미국,SEA,출발,정기,여객,29 ,4113 ,24 ,3792 ,323450 ,0 ,0 ,213180 
2026년,06월,DAL,DL,델타항공,국제,미주,미국,SEA,출발,부정기,화물,0 ,0 ,0 ,0 ,0 ,0 ,0 ,0 
2026년,06월,DAL,DL,델타항공,국제,미주,미국,SLC,도착,정기,여객,30 ,4360 ,32 ,3856 ,42425 ,0 ,0 ,187340 
2026년,06월,DAL,DL,델타항공,국제,미주,미국,SLC,출발,정기,여객,30 ,3940 ,43 ,3902 ,402061 ,0 ,0 ,206400 
2026년,06월,DLH,LH,루프트한자항공,국제,유럽,독일,FRA,도착,정기,여객,30 ,7861 ,25 ,108 ,269416 ,0 ,14209 ,125788 
2026년,06월,DLH,LH,루프트한자항공,국제,유럽,독일,FRA,출발,정기,여객,30 ,8246 ,39 ,102 ,207859 ,0 ,3710 ,156062 
2026년,06월,DLH,LH,루프트한자항공,국제,유럽,독일,MUC,도착,정기,여객,26 ,6809 ,31 ,93 ,245869 ,0 ,92 ,110089 
2026년,06월,DLH,LH,루프트한자항공,국제,유럽,독일,MUC,출발,정기,여객,26 ,7258 ,26 ,33 ,246518 ,0 ,0 ,129969 
2026년,06월,EOK,RF,에어로케이,국제,일본,일본,IBR,도착,정기,여객,9 ,780 ,5 ,0 ,0 ,0 ,0 ,7936 
2026년,06월,EOK,RF,에어로케이,국제,일본,일본,IBR,출발,정기,여객,9 ,713 ,6 ,0 ,0 ,0 ,0 ,8605 
2026년,06월,EOK,RF,에어로케이,국제,일본,일본,KIX,도착,정기,여객,60 ,6875 ,6 ,3 ,0 ,0 ,0 ,48036 
2026년,06월,EOK,RF,에어로케이,국제,일본,일본,KIX,출발,정기,여객,60 ,7897 ,5 ,6 ,0 ,0 ,0 ,44852 
2026년,06월,EOK,RF,에어로케이,국제,동북아,대만,HUN,도착,부정기,여객,8 ,832 ,10 ,0 ,0 ,0 ,0 ,7436 
2026년,06월,EOK,RF,에어로케이,국제,동북아,대만,HUN,출발,부정기,여객,8 ,770 ,11 ,0 ,0 ,0 ,0 ,9711 
2026년,06월,ESR,ZE,이스타 항공,국내,한국,한국,CJU,도착,부정기,여객,2 ,358 ,3 ,0 ,0 ,0 ,0 ,1490 
2026년,06월,ESR,ZE,이스타 항공,국제,일본,일본,CTS,도착,정기,여객,30 ,5505 ,32 ,0 ,0 ,0 ,0 ,59609 
2026년,06월,ESR,ZE,이스타 항공,국제,일본,일본,CTS,출발,정기,여객,30 ,5594 ,36 ,0 ,0 ,0 ,0 ,46268 
2026년,06월,ESR,ZE,이스타 항공,국제,일본,일본,FUK,도착,정기,여객,90 ,16040 ,87 ,2 ,0 ,0 ,0 ,124411 
2026년,06월,ESR,ZE,이스타 항공,국제,일본,일본,FUK,도착,부정기,여객,15 ,2717 ,14 ,0 ,0 ,0 ,0 ,23887 
2026년,06월,ESR,ZE,이스타 항공,국제,일본,일본,FUK,출발,정기,여객,90 ,15585 ,76 ,16 ,0 ,0 ,0 ,81175 
2026년,06월,ESR,ZE,이스타 항공,국제,일본,일본,FUK,출발,부정기,여객,15 ,2536 ,9 ,5 ,0 ,0 ,0 ,8419 
2026년,06월,ESR,ZE,이스타 항공,국제,일본,일본,KIX,도착,정기,여객,59 ,10321 ,14 ,0 ,0 ,0 ,0 ,71272 
2026년,06월,ESR,ZE,이스타 항공,국제,일본,일본,KIX,도착,부정기,여객,1 ,181 ,0 ,0 ,0 ,0 ,0 ,897 
2026년,06월,ESR,ZE,이스타 항공,국제,일본,일본,KIX,출발,정기,여객,60 ,10078 ,18 ,28 ,26203 ,0 ,0 ,62568 
2026년,06월,ESR,ZE,이스타 항공,국제,일본,일본,NRT,도착,정기,여객,118 ,21420 ,34 ,2 ,16293 ,4258 ,0 ,170938 
2026년,06월,ESR,ZE,이스타 항공,국제,일본,일본,NRT,출발,정기,여객,118 ,20971 ,24 ,27 ,42751 ,126536 ,49 ,155625 
2026년,06월,ESR,ZE,이스타 항공,국제,일본,일본,OKA,도착,정기,여객,29 ,4751 ,104 ,0 ,0 ,0 ,0 ,46450 
2026년,06월,ESR,ZE,이스타 항공,국제,일본,일본,OKA,도착,부정기,여객,1 ,127 ,4 ,0 ,0 ,0 ,0 ,1144 
2026년,06월,ESR,ZE,이스타 항공,국제,일본,일본,OKA,출발,정기,여객,29 ,4896 ,101 ,5 ,0 ,0 ,0 ,35720 
2026년,06월,ESR,ZE,이스타 항공,국제,일본,일본,OKA,출발,부정기,여객,1 ,17 ,1 ,0 ,0 ,0 ,0 ,141 
2026년,06월,ESR,ZE,이스타 항공,국제,일본,일본,TKS,도착,정기,여객,13 ,1975 ,8 ,0 ,0 ,0 ,0 ,18101 
2026년,06월,ESR,ZE,이스타 항공,국제,일본,일본,TKS,출발,정기,여객,13 ,1938 ,7 ,0 ,0 ,0 ,0 ,13505 
2026년,06월,ESR,ZE,이스타 항공,국제,중국,중국,CGO,도착,정기,여객,17 ,2734 ,1 ,1 ,26742 ,0 ,0 ,23959 
2026년,06월,ESR,ZE,이스타 항공,국제,중국,중국,CGO,출발,정기,여객,17 ,2820 ,0 ,3 ,592 ,367 ,0 ,27992 
2026년,06월,ESR,ZE,이스타 항공,국제,중국,중국,PVG,도착,정기,여객,30 ,5235 ,1 ,2 ,22782 ,0 ,366 ,44809 
2026년,06월,ESR,ZE,이스타 항공,국제,중국,중국,PVG,출발,정기,여객,30 ,5497 ,1 ,33 ,17565 ,0 ,0 ,53242 
2026년,06월,ESR,ZE,이스타 항공,국제,중국,중국,YNT,도착,정기,여객,30 ,4325 ,4 ,31 ,50795 ,0 ,0 ,43040 
2026년,06월,ESR,ZE,이스타 항공,국제,중국,중국,YNT,출발,정기,여객,30 ,4651 ,6 ,11 ,10730 ,1058 ,0 ,47337 
2026년,06월,ESR,ZE,이스타 항공,국제,동북아,대만,TPE,도착,정기,여객,19 ,3439 ,5 ,1 ,3645 ,14271 ,0 ,32064 
2026년,06월,ESR,ZE,이스타 항공,국제,동북아,대만,TPE,출발,정기,여객,17 ,2812 ,5 ,1 ,15824 ,0 ,0 ,21266 
2026년,06월,ESR,ZE,이스타 항공,국제,동북아,홍콩,HKG,도착,정기,여객,30 ,5081 ,1 ,0 ,17852 ,0 ,0 ,41972 
2026년,06월,ESR,ZE,이스타 항공,국제,동북아,홍콩,HKG,출발,정기,여객,30 ,4867 ,2 ,1 ,25333 ,0 ,30 ,62296 
2026년,06월,ESR,ZE,이스타 항공,국제,동남아,베트남,CXR,도착,정기,여객,10 ,1798 ,12 ,0 ,0 ,0 ,0 ,21202 
2026년,06월,ESR,ZE,이스타 항공,국제,동남아,베트남,CXR,출발,정기,여객,9 ,1488 ,6 ,2 ,0 ,0 ,0 ,10917 
2026년,06월,ESR,ZE,이스타 항공,국제,동남아,베트남,DAD,도착,정기,여객,14 ,2507 ,10 ,0 ,13894 ,0 ,0 ,26642 
2026년,06월,ESR,ZE,이스타 항공,국제,동남아,베트남,DAD,출발,정기,여객,13 ,2158 ,6 ,6 ,1117 ,0 ,0 ,16386 
2026년,06월,ESR,ZE,이스타 항공,국제,동남아,베트남,PQC,도착,정기,여객,13 ,1845 ,14 ,0 ,0 ,0 ,0 ,20622 
2026년,06월,ESR,ZE,이스타 항공,국제,동남아,베트남,PQC,출발,정기,여객,13 ,1305 ,15 ,0 ,0 ,0 ,0 ,11884 
2026년,06월,ESR,ZE,이스타 항공,국제,동남아,인도네시아,MDC,도착,부정기,여객,17 ,2951 ,0 ,0 ,0 ,0 ,0 ,35704 
2026년,06월,ESR,ZE,이스타 항공,국제,동남아,인도네시아,MDC,출발,부정기,여객,16 ,2829 ,0 ,0 ,0 ,0 ,0 ,32131 
2026년,06월,ESR,ZE,이스타 항공,국제,동남아,태국,CNX,도착,정기,여객,1 ,163 ,0 ,0 ,0 ,0 ,0 ,1785 
2026년,06월,ESR,ZE,이스타 항공,국제,유럽,카자흐스탄,ALA,도착,정기,여객,8 ,1175 ,2 ,12 ,0 ,0 ,0 ,11996 
2026년,06월,ESR,ZE,이스타 항공,국제,유럽,카자흐스탄,ALA,출발,정기,여객,9 ,1479 ,4 ,14 ,8750 ,0 ,0 ,18296 
2026년,06월,ETD,EY,에티하드 항공,국제,중동,아랍에미리트,AUH,도착,정기,여객,30 ,10044 ,37 ,214 ,253968 ,0 ,0 ,164310 
2026년,06월,ETD,EY,에티하드 항공,국제,중동,아랍에미리트,AUH,출발,정기,여객,30 ,10164 ,48 ,133 ,589180 ,0 ,0 ,207762 
2026년,06월,ETH,ET,에티오피아 항공,국제,일본,일본,NRT,도착,정기,여객,25 ,1845 ,4 ,10 ,35265 ,0 ,0 ,20443 
2026년,06월,ETH,ET,에티오피아 항공,국제,일본,일본,NRT,출발,정기,여객,25 ,1798 ,4 ,15 ,36361 ,0 ,0 ,17219 
2026년,06월,ETH,ET,에티오피아 항공,국제,동북아,홍콩,HKG,출발,정기,화물,0 ,0 ,0 ,0 ,228830 ,0 ,0 ,0 
2026년,06월,ETH,ET,에티오피아 항공,국제,동북아,홍콩,HKG,출발,부정기,화물,0 ,0 ,0 ,0 ,23942 ,0 ,0 ,0 
2026년,06월,ETH,ET,에티오피아 항공,국제,유럽,노르웨이,OSL,도착,정기,화물,0 ,0 ,0 ,0 ,947615 ,0 ,0 ,0 
2026년,06월,ETH,ET,에티오피아 항공,국제,유럽,노르웨이,OSL,도착,부정기,화물,0 ,0 ,0 ,0 ,91395 ,0 ,0 ,0 
2026년,06월,ETH,ET,에티오피아 항공,국제,기타,에티오피아,ADD,도착,정기,화물,12 ,0 ,0 ,0 ,0 ,0 ,0 ,0 
2026년,06월,ETH,ET,에티오피아 항공,국제,기타,에티오피아,ADD,도착,정기,여객,25 ,2953 ,14 ,175 ,8283 ,0 ,3600 ,76561 
2026년,06월,ETH,ET,에티오피아 항공,국제,기타,에티오피아,ADD,도착,부정기,화물,1 ,0 ,0 ,0 ,0 ,0 ,0 ,0 
2026년,06월,ETH,ET,에티오피아 항공,국제,기타,에티오피아,ADD,출발,정기,화물,12 ,0 ,0 ,0 ,33736 ,0 ,0 ,0 
2026년,06월,ETH,ET,에티오피아 항공,국제,기타,에티오피아,ADD,출발,정기,여객,26 ,2724 ,13 ,196 ,117098 ,0 ,359 ,109262 
2026년,06월,ETH,ET,에티오피아 항공,국제,기타,에티오피아,ADD,출발,부정기,화물,1 ,0 ,0 ,0 ,0 ,0 ,0 ,0 
2026년,06월,EVA,BR,에바항공,국제,동북아,대만,KHH,도착,정기,여객,30 ,4086 ,26 ,75 ,5539 ,0 ,0 ,47525 
2026년,06월,EVA,BR,에바항공,국제,동북아,대만,KHH,출발,정기,여객,30 ,4477 ,29 ,94 ,908 ,0 ,0 ,82749 
2026년,06월,EVA,BR,에바항공,국제,동북아,대만,TPE,도착,정기,여객,60 ,15571 ,59 ,334 ,689084 ,0 ,6118 ,185569 
2026년,06월,EVA,BR,에바항공,국제,동북아,대만,TPE,출발,정기,여객,60 ,15818 ,67 ,342 ,473112 ,0 ,0 ,288292 
2026년,06월,FDX,FX,FedEX항공,국제,일본,일본,KIX,도착,정기,화물,0 ,0 ,0 ,0 ,0 ,0 ,0 ,0 
2026년,06월,FDX,FX,FedEX항공,국제,일본,일본,KIX,출발,정기,화물,0 ,0 ,0 ,0 ,571053 ,133942 ,0 ,0 
2026년,06월,FDX,FX,FedEX항공,국제,일본,일본,NRT,도착,정기,화물,0 ,0 ,0 ,0 ,234832 ,525360 ,0 ,0 
2026년,06월,FDX,FX,FedEX항공,국제,일본,일본,NRT,도착,부정기,화물,0 ,0 ,0 ,0 ,5415 ,0 ,0 ,0 
2026년,06월,FDX,FX,FedEX항공,국제,중국,중국,CAN,도착,정기,화물,1 ,0 ,0 ,0 ,888476 ,447351 ,0 ,0 
2026년,06월,FDX,FX,FedEX항공,국제,중국,중국,CAN,출발,정기,화물,0 ,0 ,0 ,0 ,1032627 ,223019 ,0 ,0 
2026년,06월,FDX,FX,FedEX항공,국제,중국,중국,CAN,출발,부정기,화물,1 ,0 ,0 ,0 ,19030 ,12024 ,0 ,0 
2026년,06월,FDX,FX,FedEX항공,국제,중국,중국,PEK,도착,정기,화물,0 ,0 ,0 ,0 ,177245 ,244159 ,0 ,0 
2026년,06월,FDX,FX,FedEX항공,국제,중국,중국,PEK,출발,정기,화물,0 ,0 ,0 ,0 ,3319 ,86107 ,0 ,0 
2026년,06월,FDX,FX,FedEX항공,국제,중국,중국,PVG,출발,정기,화물,0 ,0 ,0 ,0 ,125170 ,2 ,0 ,0 
2026년,06월,FDX,FX,FedEX항공,국제,중국,중국,SZX,출발,정기,화물,0 ,0 ,0 ,0 ,58747 ,83234 ,0 ,0 
2026년,06월,FDX,FX,FedEX항공,국제,중국,중국,XMN,도착,정기,화물,0 ,0 ,0 ,0 ,85207 ,9608 ,0 ,0 
2026년,06월,FDX,FX,FedEX항공,국제,동북아,대만,TPE,도착,정기,화물,0 ,0 ,0 ,0 ,124634 ,271382 ,0 ,0 
2026년,06월,FDX,FX,FedEX항공,국제,동북아,대만,TPE,출발,정기,화물,0 ,0 ,0 ,0 ,707628 ,28539 ,0 ,0 
2026년,06월,FDX,FX,FedEX항공,국제,동북아,홍콩,HKG,출발,정기,화물,0 ,0 ,0 ,0 ,129093 ,167499 ,0 ,0 
2026년,06월,FDX,FX,FedEX항공,국제,동남아,베트남,HAN,출발,정기,화물,0 ,0 ,0 ,0 ,9232 ,4576 ,0 ,0 
2026년,06월,FDX,FX,FedEX항공,국제,동남아,필리핀,CRK,도착,정기,화물,0 ,0 ,0 ,0 ,0 ,0 ,0 ,0 
2026년,06월,FDX,FX,FedEX항공,국제,미주,미국,ANC,도착,정기,화물,104 ,0 ,0 ,0 ,449205 ,81217 ,0 ,0 
2026년,06월,FDX,FX,FedEX항공,국제,미주,미국,ANC,도착,부정기,화물,1 ,0 ,0 ,0 ,0 ,0 ,0 ,0 
2026년,06월,FDX,FX,FedEX항공,국제,미주,미국,ANC,출발,정기,화물,76 ,0 ,0 ,0 ,702581 ,161799 ,0 ,0 
2026년,06월,FDX,FX,FedEX항공,국제,미주,미국,IND,도착,정기,화물,22 ,0 ,0 ,0 ,0 ,0 ,0 ,0 
2026년,06월,FDX,FX,FedEX항공,국제,미주,미국,IND,출발,정기,화물,38 ,0 ,0 ,0 ,0 ,0 ,0 ,0 
2026년,06월,FDX,FX,FedEX항공,국제,미주,미국,MEM,도착,정기,화물,56 ,0 ,0 ,0 ,176152 ,7104 ,0 ,0 
2026년,06월,FDX,FX,FedEX항공,국제,미주,미국,MEM,출발,정기,화물,55 ,0 ,0 ,0 ,32450 ,0 ,0 ,0 
2026년,06월,FDX,FX,FedEX항공,국제,미주,미국,OAK,도착,정기,화물,4 ,0 ,0 ,0 ,0 ,0 ,0 ,0 
2026년,06월,FDX,FX,FedEX항공,국제,미주,미국,OAK,출발,정기,화물,17 ,0 ,0 ,0 ,0 ,0 ,0 ,0 
2026년,06월,FIN,AY,핀에어,국제,유럽,핀란드,HEL,도착,정기,여객,30 ,8522 ,26 ,141 ,651056 ,0 ,952 ,132576 
2026년,06월,FIN,AY,핀에어,국제,유럽,핀란드,HEL,출발,정기,여객,30 ,7884 ,23 ,387 ,445168 ,0 ,0 ,146650 
2026년,06월,GCR,GS,톈진(천진) 에어라인,국제,중국,중국,TSN,도착,정기,여객,29 ,2994 ,6 ,0 ,0 ,0 ,0 ,30380 
2026년,06월,GCR,GS,톈진(천진) 에어라인,국제,중국,중국,TSN,출발,정기,여객,29 ,3110 ,3 ,17 ,0 ,0 ,0 ,42666 
2026년,06월,GEC,LH,루프트한자항공,국제,일본,일본,NRT,도착,정기,화물,0 ,0 ,0 ,0 ,50636 ,0 ,331 ,0 
2026년,06월,GEC,LH,루프트한자항공,국제,일본,일본,NRT,도착,부정기,화물,0 ,0 ,0 ,0 ,0 ,0 ,0 ,0 
2026년,06월,GEC,LH,루프트한자항공,국제,유럽,독일,FRA,도착,정기,화물,27 ,0 ,0 ,0 ,306210 ,0 ,11025 ,0 
2026년,06월,GEC,LH,루프트한자항공,국제,유럽,독일,FRA,도착,부정기,화물,1 ,0 ,0 ,0 ,17291 ,0 ,351 ,0 
2026년,06월,GEC,LH,루프트한자항공,국제,유럽,독일,FRA,출발,정기,화물,27 ,0 ,0 ,0 ,847308 ,5211 ,8764 ,0 
2026년,06월,GEC,LH,루프트한자항공,국제,유럽,독일,FRA,출발,부정기,화물,1 ,0 ,0 ,0 ,32477 ,0 ,516 ,0 
2026년,06월,GIA,GA,가루다 인도네시아항공,국제,동남아,인도네시아,CGK,도착,정기,여객,21 ,4142 ,19 ,132 ,212860 ,0 ,920 ,73699 
2026년,06월,GIA,GA,가루다 인도네시아항공,국제,동남아,인도네시아,CGK,출발,정기,여객,21 ,3649 ,21 ,81 ,259509 ,0 ,0 ,82137 
2026년,06월,GTI,5Y,아틀라스항공,국제,일본,일본,NRT,출발,정기,화물,0 ,0 ,0 ,0 ,0 ,0 ,0 ,0 
2026년,06월,GTI,5Y,아틀라스항공,국제,일본,일본,NRT,출발,부정기,화물,0 ,0 ,0 ,0 ,0 ,0 ,0 ,0 
2026년,06월,GTI,5Y,아틀라스항공,국제,중국,중국,CKG,출발,정기,화물,0 ,0 ,0 ,0 ,32421 ,0 ,0 ,0 
2026년,06월,GTI,5Y,아틀라스항공,국제,중국,중국,EHU,도착,정기,화물,0 ,0 ,0 ,0 ,0 ,0 ,0 ,0 
2026년,06월,GTI,5Y,아틀라스항공,국제,중국,중국,EHU,도착,부정기,화물,0 ,0 ,0 ,0 ,0 ,0 ,0 ,0 
2026년,06월,GTI,5Y,아틀라스항공,국제,중국,중국,EHU,출발,정기,화물,0 ,0 ,0 ,0 ,0 ,0 ,0 ,0 
2026년,06월,GTI,5Y,아틀라스항공,국제,중국,중국,EHU,출발,부정기,화물,0 ,0 ,0 ,0 ,0 ,0 ,0 ,0 
2026년,06월,GTI,5Y,아틀라스항공,국제,중국,중국,PVG,출발,정기,화물,0 ,0 ,0 ,0 ,12452 ,0 ,0 ,0 
2026년,06월,GTI,5Y,아틀라스항공,국제,중국,중국,PVG,출발,부정기,화물,0 ,0 ,0 ,0 ,0 ,0 ,0 ,0 
2026년,06월,GTI,5Y,아틀라스항공,국제,중국,중국,SZX,출발,정기,화물,0 ,0 ,0 ,0 ,0 ,0 ,0 ,0 
2026년,06월,GTI,5Y,아틀라스항공,국제,중국,중국,SZX,출발,부정기,화물,0 ,0 ,0 ,0 ,0 ,0 ,0 ,0 
2026년,06월,GTI,5Y,아틀라스항공,국제,중국,중국,XMN,출발,정기,화물,0 ,0 ,0 ,0 ,0 ,0 ,0 ,0 
2026년,06월,GTI,5Y,아틀라스항공,국제,중국,중국,XMN,출발,부정기,화물,0 ,0 ,0 ,0 ,0 ,0 ,0 ,0 
2026년,06월,GTI,5Y,아틀라스항공,국제,동북아,대만,TPE,출발,정기,화물,0 ,0 ,0 ,0 ,478585 ,0 ,0 ,0 
2026년,06월,GTI,5Y,아틀라스항공,국제,동북아,대만,TPE,출발,부정기,화물,0 ,0 ,0 ,0 ,181025 ,0 ,0 ,0 
2026년,06월,GTI,5Y,아틀라스항공,국제,동북아,홍콩,HKG,도착,정기,화물,0 ,0 ,0 ,0 ,38165 ,2456 ,0 ,0 
2026년,06월,GTI,5Y,아틀라스항공,국제,동북아,홍콩,HKG,출발,정기,화물,0 ,0 ,0 ,0 ,0 ,0 ,0 ,0 
2026년,06월,GTI,5Y,아틀라스항공,국제,동남아,베트남,HAN,출발,정기,화물,0 ,0 ,0 ,0 ,444069 ,0 ,0 ,0 
2026년,06월,GTI,5Y,아틀라스항공,국제,동남아,베트남,HAN,출발,부정기,화물,0 ,0 ,0 ,0 ,91030 ,0 ,0 ,0 
2026년,06월,GTI,5Y,아틀라스항공,국제,동남아,싱가포르,SIN,출발,정기,화물,0 ,0 ,0 ,0 ,0 ,0 ,0 ,0 
2026년,06월,GTI,5Y,아틀라스항공,국제,동남아,싱가포르,SIN,출발,부정기,화물,0 ,0 ,0 ,0 ,225494 ,0 ,0 ,0 
2026년,06월,GTI,5Y,아틀라스항공,국제,미주,미국,ANC,도착,정기,화물,0 ,0 ,0 ,0 ,0 ,0 ,0 ,0 
2026년,06월,GTI,5Y,아틀라스항공,국제,미주,미국,ANC,도착,부정기,화물,0 ,0 ,0 ,0 ,0 ,0 ,0 ,0 
2026년,06월,GTI,5Y,아틀라스항공,국제,미주,미국,ANC,출발,정기,화물,0 ,0 ,0 ,0 ,0 ,0 ,0 ,0 
2026년,06월,GTI,5Y,아틀라스항공,국제,미주,미국,ANC,출발,부정기,화물,1 ,0 ,0 ,0 ,0 ,101769 ,0 ,0 
2026년,06월,GTI,5Y,아틀라스항공,국제,미주,미국,ATL,도착,정기,화물,6 ,0 ,0 ,0 ,0 ,0 ,0 ,0 
2026년,06월,GTI,5Y,아틀라스항공,국제,미주,미국,ATL,출발,정기,화물,4 ,0 ,0 ,0 ,0 ,0 ,0 ,0 
2026년,06월,GTI,5Y,아틀라스항공,국제,미주,미국,ATL,출발,부정기,화물,1 ,0 ,0 ,0 ,0 ,0 ,0 ,0 
2026년,06월,GTI,5Y,아틀라스항공,국제,미주,미국,CVG,출발,정기,화물,7 ,0 ,0 ,0 ,0 ,0 ,0 ,0 
2026년,06월,GTI,5Y,아틀라스항공,국제,미주,미국,CVG,출발,부정기,화물,7 ,0 ,0 ,0 ,0 ,0 ,0 ,0 
2026년,06월,GTI,5Y,아틀라스항공,국제,미주,미국,DFW,도착,정기,화물,3 ,0 ,0 ,0 ,19932 ,0 ,0 ,0 
2026년,06월,GTI,5Y,아틀라스항공,국제,미주,미국,DFW,도착,부정기,화물,8 ,0 ,0 ,0 ,148171 ,0 ,0 ,0 
2026년,06월,GTI,5Y,아틀라스항공,국제,미주,미국,DFW,출발,정기,화물,4 ,0 ,0 ,0 ,0 ,0 ,0 ,0 
2026년,06월,GTI,5Y,아틀라스항공,국제,미주,미국,JFK,도착,정기,화물,4 ,0 ,0 ,0 ,0 ,0 ,0 ,0 
2026년,06월,GTI,5Y,아틀라스항공,국제,미주,미국,JFK,출발,정기,화물,5 ,0 ,0 ,0 ,0 ,0 ,0 ,0 
2026년,06월,GTI,5Y,아틀라스항공,국제,미주,미국,LAX,도착,정기,화물,31 ,0 ,0 ,0 ,17015 ,0 ,0 ,0 
2026년,06월,GTI,5Y,아틀라스항공,국제,미주,미국,LAX,도착,부정기,화물,8 ,0 ,0 ,0 ,149597 ,0 ,0 ,0 
2026년,06월,GTI,5Y,아틀라스항공,국제,미주,미국,LAX,출발,정기,화물,24 ,0 ,0 ,0 ,0 ,0 ,0 ,0 
2026년,06월,GTI,5Y,아틀라스항공,국제,미주,미국,LAX,출발,부정기,화물,16 ,0 ,0 ,0 ,0 ,0 ,0 ,0 
2026년,06월,GTI,5Y,아틀라스항공,국제,미주,미국,MIA,도착,정기,화물,37 ,0 ,0 ,0 ,1366 ,0 ,0 ,0 
2026년,06월,GTI,5Y,아틀라스항공,국제,미주,미국,MIA,도착,부정기,화물,1 ,0 ,0 ,0 ,0 ,0 ,0 ,0 
2026년,06월,GTI,5Y,아틀라스항공,국제,미주,미국,MIA,출발,정기,화물,62 ,0 ,0 ,0 ,420380 ,58576 ,0 ,0 
2026년,06월,GTI,5Y,아틀라스항공,국제,미주,미국,MIA,출발,부정기,화물,7 ,0 ,0 ,0 ,0 ,0 ,0 ,0 
2026년,06월,GTI,5Y,아틀라스항공,국제,미주,미국,ORD,도착,정기,화물,55 ,0 ,0 ,0 ,531254 ,0 ,0 ,0 
2026년,06월,GTI,5Y,아틀라스항공,국제,미주,미국,ORD,도착,부정기,화물,51 ,0 ,0 ,0 ,264137 ,0 ,0 ,0 
2026년,06월,GTI,5Y,아틀라스항공,국제,미주,미국,ORD,출발,정기,화물,47 ,0 ,0 ,0 ,587226 ,21390 ,0 ,0 
2026년,06월,GTI,5Y,아틀라스항공,국제,미주,미국,ORD,출발,부정기,화물,49 ,0 ,0 ,0 ,0 ,0 ,0 ,0 
2026년,06월,GTI,5Y,아틀라스항공,국제,미주,캐나다,YYZ,도착,정기,화물,0 ,0 ,0 ,0 ,0 ,0 ,0 ,0 
2026년,06월,GTI,5Y,아틀라스항공,국제,대양주,괌,GUM,도착,정기,화물,0 ,0 ,0 ,0 ,0 ,0 ,0 ,0 
2026년,06월,GTI,5Y,아틀라스항공,국제,대양주,하와이,HNL,도착,정기,화물,0 ,0 ,0 ,0 ,0 ,0 ,0 ,0 
2026년,06월,GTI,5Y,아틀라스항공,국제,유럽,네덜란드,AMS,도착,정기,화물,0 ,0 ,0 ,0 ,1103639 ,0 ,0 ,0 
2026년,06월,GTI,5Y,아틀라스항공,국제,유럽,네덜란드,AMS,도착,부정기,화물,0 ,0 ,0 ,0 ,0 ,0 ,0 ,0 
2026년,06월,GTI,5Y,아틀라스항공,국제,유럽,네덜란드,AMS,출발,정기,화물,0 ,0 ,0 ,0 ,0 ,0 ,0 ,0 
2026년,06월,GTI,5Y,아틀라스항공,국제,유럽,네덜란드,AMS,출발,부정기,화물,0 ,0 ,0 ,0 ,0 ,0 ,0 ,0 
2026년,06월,GTI,5Y,아틀라스항공,국제,유럽,네덜란드,MST,도착,정기,화물,0 ,0 ,0 ,0 ,0 ,0 ,0 ,0 
2026년,06월,GTI,5Y,아틀라스항공,국제,유럽,룩셈부르크,LUX,도착,정기,화물,0 ,0 ,0 ,0 ,25802 ,0 ,0 ,0 
2026년,06월,GTI,5Y,아틀라스항공,국제,유럽,벨기에,LGG,도착,정기,화물,0 ,0 ,0 ,0 ,0 ,0 ,0 ,0 
2026년,06월,GTI,5Y,아틀라스항공,국제,유럽,스페인,MAD,도착,정기,화물,0 ,0 ,0 ,0 ,0 ,0 ,0 ,0 
2026년,06월,GTI,5Y,아틀라스항공,국제,유럽,스페인,ZAZ,도착,정기,화물,0 ,0 ,0 ,0 ,0 ,0 ,0 ,0 
2026년,06월,GTI,5Y,아틀라스항공,국제,유럽,카자흐스탄,ALA,도착,정기,화물,0 ,0 ,0 ,0 ,0 ,0 ,0 ,0 
2026년,06월,GTI,5Y,아틀라스항공,국제,유럽,카자흐스탄,ALA,출발,정기,화물,0 ,0 ,0 ,0 ,0 ,0 ,0 ,0 
2026년,06월,GTI,5Y,아틀라스항공,국제,중동,아랍에미리트,AUH,출발,부정기,화물,0 ,0 ,0 ,0 ,22098 ,0 ,0 ,0 
2026년,06월,GTI,5Y,아틀라스항공,국제,기타,인도,AMD,출발,부정기,화물,0 ,0 ,0 ,0 ,42912 ,0 ,0 ,0 
2026년,06월,HKE,UO,홍콩익스프레스,국제,동북아,홍콩,HKG,도착,정기,여객,125 ,22305 ,23 ,0 ,47079 ,0 ,0 ,168309 
2026년,06월,HKE,UO,홍콩익스프레스,국제,동북아,홍콩,HKG,출발,정기,여객,125 ,24404 ,21 ,18 ,18775 ,0 ,0 ,284459 
2026년,06월,HLF,I9,중국센트럴항공,국제,중국,중국,SZX,출발,정기,화물,17 ,0 ,0 ,0 ,299365 ,0 ,0 ,0 
2026년,06월,HLF,I9,중국센트럴항공,국제,중국,중국,YNT,도착,정기,화물,3 ,0 ,0 ,0 ,47335 ,0 ,0 ,0 
2026년,06월,HLF,I9,중국센트럴항공,국제,중국,중국,YNT,출발,정기,화물,3 ,0 ,0 ,0 ,119 ,0 ,0 ,0 
2026년,06월,HLF,I9,중국센트럴항공,국제,유럽,독일,LEJ,도착,정기,화물,18 ,0 ,0 ,0 ,753740 ,0 ,0 ,0 
2026년,06월,HVN,VN,베트남항공,국제,동남아,베트남,CXR,도착,정기,여객,30 ,5409 ,54 ,9 ,60183 ,0 ,0 ,80581 
2026년,06월,HVN,VN,베트남항공,국제,동남아,베트남,CXR,출발,정기,여객,30 ,5851 ,55 ,10 ,0 ,0 ,0 ,63701 
2026년,06월,HVN,VN,베트남항공,국제,동남아,베트남,DAD,도착,정기,여객,30 ,5344 ,43 ,54 ,37596 ,0 ,0 ,79389 
2026년,06월,HVN,VN,베트남항공,국제,동남아,베트남,DAD,출발,정기,여객,30 ,5797 ,65 ,33 ,405 ,0 ,0 ,71168 
2026년,06월,HVN,VN,베트남항공,국제,동남아,베트남,HAN,도착,정기,여객,53 ,13376 ,93 ,269 ,555744 ,0 ,2452 ,298876 
2026년,06월,HVN,VN,베트남항공,국제,동남아,베트남,HAN,출발,정기,여객,53 ,14875 ,159 ,198 ,475021 ,0 ,0 ,357760 
2026년,06월,HVN,VN,베트남항공,국제,동남아,베트남,SGN,도착,정기,여객,56 ,11643 ,80 ,274 ,318198 ,0 ,509 ,283911 
2026년,06월,HVN,VN,베트남항공,국제,동남아,베트남,SGN,출발,정기,여객,56 ,12911 ,98 ,322 ,338793 ,0 ,0 ,258302 
2026년,06월,HYT,YG,원통화물항공,국제,중국,중국,WNZ,도착,정기,화물,22 ,0 ,0 ,0 ,571470 ,0 ,0 ,0 
2026년,06월,HYT,YG,원통화물항공,국제,중국,중국,WNZ,출발,정기,화물,22 ,0 ,0 ,0 ,405246 ,0 ,0 ,0 
2026년,06월,ICV,C8,카고룩스 이탈리아,국제,중국,중국,CGO,출발,정기,화물,0 ,0 ,0 ,0 ,0 ,0 ,0 ,0 
2026년,06월,ICV,C8,카고룩스 이탈리아,국제,동북아,대만,TPE,출발,정기,화물,0 ,0 ,0 ,0 ,399862 ,0 ,0 ,0 
2026년,06월,ICV,C8,카고룩스 이탈리아,국제,미주,미국,ANC,출발,정기,화물,0 ,0 ,0 ,0 ,0 ,0 ,0 ,0 
2026년,06월,ICV,C8,카고룩스 이탈리아,국제,미주,미국,DFW,출발,정기,화물,0 ,0 ,0 ,0 ,72154 ,0 ,0 ,0 
2026년,06월,ICV,C8,카고룩스 이탈리아,국제,미주,미국,IAH,출발,정기,화물,0 ,0 ,0 ,0 ,50826 ,0 ,0 ,0 
2026년,06월,ICV,C8,카고룩스 이탈리아,국제,유럽,이탈리아,MXP,도착,정기,화물,17 ,0 ,0 ,0 ,899290 ,0 ,0 ,0 
2026년,06월,ICV,C8,카고룩스 이탈리아,국제,유럽,이탈리아,MXP,출발,정기,화물,17 ,0 ,0 ,0 ,426632 ,0 ,0 ,0 
2026년,06월,ICV,C8,카고룩스 이탈리아,국제,유럽,투르크메니스탄,ASB,출발,정기,화물,0 ,0 ,0 ,0 ,0 ,0 ,0 ,0 
2026년,06월,JAL,JL,일본항공,국제,일본,일본,NGO,도착,정기,화물,19 ,0 ,0 ,0 ,414403 ,7246 ,0 ,0 
2026년,06월,JAL,JL,일본항공,국제,일본,일본,NRT,도착,정기,화물,4 ,0 ,0 ,0 ,93821 ,238 ,0 ,0 
2026년,06월,JAL,JL,일본항공,국제,일본,일본,NRT,출발,정기,화물,23 ,0 ,0 ,0 ,768220 ,0 ,0 ,0 
2026년,06월,JDL,JG,장쑤징동화물항공사,국제,중국,중국,NKG,도착,정기,화물,8 ,0 ,0 ,0 ,154386 ,0 ,0 ,0 
2026년,06월,JDL,JG,장쑤징동화물항공사,국제,중국,중국,NKG,도착,부정기,화물,8 ,0 ,0 ,0 ,155270 ,0 ,0 ,0 
2026년,06월,JDL,JG,장쑤징동화물항공사,국제,중국,중국,NKG,출발,정기,화물,8 ,0 ,0 ,0 ,70646 ,0 ,0 ,0 
2026년,06월,JDL,JG,장쑤징동화물항공사,국제,중국,중국,NKG,출발,부정기,화물,8 ,0 ,0 ,0 ,53137 ,0 ,0 ,0 
2026년,06월,JDL,JG,장쑤징동화물항공사,국제,중국,중국,WUX,도착,정기,화물,30 ,0 ,0 ,0 ,405551 ,0 ,0 ,0 
2026년,06월,JDL,JG,장쑤징동화물항공사,국제,중국,중국,WUX,출발,정기,화물,30 ,0 ,0 ,0 ,263353 ,0 ,0 ,0 
2026년,06월,JJA,7C,제주항공,국내,한국,한국,CJU,도착,정기,여객,9 ,1647 ,32 ,0 ,0 ,0 ,0 ,15027 
2026년,06월,JJA,7C,제주항공,국내,한국,한국,CJU,출발,정기,여객,9 ,1323 ,22 ,0 ,0 ,0 ,0 ,9303 
2026년,06월,JJA,7C,제주항공,국제,일본,일본,CTS,도착,정기,여객,60 ,9978 ,44 ,94 ,0 ,0 ,0 ,110487 
2026년,06월,JJA,7C,제주항공,국제,일본,일본,CTS,출발,정기,여객,60 ,10504 ,44 ,81 ,0 ,0 ,0 ,95521 
2026년,06월,JJA,7C,제주항공,국제,일본,일본,FSZ,도착,정기,여객,60 ,8918 ,41 ,40 ,0 ,0 ,0 ,87736 
2026년,06월,JJA,7C,제주항공,국제,일본,일본,FSZ,출발,정기,여객,60 ,8428 ,36 ,46 ,0 ,0 ,0 ,85375 
2026년,06월,JJA,7C,제주항공,국제,일본,일본,FUK,도착,정기,여객,120 ,20656 ,198 ,279 ,0 ,0 ,0 ,202216 
2026년,06월,JJA,7C,제주항공,국제,일본,일본,FUK,도착,부정기,여객,37 ,5790 ,91 ,40 ,0 ,0 ,0 ,60554 
2026년,06월,JJA,7C,제주항공,국제,일본,일본,FUK,출발,정기,여객,120 ,18747 ,191 ,385 ,0 ,0 ,0 ,138048 
2026년,06월,JJA,7C,제주항공,국제,일본,일본,FUK,출발,부정기,여객,37 ,5547 ,94 ,47 ,0 ,0 ,0 ,38567 
2026년,06월,JJA,7C,제주항공,국제,일본,일본,HIJ,도착,정기,여객,60 ,9941 ,43 ,171 ,0 ,0 ,0 ,92296 
2026년,06월,JJA,7C,제주항공,국제,일본,일본,HIJ,출발,정기,여객,60 ,9356 ,40 ,249 ,0 ,0 ,0 ,80747 
2026년,06월,JJA,7C,제주항공,국제,일본,일본,HKD,도착,정기,여객,4 ,667 ,2 ,2 ,0 ,0 ,0 ,9703 
2026년,06월,JJA,7C,제주항공,국제,일본,일본,HKD,출발,정기,여객,4 ,519 ,1 ,3 ,0 ,0 ,0 ,6033 
2026년,06월,JJA,7C,제주항공,국제,일본,일본,KIX,도착,정기,여객,210 ,33068 ,123 ,789 ,11442 ,0 ,0 ,301227 
2026년,06월,JJA,7C,제주항공,국제,일본,일본,KIX,출발,정기,여객,210 ,28970 ,111 ,808 ,38000 ,1855 ,9321 ,236115 
2026년,06월,JJA,7C,제주항공,국제,일본,일본,MYJ,도착,정기,여객,60 ,8987 ,52 ,46 ,0 ,0 ,0 ,88263 
2026년,06월,JJA,7C,제주항공,국제,일본,일본,MYJ,출발,정기,여객,60 ,8945 ,55 ,69 ,0 ,0 ,0 ,66617 
2026년,06월,JJA,7C,제주항공,국제,일본,일본,NGO,도착,정기,여객,60 ,9560 ,38 ,99 ,4311 ,0 ,0 ,97148 
2026년,06월,JJA,7C,제주항공,국제,일본,일본,NGO,도착,부정기,여객,10 ,1325 ,5 ,42 ,0 ,0 ,0 ,12391 
2026년,06월,JJA,7C,제주항공,국제,일본,일본,NGO,출발,정기,여객,60 ,8685 ,32 ,124 ,265 ,0 ,26353 ,84298 
2026년,06월,JJA,7C,제주항공,국제,일본,일본,NGO,출발,부정기,여객,10 ,777 ,8 ,16 ,0 ,0 ,0 ,6387 
2026년,06월,JJA,7C,제주항공,국제,일본,일본,NRT,도착,정기,여객,192 ,33178 ,104 ,592 ,57834 ,0 ,0 ,330394 
2026년,06월,JJA,7C,제주항공,국제,일본,일본,NRT,출발,정기,여객,192 ,33169 ,109 ,579 ,44548 ,13084 ,26850 ,298064 
2026년,06월,JJA,7C,제주항공,국제,일본,일본,OIT,도착,정기,여객,13 ,1666 ,13 ,10 ,0 ,0 ,0 ,24867 
2026년,06월,JJA,7C,제주항공,국제,일본,일본,OIT,출발,정기,여객,13 ,1642 ,15 ,5 ,0 ,0 ,0 ,22355 
2026년,06월,JJA,7C,제주항공,국제,일본,일본,OKA,도착,정기,여객,30 ,4975 ,126 ,74 ,0 ,0 ,0 ,58773 
2026년,06월,JJA,7C,제주항공,국제,일본,일본,OKA,출발,정기,여객,30 ,4520 ,108 ,107 ,0 ,0 ,0 ,46449 
2026년,06월,JJA,7C,제주항공,국제,일본,일본,UKB,도착,부정기,여객,20 ,3293 ,13 ,25 ,0 ,0 ,0 ,27771 
2026년,06월,JJA,7C,제주항공,국제,일본,일본,UKB,출발,부정기,여객,20 ,2834 ,11 ,17 ,0 ,0 ,0 ,19854 
2026년,06월,JJA,7C,제주항공,국제,중국,중국,HRB,도착,정기,여객,12 ,1788 ,8 ,78 ,0 ,0 ,0 ,20163 
2026년,06월,JJA,7C,제주항공,국제,중국,중국,HRB,출발,정기,여객,12 ,2155 ,11 ,23 ,0 ,0 ,0 ,24379 
2026년,06월,JJA,7C,제주항공,국제,중국,중국,JMU,도착,정기,여객,4 ,558 ,4 ,4 ,0 ,0 ,0 ,6807 
2026년,06월,JJA,7C,제주항공,국제,중국,중국,JMU,출발,정기,여객,4 ,698 ,4 ,3 ,0 ,0 ,0 ,8908 
2026년,06월,JJA,7C,제주항공,국제,중국,중국,KWL,도착,정기,여객,1 ,120 ,0 ,0 ,0 ,0 ,0 ,1228 
2026년,06월,JJA,7C,제주항공,국제,중국,중국,KWL,출발,정기,여객,1 ,6 ,0 ,0 ,0 ,0 ,0 ,46 
2026년,06월,JJA,7C,제주항공,국제,중국,중국,SJW,도착,정기,여객,9 ,1446 ,0 ,0 ,0 ,0 ,0 ,13123 
2026년,06월,JJA,7C,제주항공,국제,중국,중국,SJW,출발,정기,여객,9 ,1505 ,0 ,4 ,0 ,0 ,0 ,15317 
2026년,06월,JJA,7C,제주항공,국제,중국,중국,TAO,도착,정기,여객,30 ,4713 ,10 ,508 ,1815 ,0 ,37430 ,48807 
2026년,06월,JJA,7C,제주항공,국제,중국,중국,TAO,출발,정기,여객,30 ,5148 ,9 ,292 ,38104 ,1311 ,0 ,49840 
2026년,06월,JJA,7C,제주항공,국제,중국,중국,WEH,도착,정기,여객,60 ,8363 ,23 ,668 ,82731 ,0 ,0 ,102336 
2026년,06월,JJA,7C,제주항공,국제,중국,중국,WEH,출발,정기,여객,60 ,9004 ,21 ,642 ,11206 ,57679 ,0 ,105433 
2026년,06월,JJA,7C,제주항공,국제,중국,중국,YNJ,도착,정기,여객,23 ,3928 ,6 ,18 ,0 ,0 ,3797 ,44080 
2026년,06월,JJA,7C,제주항공,국제,중국,중국,YNJ,출발,정기,여객,23 ,4142 ,5 ,34 ,0 ,0 ,2369 ,42551 
2026년,06월,JJA,7C,제주항공,국제,동북아,대만,TPE,도착,정기,여객,30 ,5352 ,14 ,160 ,9825 ,0 ,2240 ,56850 
2026년,06월,JJA,7C,제주항공,국제,동북아,대만,TPE,출발,정기,여객,30 ,4889 ,11 ,30 ,38313 ,0 ,3947 ,41534 
2026년,06월,JJA,7C,제주항공,국제,동북아,마카오,MFM,도착,정기,여객,30 ,5209 ,43 ,15 ,2878 ,0 ,0 ,45671 
2026년,06월,JJA,7C,제주항공,국제,동북아,마카오,MFM,출발,정기,여객,30 ,5045 ,44 ,16 ,1496 ,0 ,1095 ,43418 
2026년,06월,JJA,7C,제주항공,국제,동북아,홍콩,HKG,도착,정기,여객,30 ,5123 ,3 ,102 ,33096 ,0 ,0 ,45413 
2026년,06월,JJA,7C,제주항공,국제,동북아,홍콩,HKG,출발,정기,여객,30 ,4815 ,6 ,239 ,19143 ,0 ,0 ,74387 
2026년,06월,JJA,7C,제주항공,국제,동북아,몽골,UBN,도착,정기,여객,22 ,3654 ,13 ,124 ,27 ,0 ,0 ,47099 
2026년,06월,JJA,7C,제주항공,국제,동북아,몽골,UBN,출발,정기,여객,22 ,3777 ,21 ,150 ,822 ,1513 ,811 ,51517 
2026년,06월,JJA,7C,제주항공,국제,동남아,말레이시아,BKI,도착,정기,여객,17 ,2669 ,11 ,73 ,0 ,0 ,0 ,31527 
2026년,06월,JJA,7C,제주항공,국제,동남아,말레이시아,BKI,출발,정기,여객,16 ,2676 ,13 ,113 ,0 ,0 ,0 ,32744 
2026년,06월,JJA,7C,제주항공,국제,동남아,베트남,CXR,도착,정기,여객,17 ,2958 ,21 ,22 ,0 ,0 ,0 ,34615 
2026년,06월,JJA,7C,제주항공,국제,동남아,베트남,CXR,출발,정기,여객,16 ,2709 ,18 ,18 ,0 ,0 ,0 ,24478 
2026년,06월,JJA,7C,제주항공,국제,동남아,베트남,DAD,도착,정기,여객,30 ,5219 ,48 ,71 ,38673 ,0 ,0 ,58648 
2026년,06월,JJA,7C,제주항공,국제,동남아,베트남,DAD,출발,정기,여객,30 ,5329 ,35 ,74 ,13158 ,141 ,0 ,44394 
2026년,06월,JJA,7C,제주항공,국제,동남아,베트남,HAN,도착,정기,여객,17 ,2924 ,13 ,109 ,21925 ,0 ,0 ,32737 
2026년,06월,JJA,7C,제주항공,국제,동남아,베트남,HAN,출발,정기,여객,16 ,2419 ,13 ,173 ,12355 ,0 ,1467 ,27348 
2026년,06월,JJA,7C,제주항공,국제,동남아,베트남,PQC,도착,정기,여객,17 ,2770 ,37 ,34 ,0 ,0 ,0 ,32167 
2026년,06월,JJA,7C,제주항공,국제,동남아,베트남,PQC,출발,정기,여객,16 ,2314 ,39 ,8 ,0 ,0 ,0 ,21448 
2026년,06월,JJA,7C,제주항공,국제,동남아,싱가포르,SIN,도착,정기,여객,17 ,2738 ,4 ,67 ,0 ,0 ,0 ,28578 
2026년,06월,JJA,7C,제주항공,국제,동남아,싱가포르,SIN,출발,정기,여객,16 ,2360 ,12 ,108 ,9792 ,0 ,3491 ,29753 
2026년,06월,JJA,7C,제주항공,국제,동남아,인도네시아,DPS,도착,정기,여객,30 ,4459 ,8 ,146 ,0 ,0 ,0 ,60966 
2026년,06월,JJA,7C,제주항공,국제,동남아,인도네시아,DPS,출발,정기,여객,30 ,4533 ,8 ,150 ,9857 ,0 ,0 ,55847 
2026년,06월,JJA,7C,제주항공,국제,동남아,태국,BKK,도착,정기,여객,17 ,2884 ,10 ,52 ,26785 ,0 ,0 ,32135 
2026년,06월,JJA,7C,제주항공,국제,동남아,태국,BKK,출발,정기,여객,16 ,2598 ,4 ,71 ,11011 ,0 ,973 ,32122 
2026년,06월,JJA,7C,제주항공,국제,동남아,태국,CNX,도착,정기,여객,9 ,1505 ,8 ,34 ,0 ,0 ,0 ,18761 
2026년,06월,JJA,7C,제주항공,국제,동남아,태국,CNX,출발,정기,여객,8 ,1331 ,8 ,46 ,0 ,0 ,0 ,17519 
2026년,06월,JJA,7C,제주항공,국제,동남아,필리핀,CEB,도착,정기,여객,17 ,2838 ,21 ,170 ,5934 ,0 ,0 ,35554 
2026년,06월,JJA,7C,제주항공,국제,동남아,필리핀,CEB,출발,정기,여객,16 ,2685 ,21 ,169 ,2233 ,1719 ,0 ,34360 
2026년,06월,JJA,7C,제주항공,국제,동남아,필리핀,CRK,도착,정기,여객,30 ,5002 ,17 ,100 ,0 ,0 ,0 ,52466 
2026년,06월,JJA,7C,제주항공,국제,동남아,필리핀,CRK,출발,정기,여객,30 ,5047 ,25 ,219 ,10146 ,8721 ,0 ,72779 
2026년,06월,JJA,7C,제주항공,국제,동남아,필리핀,MNL,도착,정기,여객,30 ,4918 ,18 ,331 ,716 ,0 ,0 ,60685 
2026년,06월,JJA,7C,제주항공,국제,동남아,필리핀,MNL,출발,정기,여객,30 ,4761 ,26 ,532 ,12024 ,600 ,2343 ,96150 
2026년,06월,JJA,7C,제주항공,국제,동남아,필리핀,TAG,도착,정기,여객,17 ,2899 ,10 ,15 ,0 ,0 ,0 ,35254 
2026년,06월,JJA,7C,제주항공,국제,동남아,필리핀,TAG,출발,정기,여객,16 ,2747 ,15 ,24 ,0 ,0 ,0 ,32781 
2026년,06월,JJA,7C,제주항공,국제,대양주,사이판,SPN,도착,정기,여객,6 ,678 ,11 ,314 ,0 ,0 ,0 ,16083 
2026년,06월,JJA,7C,제주항공,국제,대양주,사이판,SPN,출발,정기,여객,6 ,433 ,3 ,156 ,4399 ,144 ,0 ,11907 
2026년,06월,JNA,LJ,진 에어,국제,일본,일본,CTS,도착,정기,여객,32 ,9073 ,55 ,56 ,0 ,0 ,0 ,103693 
2026년,06월,JNA,LJ,진 에어,국제,일본,일본,CTS,출발,정기,여객,32 ,9548 ,47 ,107 ,66027 ,0 ,0 ,85255 
2026년,06월,JNA,LJ,진 에어,국제,일본,일본,FUK,도착,정기,여객,139 ,29629 ,306 ,116 ,0 ,0 ,0 ,302068 
2026년,06월,JNA,LJ,진 에어,국제,일본,일본,FUK,출발,정기,여객,139 ,30194 ,295 ,187 ,0 ,0 ,0 ,224996 
2026년,06월,JNA,LJ,진 에어,국제,일본,일본,ISG,도착,정기,여객,28 ,3175 ,43 ,5 ,0 ,0 ,0 ,38355 
2026년,06월,JNA,LJ,진 에어,국제,일본,일본,ISG,출발,정기,여객,28 ,3056 ,37 ,19 ,0 ,0 ,0 ,30811 
2026년,06월,JNA,LJ,진 에어,국제,일본,일본,KIX,도착,정기,여객,119 ,22539 ,100 ,289 ,67949 ,0 ,0 ,235451 
2026년,06월,JNA,LJ,진 에어,국제,일본,일본,KIX,출발,정기,여객,119 ,23398 ,90 ,253 ,58159 ,0 ,18767 ,197126 
2026년,06월,JNA,LJ,진 에어,국제,일본,일본,KKJ,도착,정기,여객,28 ,4942 ,29 ,6 ,0 ,0 ,0 ,54963 
2026년,06월,JNA,LJ,진 에어,국제,일본,일본,KKJ,출발,정기,여객,28 ,4449 ,23 ,9 ,0 ,0 ,0 ,37141 
2026년,06월,JNA,LJ,진 에어,국제,일본,일본,NGO,도착,정기,여객,60 ,10484 ,24 ,39 ,1420 ,0 ,0 ,96892 
2026년,06월,JNA,LJ,진 에어,국제,일본,일본,NGO,출발,정기,여객,60 ,10011 ,23 ,195 ,7143 ,0 ,0 ,95033 
2026년,06월,JNA,LJ,진 에어,국제,일본,일본,NRT,도착,정기,여객,93 ,20857 ,94 ,159 ,130322 ,0 ,0 ,201613 
2026년,06월,JNA,LJ,진 에어,국제,일본,일본,NRT,출발,정기,여객,93 ,20186 ,79 ,312 ,110832 ,0 ,6230 ,193463 
2026년,06월,JNA,LJ,진 에어,국제,일본,일본,OKA,도착,정기,여객,29 ,9605 ,310 ,170 ,0 ,0 ,0 ,111560 
2026년,06월,JNA,LJ,진 에어,국제,일본,일본,OKA,도착,부정기,여객,1 ,42 ,2 ,0 ,0 ,0 ,0 ,427 
2026년,06월,JNA,LJ,진 에어,국제,일본,일본,OKA,출발,정기,여객,29 ,9840 ,311 ,83 ,0 ,0 ,0 ,91052 
2026년,06월,JNA,LJ,진 에어,국제,일본,일본,SHI,도착,정기,여객,28 ,4197 ,54 ,10 ,0 ,0 ,0 ,51764 
2026년,06월,JNA,LJ,진 에어,국제,일본,일본,SHI,출발,정기,여객,28 ,4416 ,60 ,1 ,0 ,0 ,0 ,46371 
2026년,06월,JNA,LJ,진 에어,국제,일본,일본,TAK,도착,정기,여객,25 ,4248 ,23 ,20 ,0 ,0 ,0 ,43355 
2026년,06월,JNA,LJ,진 에어,국제,일본,일본,TAK,출발,정기,여객,25 ,4309 ,26 ,21 ,0 ,0 ,0 ,37301 
2026년,06월,JNA,LJ,진 에어,국제,중국,중국,HET,도착,부정기,여객,3 ,352 ,0 ,0 ,0 ,0 ,0 ,3929 
2026년,06월,JNA,LJ,진 에어,국제,중국,중국,HET,출발,부정기,여객,3 ,540 ,0 ,0 ,0 ,0 ,0 ,5578 
2026년,06월,JNA,LJ,진 에어,국제,중국,중국,KWL,도착,정기,여객,2 ,358 ,0 ,0 ,0 ,0 ,0 ,3682 
2026년,06월,JNA,LJ,진 에어,국제,중국,중국,KWL,출발,정기,여객,2 ,216 ,0 ,2 ,0 ,0 ,0 ,1744 
2026년,06월,JNA,LJ,진 에어,국제,동북아,대만,RMQ,도착,정기,여객,59 ,10034 ,51 ,150 ,0 ,0 ,0 ,101859 
2026년,06월,JNA,LJ,진 에어,국제,동북아,대만,RMQ,출발,정기,여객,59 ,9525 ,42 ,50 ,0 ,0 ,0 ,120953 
2026년,06월,JNA,LJ,진 에어,국제,동북아,대만,TPE,도착,정기,여객,31 ,9254 ,12 ,508 ,164323 ,0 ,0 ,91228 
2026년,06월,JNA,LJ,진 에어,국제,동북아,대만,TPE,출발,정기,여객,30 ,9052 ,12 ,115 ,175116 ,0 ,10532 ,111643 
2026년,06월,JNA,LJ,진 에어,국제,동북아,몽골,UBN,도착,정기,여객,1 ,172 ,0 ,0 ,0 ,0 ,0 ,2240 
2026년,06월,JNA,LJ,진 에어,국제,동남아,말레이시아,BKI,도착,정기,여객,12 ,1746 ,7 ,59 ,44 ,0 ,0 ,21320 
2026년,06월,JNA,LJ,진 에어,국제,동남아,말레이시아,BKI,출발,정기,여객,11 ,1701 ,10 ,145 ,10 ,0 ,0 ,22532 
2026년,06월,JNA,LJ,진 에어,국제,동남아,베트남,CXR,도착,정기,여객,25 ,4072 ,38 ,11 ,0 ,0 ,0 ,50841 
2026년,06월,JNA,LJ,진 에어,국제,동남아,베트남,CXR,출발,정기,여객,26 ,4157 ,51 ,22 ,0 ,0 ,0 ,41005 
2026년,06월,JNA,LJ,진 에어,국제,동남아,베트남,DAD,도착,정기,여객,17 ,2789 ,21 ,97 ,14410 ,0 ,0 ,34404 
2026년,06월,JNA,LJ,진 에어,국제,동남아,베트남,DAD,출발,정기,여객,18 ,2536 ,19 ,230 ,1963 ,0 ,0 ,25224 
2026년,06월,JNA,LJ,진 에어,국제,동남아,베트남,PQC,도착,정기,여객,13 ,2036 ,13 ,13 ,0 ,0 ,0 ,25741 
2026년,06월,JNA,LJ,진 에어,국제,동남아,베트남,PQC,출발,정기,여객,14 ,1444 ,15 ,19 ,0 ,0 ,0 ,14734 
2026년,06월,JNA,LJ,진 에어,국제,동남아,태국,BKK,도착,정기,여객,1 ,172 ,0 ,3 ,1084 ,0 ,0 ,1991 
2026년,06월,JNA,LJ,진 에어,국제,동남아,태국,BKK,출발,정기,여객,2 ,340 ,0 ,4 ,578 ,0 ,0 ,3776 
2026년,06월,JNA,LJ,진 에어,국제,동남아,태국,CNX,도착,정기,여객,20 ,3315 ,24 ,223 ,0 ,0 ,0 ,46343 
2026년,06월,JNA,LJ,진 에어,국제,동남아,태국,CNX,출발,정기,여객,21 ,3521 ,21 ,186 ,0 ,0 ,0 ,45973 
2026년,06월,JNA,LJ,진 에어,국제,동남아,필리핀,CRK,도착,정기,여객,25 ,3936 ,20 ,278 ,0 ,0 ,0 ,51780 
2026년,06월,JNA,LJ,진 에어,국제,동남아,필리핀,CRK,출발,정기,여객,24 ,3688 ,26 ,326 ,5585 ,0 ,0 ,57956 
2026년,06월,JNA,LJ,진 에어,국제,동남아,필리핀,TAG,도착,정기,여객,18 ,2954 ,18 ,13 ,0 ,0 ,0 ,33580 
2026년,06월,JNA,LJ,진 에어,국제,동남아,필리핀,TAG,출발,정기,여객,18 ,2984 ,16 ,14 ,0 ,0 ,0 ,31714 
2026년,06월,JNA,LJ,진 에어,국제,대양주,괌,GUM,도착,정기,여객,25 ,3385 ,38 ,255 ,0 ,0 ,0 ,46139 
2026년,06월,JNA,LJ,진 에어,국제,대양주,괌,GUM,출발,정기,여객,23 ,2855 ,39 ,224 ,0 ,0 ,0 ,59408 
2026년,06월,JST,JQ,젯스타,국제,대양주,호주,BNE,도착,정기,여객,13 ,4154 ,19 ,6 ,35766 ,0 ,1688 ,53392 
2026년,06월,JST,JQ,젯스타,국제,대양주,호주,BNE,출발,정기,여객,13 ,3920 ,30 ,34 ,121123 ,0 ,2437 ,76741 
2026년,06월,JST,JQ,젯스타,국제,대양주,호주,SYD,도착,정기,여객,26 ,8207 ,35 ,16 ,17719 ,0 ,5550 ,116667 
2026년,06월,JST,JQ,젯스타,국제,대양주,호주,SYD,출발,정기,여객,26 ,7959 ,48 ,41 ,291467 ,0 ,68 ,138849 
2026년,06월,KAL,KE,대한항공,국내,한국,한국,PUS,도착,정기,여객,150 ,18298 ,76 ,0 ,0 ,0 ,0 ,369922 
2026년,06월,KAL,KE,대한항공,국내,한국,한국,PUS,출발,정기,여객,151 ,19482 ,56 ,0 ,0 ,0 ,0 ,378101 
2026년,06월,KAL,KE,대한항공,국내,한국,한국,TAE,도착,정기,여객,30 ,2069 ,11 ,0 ,0 ,0 ,0 ,43178 
2026년,06월,KAL,KE,대한항공,국내,한국,한국,TAE,출발,정기,여객,30 ,2149 ,16 ,0 ,0 ,0 ,0 ,45534 
2026년,06월,KAL,KE,대한항공,국제,한국,한국,CJU,도착,부정기,화물,0 ,0 ,0 ,0 ,0 ,0 ,0 ,0 
2026년,06월,KAL,KE,대한항공,국제,일본,일본,AOJ,도착,정기,여객,21 ,2688 ,8 ,200 ,300 ,0 ,0 ,43040 
2026년,06월,KAL,KE,대한항공,국제,일본,일본,AOJ,출발,정기,여객,21 ,2793 ,7 ,78 ,309 ,0 ,0 ,40749 
2026년,06월,KAL,KE,대한항공,국제,일본,일본,CTS,도착,정기,여객,60 ,13266 ,159 ,874 ,2560 ,184637 ,0 ,205885 
2026년,06월,KAL,KE,대한항공,국제,일본,일본,CTS,출발,정기,여객,60 ,13812 ,160 ,704 ,3705 ,14028 ,0 ,167575 
2026년,06월,KAL,KE,대한항공,국제,일본,일본,FUK,도착,정기,여객,120 ,18807 ,264 ,2829 ,68062 ,162305 ,7154 ,277910 
2026년,06월,KAL,KE,대한항공,국제,일본,일본,FUK,출발,정기,여객,120 ,19142 ,252 ,2662 ,54097 ,196311 ,19535 ,218059 
2026년,06월,KAL,KE,대한항공,국제,일본,일본,HND,도착,정기,여객,30 ,6553 ,13 ,2000 ,104019 ,11539 ,0 ,98269 
2026년,06월,KAL,KE,대한항공,국제,일본,일본,HND,출발,정기,여객,30 ,6796 ,31 ,1195 ,130636 ,6560 ,53237 ,99339 
2026년,06월,KAL,KE,대한항공,국제,일본,일본,KIJ,도착,정기,여객,30 ,3106 ,15 ,765 ,95 ,0 ,0 ,43198 
2026년,06월,KAL,KE,대한항공,국제,일본,일본,KIJ,출발,정기,여객,30 ,3804 ,15 ,273 ,204 ,0 ,0 ,47909 
2026년,06월,KAL,KE,대한항공,국제,일본,일본,KIX,도착,정기,화물,21 ,0 ,0 ,0 ,518421 ,1156864 ,784 ,0 
2026년,06월,KAL,KE,대한항공,국제,일본,일본,KIX,도착,정기,여객,119 ,15954 ,80 ,6897 ,104640 ,135246 ,15714 ,295021 
2026년,06월,KAL,KE,대한항공,국제,일본,일본,KIX,출발,정기,화물,21 ,0 ,0 ,0 ,357345 ,812319 ,107481 ,0 
2026년,06월,KAL,KE,대한항공,국제,일본,일본,KIX,출발,정기,여객,119 ,16730 ,88 ,4302 ,149806 ,158727 ,25371 ,239742 
2026년,06월,KAL,KE,대한항공,국제,일본,일본,KKJ,도착,정기,화물,4 ,0 ,0 ,0 ,75092 ,304639 ,0 ,0 
2026년,06월,KAL,KE,대한항공,국제,일본,일본,KKJ,도착,부정기,화물,1 ,0 ,0 ,0 ,20044 ,64416 ,0 ,0 
2026년,06월,KAL,KE,대한항공,국제,일본,일본,KKJ,출발,정기,화물,4 ,0 ,0 ,0 ,1123 ,50689 ,0 ,0 
2026년,06월,KAL,KE,대한항공,국제,일본,일본,KKJ,출발,부정기,화물,1 ,0 ,0 ,0 ,0 ,49758 ,0 ,0 
2026년,06월,KAL,KE,대한항공,국제,일본,일본,KMJ,도착,정기,여객,30 ,3154 ,10 ,84 ,150 ,0 ,0 ,53770 
2026년,06월,KAL,KE,대한항공,국제,일본,일본,KMJ,출발,정기,여객,30 ,3263 ,18 ,62 ,0 ,0 ,0 ,45985 
2026년,06월,KAL,KE,대한항공,국제,일본,일본,KMQ,도착,정기,여객,30 ,3031 ,18 ,821 ,0 ,0 ,0 ,41571 
2026년,06월,KAL,KE,대한항공,국제,일본,일본,KMQ,출발,정기,여객,30 ,3423 ,16 ,177 ,6 ,0 ,0 ,39089 
2026년,06월,KAL,KE,대한항공,국제,일본,일본,KOJ,도착,정기,화물,0 ,0 ,0 ,0 ,0 ,0 ,0 ,0 
2026년,06월,KAL,KE,대한항공,국제,일본,일본,KOJ,도착,정기,여객,13 ,1626 ,14 ,180 ,0 ,0 ,0 ,28049 
2026년,06월,KAL,KE,대한항공,국제,일본,일본,KOJ,출발,정기,여객,13 ,1647 ,10 ,68 ,15 ,0 ,0 ,24968 
2026년,06월,KAL,KE,대한항공,국제,일본,일본,NGO,도착,정기,여객,60 ,6217 ,42 ,2595 ,2884 ,2260 ,9685 ,100509 
2026년,06월,KAL,KE,대한항공,국제,일본,일본,NGO,출발,정기,여객,60 ,7892 ,45 ,1372 ,12548 ,7927 ,8678 ,111796 
2026년,06월,KAL,KE,대한항공,국제,일본,일본,NGS,도착,정기,여객,13 ,1256 ,12 ,118 ,0 ,0 ,0 ,18655 
2026년,06월,KAL,KE,대한항공,국제,일본,일본,NGS,출발,정기,여객,13 ,1405 ,9 ,73 ,0 ,0 ,0 ,15529 
2026년,06월,KAL,KE,대한항공,국제,일본,일본,NRT,도착,정기,화물,25 ,0 ,0 ,0 ,992352 ,1045507 ,5370 ,0 
2026년,06월,KAL,KE,대한항공,국제,일본,일본,NRT,도착,정기,여객,148 ,22635 ,113 ,5251 ,71184 ,181994 ,15810 ,381895 
2026년,06월,KAL,KE,대한항공,국제,일본,일본,NRT,도착,부정기,화물,12 ,0 ,0 ,0 ,156731 ,578871 ,699 ,0 
2026년,06월,KAL,KE,대한항공,국제,일본,일본,NRT,출발,정기,화물,25 ,0 ,0 ,0 ,720435 ,735792 ,109632 ,0 
2026년,06월,KAL,KE,대한항공,국제,일본,일본,NRT,출발,정기,여객,148 ,23970 ,126 ,4000 ,57904 ,148280 ,72885 ,343194 
2026년,06월,KAL,KE,대한항공,국제,일본,일본,NRT,출발,부정기,화물,12 ,0 ,0 ,0 ,154090 ,316002 ,51206 ,0 
2026년,06월,KAL,KE,대한항공,국제,일본,일본,OKA,도착,정기,여객,29 ,3340 ,163 ,1028 ,36 ,0 ,0 ,70679 
2026년,06월,KAL,KE,대한항공,국제,일본,일본,OKA,출발,정기,여객,29 ,3759 ,177 ,416 ,39 ,402 ,0 ,52101 
2026년,06월,KAL,KE,대한항공,국제,일본,일본,OKJ,도착,정기,여객,17 ,1559 ,13 ,480 ,161 ,0 ,0 ,24595 
2026년,06월,KAL,KE,대한항공,국제,일본,일본,OKJ,출발,정기,여객,17 ,1816 ,13 ,82 ,228 ,0 ,0 ,20813 
2026년,06월,KAL,KE,대한항공,국제,일본,일본,UKB,도착,정기,여객,59 ,8630 ,63 ,601 ,0 ,0 ,0 ,110829 
2026년,06월,KAL,KE,대한항공,국제,일본,일본,UKB,출발,정기,여객,59 ,8420 ,68 ,566 ,130 ,0 ,0 ,100218 
2026년,06월,KAL,KE,대한항공,국제,중국,중국,CAN,도착,정기,화물,34 ,0 ,0 ,0 ,249319 ,3002686 ,34799 ,0 
2026년,06월,KAL,KE,대한항공,국제,중국,중국,CAN,도착,정기,여객,30 ,5315 ,11 ,1559 ,20316 ,404636 ,22869 ,101293 
2026년,06월,KAL,KE,대한항공,국제,중국,중국,CAN,출발,정기,화물,34 ,0 ,0 ,0 ,185827 ,552465 ,38173 ,0 
2026년,06월,KAL,KE,대한항공,국제,중국,중국,CAN,출발,정기,여객,30 ,5327 ,9 ,934 ,16599 ,32251 ,0 ,75051 
2026년,06월,KAL,KE,대한항공,국제,중국,중국,CGO,도착,정기,화물,8 ,0 ,0 ,0 ,28451 ,712716 ,17402 ,0 
2026년,06월,KAL,KE,대한항공,국제,중국,중국,CGO,도착,정기,여객,30 ,3520 ,6 ,1023 ,0 ,0 ,0 ,59207 
2026년,06월,KAL,KE,대한항공,국제,중국,중국,CGO,출발,정기,화물,8 ,0 ,0 ,0 ,2686 ,45782 ,0 ,0 
2026년,06월,KAL,KE,대한항공,국제,중국,중국,CGO,출발,정기,여객,30 ,3394 ,8 ,734 ,1980 ,4494 ,0 ,54710 
2026년,06월,KAL,KE,대한항공,국제,중국,중국,CSX,도착,정기,여객,15 ,1570 ,0 ,248 ,1920 ,0 ,0 ,22642 
2026년,06월,KAL,KE,대한항공,국제,중국,중국,CSX,출발,정기,여객,14 ,1226 ,3 ,387 ,357 ,3 ,0 ,21721 
2026년,06월,KAL,KE,대한항공,국제,중국,중국,DLC,도착,정기,여객,47 ,6640 ,35 ,1820 ,65306 ,307052 ,78185 ,108097 
2026년,06월,KAL,KE,대한항공,국제,중국,중국,DLC,출발,정기,여객,47 ,6974 ,30 ,2097 ,92173 ,50561 ,9930 ,111990 
2026년,06월,KAL,KE,대한항공,국제,중국,중국,DYG,도착,정기,여객,9 ,1254 ,0 ,18 ,110 ,0 ,0 ,15335 
2026년,06월,KAL,KE,대한항공,국제,중국,중국,DYG,출발,정기,여객,10 ,1162 ,1 ,16 ,0 ,0 ,0 ,11566 
2026년,06월,KAL,KE,대한항공,국제,중국,중국,FOC,도착,정기,여객,17 ,1124 ,3 ,1547 ,330 ,0 ,0 ,60818 
2026년,06월,KAL,KE,대한항공,국제,중국,중국,FOC,출발,정기,여객,17 ,1347 ,5 ,1259 ,0 ,0 ,0 ,46360 
2026년,06월,KAL,KE,대한항공,국제,중국,중국,HFE,도착,정기,여객,21 ,2590 ,9 ,129 ,0 ,0 ,0 ,29208 
2026년,06월,KAL,KE,대한항공,국제,중국,중국,HFE,출발,정기,여객,21 ,2764 ,6 ,128 ,195 ,262 ,0 ,39139 
2026년,06월,KAL,KE,대한항공,국제,중국,중국,HGH,도착,정기,여객,13 ,2002 ,4 ,200 ,216 ,511 ,150 ,27674 
2026년,06월,KAL,KE,대한항공,국제,중국,중국,HGH,출발,정기,여객,13 ,1826 ,3 ,138 ,0 ,0 ,0 ,27384 
2026년,06월,KAL,KE,대한항공,국제,중국,중국,KMG,도착,정기,여객,18 ,1966 ,1 ,357 ,0 ,0 ,0 ,33015 
2026년,06월,KAL,KE,대한항공,국제,중국,중국,KMG,출발,정기,여객,17 ,1808 ,3 ,605 ,7 ,0 ,0 ,33534 
2026년,06월,KAL,KE,대한항공,국제,중국,중국,NKG,도착,정기,여객,17 ,2188 ,4 ,661 ,0 ,0 ,0 ,39000 
2026년,06월,KAL,KE,대한항공,국제,중국,중국,NKG,출발,정기,여객,17 ,2253 ,5 ,510 ,162 ,262 ,0 ,36297 
2026년,06월,KAL,KE,대한항공,국제,중국,중국,PEK,도착,정기,여객,77 ,7356 ,13 ,5674 ,20200 ,308245 ,6449 ,191382 
2026년,06월,KAL,KE,대한항공,국제,중국,중국,PEK,출발,정기,여객,77 ,7405 ,29 ,8327 ,47328 ,3069 ,3382 ,235600 
2026년,06월,KAL,KE,대한항공,국제,중국,중국,PVG,도착,정기,화물,35 ,0 ,0 ,0 ,416316 ,2839345 ,0 ,0 
2026년,06월,KAL,KE,대한항공,국제,중국,중국,PVG,도착,정기,여객,90 ,16827 ,40 ,5910 ,60203 ,1056814 ,0 ,298973 
2026년,06월,KAL,KE,대한항공,국제,중국,중국,PVG,도착,부정기,화물,13 ,0 ,0 ,0 ,135052 ,1069765 ,0 ,0 
2026년,06월,KAL,KE,대한항공,국제,중국,중국,PVG,출발,정기,화물,34 ,0 ,0 ,0 ,1216325 ,829319 ,5181 ,0 
2026년,06월,KAL,KE,대한항공,국제,중국,중국,PVG,출발,정기,여객,90 ,17858 ,47 ,5695 ,108364 ,156971 ,0 ,295458 
2026년,06월,KAL,KE,대한항공,국제,중국,중국,PVG,출발,부정기,화물,13 ,0 ,0 ,0 ,317202 ,273048 ,0 ,0 
2026년,06월,KAL,KE,대한항공,국제,중국,중국,SHE,도착,정기,여객,60 ,7737 ,32 ,4043 ,3088 ,70401 ,39558 ,193138 
2026년,06월,KAL,KE,대한항공,국제,중국,중국,SHE,출발,정기,여객,60 ,7937 ,59 ,4099 ,5867 ,39377 ,0 ,184709 
2026년,06월,KAL,KE,대한항공,국제,중국,중국,SZX,도착,정기,여객,30 ,6240 ,17 ,895 ,38238 ,477959 ,0 ,92333 
2026년,06월,KAL,KE,대한항공,국제,중국,중국,SZX,출발,정기,여객,30 ,6474 ,13 ,639 ,227787 ,14578 ,0 ,78381 
2026년,06월,KAL,KE,대한항공,국제,중국,중국,TAO,도착,정기,여객,60 ,6925 ,24 ,2987 ,11811 ,120285 ,18694 ,149436 
2026년,06월,KAL,KE,대한항공,국제,중국,중국,TAO,출발,정기,여객,60 ,7495 ,31 ,2847 ,5855 ,9980 ,0 ,138646 
2026년,06월,KAL,KE,대한항공,국제,중국,중국,TSN,도착,정기,화물,21 ,0 ,0 ,0 ,127300 ,1244583 ,88862 ,0 
2026년,06월,KAL,KE,대한항공,국제,중국,중국,TSN,도착,정기,여객,60 ,5576 ,11 ,2368 ,63 ,797 ,0 ,120088 
2026년,06월,KAL,KE,대한항공,국제,중국,중국,TSN,출발,정기,화물,21 ,0 ,0 ,0 ,307151 ,751648 ,0 ,0 
2026년,06월,KAL,KE,대한항공,국제,중국,중국,TSN,출발,정기,여객,60 ,6569 ,26 ,1574 ,2835 ,3521 ,0 ,111815 
2026년,06월,KAL,KE,대한항공,국제,중국,중국,WUH,도착,정기,여객,21 ,3893 ,11 ,917 ,5082 ,371211 ,9557 ,59211 
2026년,06월,KAL,KE,대한항공,국제,중국,중국,WUH,출발,정기,여객,21 ,3172 ,6 ,739 ,15316 ,40319 ,0 ,51926 
2026년,06월,KAL,KE,대한항공,국제,중국,중국,XIY,도착,정기,여객,30 ,5990 ,12 ,900 ,37128 ,89908 ,0 ,88965 
2026년,06월,KAL,KE,대한항공,국제,중국,중국,XIY,출발,정기,화물,0 ,0 ,0 ,0 ,458651 ,310 ,0 ,0 
2026년,06월,KAL,KE,대한항공,국제,중국,중국,XIY,출발,정기,여객,30 ,5499 ,11 ,1172 ,66090 ,64112 ,0 ,84862 
2026년,06월,KAL,KE,대한항공,국제,중국,중국,XMN,도착,정기,여객,20 ,2700 ,4 ,237 ,294 ,20219 ,1865 ,35896 
2026년,06월,KAL,KE,대한항공,국제,중국,중국,XMN,출발,정기,여객,20 ,2566 ,3 ,357 ,1910 ,97 ,0 ,33712 
2026년,06월,KAL,KE,대한항공,국제,중국,중국,YNJ,도착,정기,여객,30 ,4417 ,8 ,621 ,0 ,0 ,0 ,69550 
2026년,06월,KAL,KE,대한항공,국제,중국,중국,YNJ,출발,정기,여객,30 ,4686 ,5 ,327 ,0 ,0 ,0 ,52646 
2026년,06월,KAL,KE,대한항공,국제,동북아,대만,TPE,도착,정기,여객,60 ,13931 ,42 ,1496 ,327878 ,172414 ,0 ,200307 
2026년,06월,KAL,KE,대한항공,국제,동북아,대만,TPE,출발,정기,여객,60 ,13175 ,48 ,932 ,388797 ,69012 ,11783 ,200965 
2026년,06월,KAL,KE,대한항공,국제,동북아,마카오,MFM,도착,정기,여객,30 ,4600 ,55 ,62 ,198 ,0 ,0 ,49814 
2026년,06월,KAL,KE,대한항공,국제,동북아,마카오,MFM,출발,정기,여객,30 ,4536 ,45 ,81 ,123 ,0 ,0 ,45434 
2026년,06월,KAL,KE,대한항공,국제,동북아,홍콩,HKG,도착,정기,화물,35 ,0 ,0 ,0 ,326593 ,2592255 ,0 ,0 
2026년,06월,KAL,KE,대한항공,국제,동북아,홍콩,HKG,도착,정기,여객,90 ,12707 ,38 ,3911 ,26500 ,768403 ,0 ,241383 
2026년,06월,KAL,KE,대한항공,국제,동북아,홍콩,HKG,도착,부정기,화물,30 ,0 ,0 ,0 ,64563 ,2588086 ,0 ,0 
2026년,06월,KAL,KE,대한항공,국제,동북아,홍콩,HKG,출발,정기,화물,35 ,0 ,0 ,0 ,972456 ,300772 ,0 ,0 
2026년,06월,KAL,KE,대한항공,국제,동북아,홍콩,HKG,출발,정기,여객,90 ,12258 ,47 ,4522 ,54256 ,113063 ,94949 ,254418 
2026년,06월,KAL,KE,대한항공,국제,동북아,홍콩,HKG,출발,부정기,화물,30 ,0 ,0 ,0 ,40681 ,92330 ,56151 ,0 
2026년,06월,KAL,KE,대한항공,국제,동북아,몽골,UBN,도착,정기,여객,34 ,5242 ,19 ,2902 ,33705 ,2095 ,179 ,136200 
2026년,06월,KAL,KE,대한항공,국제,동북아,몽골,UBN,출발,정기,여객,34 ,5791 ,37 ,2739 ,74020 ,108253 ,4447 ,157513 
2026년,06월,KAL,KE,대한항공,국제,동남아,말레이시아,KUL,도착,정기,화물,4 ,0 ,0 ,0 ,127123 ,124486 ,0 ,0 
2026년,06월,KAL,KE,대한항공,국제,동남아,말레이시아,KUL,도착,정기,여객,30 ,5791 ,10 ,1163 ,120667 ,292517 ,0 ,116823 
2026년,06월,KAL,KE,대한항공,국제,동남아,말레이시아,KUL,출발,정기,화물,4 ,0 ,0 ,0 ,90545 ,296599 ,0 ,0 
2026년,06월,KAL,KE,대한항공,국제,동남아,말레이시아,KUL,출발,정기,여객,30 ,5651 ,19 ,1362 ,124137 ,147677 ,6598 ,127729 
2026년,06월,KAL,KE,대한항공,국제,동남아,말레이시아,PEN,도착,정기,화물,20 ,0 ,0 ,0 ,648108 ,918705 ,0 ,0 
2026년,06월,KAL,KE,대한항공,국제,동남아,말레이시아,PEN,출발,정기,화물,20 ,0 ,0 ,0 ,152960 ,665336 ,0 ,0 
2026년,06월,KAL,KE,대한항공,국제,동남아,미얀마,RGN,도착,정기,여객,4 ,687 ,1 ,99 ,22186 ,9211 ,0 ,18483 
2026년,06월,KAL,KE,대한항공,국제,동남아,미얀마,RGN,출발,정기,여객,5 ,841 ,4 ,209 ,2591 ,16997 ,2140 ,33437 
2026년,06월,KAL,KE,대한항공,국제,동남아,베트남,CXR,도착,정기,여객,30 ,6377 ,133 ,734 ,392 ,0 ,0 ,117178 
2026년,06월,KAL,KE,대한항공,국제,동남아,베트남,CXR,출발,정기,여객,30 ,6496 ,136 ,921 ,0 ,0 ,0 ,105679 
2026년,06월,KAL,KE,대한항공,국제,동남아,베트남,DAD,도착,정기,여객,60 ,10830 ,126 ,2334 ,188873 ,104453 ,2778 ,218331 
2026년,06월,KAL,KE,대한항공,국제,동남아,베트남,DAD,출발,정기,여객,60 ,10238 ,127 ,2925 ,12874 ,113378 ,0 ,190744 
2026년,06월,KAL,KE,대한항공,국제,동남아,베트남,HAN,도착,정기,화물,30 ,0 ,0 ,0 ,1049398 ,1281871 ,0 ,0 
2026년,06월,KAL,KE,대한항공,국제,동남아,베트남,HAN,도착,정기,여객,60 ,10616 ,46 ,2865 ,104454 ,438242 ,0 ,214246 
2026년,06월,KAL,KE,대한항공,국제,동남아,베트남,HAN,출발,정기,화물,30 ,0 ,0 ,0 ,1799114 ,285608 ,0 ,0 
2026년,06월,KAL,KE,대한항공,국제,동남아,베트남,HAN,출발,정기,여객,60 ,9636 ,58 ,3902 ,153136 ,179512 ,3424 ,212030 
2026년,06월,KAL,KE,대한항공,국제,동남아,베트남,HAN,출발,부정기,화물,0 ,0 ,0 ,0 ,122976 ,81703 ,0 ,0 
2026년,06월,KAL,KE,대한항공,국제,동남아,베트남,PQC,도착,정기,여객,30 ,3572 ,62 ,185 ,392 ,0 ,0 ,55158 
2026년,06월,KAL,KE,대한항공,국제,동남아,베트남,PQC,출발,정기,여객,30 ,3596 ,69 ,238 ,0 ,0 ,0 ,46019 
2026년,06월,KAL,KE,대한항공,국제,동남아,베트남,SGN,도착,정기,화물,8 ,0 ,0 ,0 ,140218 ,412870 ,0 ,0 
2026년,06월,KAL,KE,대한항공,국제,동남아,베트남,SGN,도착,정기,여객,90 ,10938 ,57 ,10552 ,389122 ,432594 ,0 ,527851 
2026년,06월,KAL,KE,대한항공,국제,동남아,베트남,SGN,출발,정기,화물,8 ,0 ,0 ,0 ,28826 ,90384 ,0 ,0 
2026년,06월,KAL,KE,대한항공,국제,동남아,베트남,SGN,출발,정기,여객,90 ,10729 ,97 ,11130 ,311299 ,239611 ,7867 ,520015 
2026년,06월,KAL,KE,대한항공,국제,동남아,싱가포르,SIN,도착,정기,화물,4 ,0 ,0 ,0 ,123967 ,86797 ,0 ,0 
2026년,06월,KAL,KE,대한항공,국제,동남아,싱가포르,SIN,도착,정기,여객,89 ,19623 ,110 ,2674 ,716463 ,307865 ,0 ,311962 
2026년,06월,KAL,KE,대한항공,국제,동남아,싱가포르,SIN,출발,정기,화물,4 ,0 ,0 ,0 ,341799 ,480499 ,0 ,0 
2026년,06월,KAL,KE,대한항공,국제,동남아,싱가포르,SIN,출발,정기,여객,89 ,21415 ,157 ,2971 ,334446 ,630971 ,27312 ,410323 
2026년,06월,KAL,KE,대한항공,국제,동남아,인도네시아,CGK,도착,정기,여객,29 ,5940 ,23 ,995 ,38341 ,181643 ,0 ,116687 
2026년,06월,KAL,KE,대한항공,국제,동남아,인도네시아,CGK,출발,정기,화물,0 ,0 ,0 ,0 ,27828 ,128362 ,0 ,0 
2026년,06월,KAL,KE,대한항공,국제,동남아,인도네시아,CGK,출발,정기,여객,30 ,4629 ,38 ,1733 ,53178 ,224146 ,11328 ,150952 
2026년,06월,KAL,KE,대한항공,국제,동남아,인도네시아,DPS,도착,정기,여객,60 ,11813 ,53 ,5135 ,8476 ,51075 ,0 ,293633 
2026년,06월,KAL,KE,대한항공,국제,동남아,인도네시아,DPS,출발,정기,여객,60 ,11647 ,63 ,4925 ,282152 ,33835 ,0 ,251782 
2026년,06월,KAL,KE,대한항공,국제,동남아,캄보디아,KTI,도착,정기,여객,30 ,2461 ,16 ,2313 ,4649 ,39 ,0 ,113017 
2026년,06월,KAL,KE,대한항공,국제,동남아,캄보디아,KTI,출발,정기,여객,30 ,2120 ,31 ,2196 ,168 ,0 ,512 ,106871 
2026년,06월,KAL,KE,대한항공,국제,동남아,태국,BKK,도착,정기,화물,9 ,0 ,0 ,0 ,286753 ,482306 ,0 ,0 
2026년,06월,KAL,KE,대한항공,국제,동남아,태국,BKK,도착,정기,여객,120 ,18140 ,73 ,8572 ,610145 ,701654 ,0 ,497504 
2026년,06월,KAL,KE,대한항공,국제,동남아,태국,BKK,출발,정기,화물,8 ,0 ,0 ,0 ,57004 ,168092 ,0 ,0 
2026년,06월,KAL,KE,대한항공,국제,동남아,태국,BKK,출발,정기,여객,120 ,18523 ,103 ,9419 ,401411 ,449977 ,22318 ,521429 
2026년,06월,KAL,KE,대한항공,국제,동남아,태국,HKT,도착,정기,여객,19 ,3134 ,33 ,1328 ,94774 ,0 ,0 ,73182 
2026년,06월,KAL,KE,대한항공,국제,동남아,태국,HKT,출발,정기,여객,20 ,3131 ,27 ,824 ,16254 ,77181 ,0 ,56140 
2026년,06월,KAL,KE,대한항공,국제,동남아,필리핀,CEB,도착,정기,여객,30 ,5760 ,58 ,2959 ,121761 ,42423 ,0 ,163467 
2026년,06월,KAL,KE,대한항공,국제,동남아,필리핀,CEB,출발,정기,여객,30 ,5798 ,98 ,3662 ,23944 ,290869 ,0 ,193110 
2026년,06월,KAL,KE,대한항공,국제,동남아,필리핀,MNL,도착,정기,여객,120 ,10533 ,41 ,14175 ,436307 ,232410 ,0 ,582915 
2026년,06월,KAL,KE,대한항공,국제,동남아,필리핀,MNL,출발,정기,화물,0 ,0 ,0 ,0 ,13179 ,115897 ,0 ,0 
2026년,06월,KAL,KE,대한항공,국제,동남아,필리핀,MNL,출발,정기,여객,120 ,11165 ,80 ,12324 ,232853 ,412276 ,7878 ,599229 
2026년,06월,KAL,KE,대한항공,국제,미주,멕시코,GDL,도착,정기,화물,12 ,0 ,0 ,0 ,177233 ,253300 ,0 ,0 
2026년,06월,KAL,KE,대한항공,국제,미주,멕시코,GDL,출발,정기,화물,12 ,0 ,0 ,0 ,6401 ,201449 ,0 ,0 
2026년,06월,KAL,KE,대한항공,국제,미주,미국,ANC,도착,정기,화물,0 ,0 ,0 ,0 ,1616 ,0 ,0 ,0 
2026년,06월,KAL,KE,대한항공,국제,미주,미국,ANC,출발,정기,화물,0 ,0 ,0 ,0 ,41 ,0 ,0 ,0 
2026년,06월,KAL,KE,대한항공,국제,미주,미국,ATL,도착,정기,화물,13 ,0 ,0 ,0 ,281034 ,324276 ,0 ,0 
2026년,06월,KAL,KE,대한항공,국제,미주,미국,ATL,도착,정기,여객,60 ,8616 ,24 ,5850 ,43054 ,73056 ,0 ,366549 
2026년,06월,KAL,KE,대한항공,국제,미주,미국,ATL,출발,정기,화물,12 ,0 ,0 ,0 ,192774 ,165756 ,0 ,0 
2026년,06월,KAL,KE,대한항공,국제,미주,미국,ATL,출발,정기,여객,60 ,9017 ,63 ,5992 ,104708 ,810184 ,0 ,422409 
2026년,06월,KAL,KE,대한항공,국제,미주,미국,BOS,도착,정기,여객,30 ,3662 ,15 ,3863 ,53227 ,20860 ,0 ,191362 
2026년,06월,KAL,KE,대한항공,국제,미주,미국,BOS,출발,정기,여객,30 ,3183 ,24 ,4163 ,55576 ,387528 ,0 ,189288 
2026년,06월,KAL,KE,대한항공,국제,미주,미국,DFW,도착,정기,여객,30 ,3884 ,23 ,3648 ,508 ,994 ,0 ,189771 
2026년,06월,KAL,KE,대한항공,국제,미주,미국,DFW,출발,정기,화물,0 ,0 ,0 ,0 ,987657 ,1209760 ,0 ,0 
2026년,06월,KAL,KE,대한항공,국제,미주,미국,DFW,출발,정기,여객,30 ,4452 ,54 ,3170 ,18564 ,251445 ,0 ,214517 
2026년,06월,KAL,KE,대한항공,국제,미주,미국,IAD,도착,정기,여객,30 ,4738 ,26 ,2873 ,48084 ,99294 ,0 ,190553 
2026년,06월,KAL,KE,대한항공,국제,미주,미국,IAD,출발,정기,여객,30 ,4075 ,43 ,3185 ,7235 ,415321 ,0 ,206799 
2026년,06월,KAL,KE,대한항공,국제,미주,미국,JFK,도착,정기,화물,30 ,0 ,0 ,0 ,547698 ,263148 ,0 ,0 
2026년,06월,KAL,KE,대한항공,국제,미주,미국,JFK,도착,정기,여객,60 ,10759 ,72 ,7890 ,88896 ,32550 ,1161 ,424603 
2026년,06월,KAL,KE,대한항공,국제,미주,미국,JFK,출발,정기,화물,30 ,0 ,0 ,0 ,152297 ,910078 ,2181 ,0 
2026년,06월,KAL,KE,대한항공,국제,미주,미국,JFK,출발,정기,여객,60 ,10214 ,65 ,8186 ,45720 ,506300 ,61147 ,457597 
2026년,06월,KAL,KE,대한항공,국제,미주,미국,LAS,도착,정기,여객,30 ,2549 ,7 ,5197 ,0 ,0 ,0 ,178341 
2026년,06월,KAL,KE,대한항공,국제,미주,미국,LAS,출발,정기,여객,30 ,2626 ,29 ,4685 ,2581 ,390011 ,0 ,178260 
2026년,06월,KAL,KE,대한항공,국제,미주,미국,LAX,도착,정기,화물,53 ,0 ,0 ,0 ,753609 ,450749 ,0 ,0 
2026년,06월,KAL,KE,대한항공,국제,미주,미국,LAX,도착,정기,여객,73 ,15337 ,63 ,9717 ,272737 ,117549 ,964 ,561230 
2026년,06월,KAL,KE,대한항공,국제,미주,미국,LAX,도착,부정기,화물,1 ,0 ,0 ,0 ,6881 ,13515 ,0 ,0 
2026년,06월,KAL,KE,대한항공,국제,미주,미국,LAX,출발,정기,화물,52 ,0 ,0 ,0 ,1008011 ,3759955 ,381 ,0 
2026년,06월,KAL,KE,대한항공,국제,미주,미국,LAX,출발,정기,여객,73 ,14352 ,92 ,9701 ,60637 ,483896 ,48261 ,584112 
2026년,06월,KAL,KE,대한항공,국제,미주,미국,LAX,출발,부정기,화물,1 ,0 ,0 ,0 ,8582 ,72742 ,0 ,0 
2026년,06월,KAL,KE,대한항공,국제,미주,미국,MIA,출발,정기,화물,0 ,0 ,0 ,0 ,17880 ,757490 ,0 ,0 
2026년,06월,KAL,KE,대한항공,국제,미주,미국,ORD,도착,정기,화물,44 ,0 ,0 ,0 ,393528 ,179721 ,0 ,0 
2026년,06월,KAL,KE,대한항공,국제,미주,미국,ORD,도착,정기,여객,30 ,4508 ,24 ,3320 ,47924 ,86358 ,1250 ,186890 
2026년,06월,KAL,KE,대한항공,국제,미주,미국,ORD,도착,부정기,화물,1 ,0 ,0 ,0 ,39399 ,4055 ,0 ,0 
2026년,06월,KAL,KE,대한항공,국제,미주,미국,ORD,출발,정기,화물,44 ,0 ,0 ,0 ,838227 ,3511604 ,3697 ,0 
2026년,06월,KAL,KE,대한항공,국제,미주,미국,ORD,출발,정기,여객,30 ,4815 ,44 ,2996 ,121992 ,406157 ,24970 ,205105 
2026년,06월,KAL,KE,대한항공,국제,미주,미국,SEA,도착,정기,화물,18 ,0 ,0 ,0 ,1050534 ,347862 ,0 ,0 
2026년,06월,KAL,KE,대한항공,국제,미주,미국,SEA,도착,정기,여객,30 ,5506 ,21 ,3683 ,66401 ,59542 ,0 ,202818 
2026년,06월,KAL,KE,대한항공,국제,미주,미국,SEA,출발,정기,화물,19 ,0 ,0 ,0 ,1206 ,9761 ,0 ,0 
2026년,06월,KAL,KE,대한항공,국제,미주,미국,SEA,출발,정기,여객,30 ,4675 ,55 ,4076 ,7433 ,267484 ,0 ,218680 
2026년,06월,KAL,KE,대한항공,국제,미주,미국,SFO,도착,정기,화물,0 ,0 ,0 ,0 ,156077 ,380443 ,0 ,0 
2026년,06월,KAL,KE,대한항공,국제,미주,미국,SFO,도착,정기,여객,30 ,5137 ,18 ,4219 ,45279 ,61667 ,0 ,200634 
2026년,06월,KAL,KE,대한항공,국제,미주,미국,SFO,출발,정기,여객,30 ,4893 ,26 ,3643 ,25590 ,305615 ,0 ,193994 
2026년,06월,KAL,KE,대한항공,국제,미주,브라질,VCP,도착,정기,화물,9 ,0 ,0 ,0 ,9708 ,33844 ,0 ,0 
2026년,06월,KAL,KE,대한항공,국제,미주,브라질,VCP,출발,정기,화물,8 ,0 ,0 ,0 ,50794 ,190480 ,0 ,0 
2026년,06월,KAL,KE,대한항공,국제,미주,칠레,SCL,도착,정기,화물,0 ,0 ,0 ,0 ,31449 ,58638 ,0 ,0 
2026년,06월,KAL,KE,대한항공,국제,미주,캐나다,YEG,도착,정기,화물,0 ,0 ,0 ,0 ,0 ,0 ,0 ,0 
2026년,06월,KAL,KE,대한항공,국제,미주,캐나다,YHZ,도착,정기,화물,0 ,0 ,0 ,0 ,131016 ,461086 ,0 ,0 
2026년,06월,KAL,KE,대한항공,국제,미주,캐나다,YVR,도착,정기,화물,0 ,0 ,0 ,0 ,54003 ,19841 ,0 ,0 
2026년,06월,KAL,KE,대한항공,국제,미주,캐나다,YVR,도착,정기,여객,60 ,8038 ,63 ,9447 ,62734 ,81503 ,0 ,416604 
2026년,06월,KAL,KE,대한항공,국제,미주,캐나다,YVR,출발,정기,여객,60 ,6969 ,155 ,9444 ,33651 ,582227 ,28930 ,469659 
2026년,06월,KAL,KE,대한항공,국제,미주,캐나다,YYZ,도착,정기,화물,9 ,0 ,0 ,0 ,202140 ,191146 ,0 ,0 
2026년,06월,KAL,KE,대한항공,국제,미주,캐나다,YYZ,도착,정기,여객,30 ,5760 ,41 ,3172 ,15536 ,19749 ,0 ,221887 
2026년,06월,KAL,KE,대한항공,국제,미주,캐나다,YYZ,출발,정기,화물,9 ,0 ,0 ,0 ,4617 ,678982 ,0 ,0 
2026년,06월,KAL,KE,대한항공,국제,미주,캐나다,YYZ,출발,정기,여객,30 ,4732 ,72 ,3935 ,8533 ,227654 ,23905 ,262330 
2026년,06월,KAL,KE,대한항공,국제,미주,페루,LIM,도착,정기,화물,0 ,0 ,0 ,0 ,7578 ,126884 ,0 ,0 
2026년,06월,KAL,KE,대한항공,국제,대양주,뉴질랜드,AKL,도착,정기,여객,18 ,3420 ,29 ,730 ,43434 ,160707 ,0 ,81504 
2026년,06월,KAL,KE,대한항공,국제,대양주,뉴질랜드,AKL,출발,정기,여객,17 ,3240 ,43 ,459 ,22688 ,75079 ,16884 ,87787 
2026년,06월,KAL,KE,대한항공,국제,대양주,호주,BNE,도착,정기,여객,17 ,3193 ,21 ,787 ,34164 ,1777 ,0 ,73274 
2026년,06월,KAL,KE,대한항공,국제,대양주,호주,BNE,출발,정기,여객,17 ,3272 ,56 ,463 ,33527 ,123371 ,22499 ,78487 
2026년,06월,KAL,KE,대한항공,국제,대양주,호주,SYD,도착,정기,여객,30 ,7700 ,54 ,1286 ,105727 ,3006 ,0 ,166569 
2026년,06월,KAL,KE,대한항공,국제,대양주,호주,SYD,출발,정기,여객,30 ,7139 ,70 ,944 ,155136 ,172472 ,35296 ,153091 
2026년,06월,KAL,KE,대한항공,국제,대양주,괌,GUM,도착,정기,여객,52 ,6400 ,106 ,1056 ,16973 ,6753 ,0 ,99937 
2026년,06월,KAL,KE,대한항공,국제,대양주,괌,GUM,출발,정기,여객,53 ,6317 ,109 ,1180 ,113361 ,43001 ,0 ,103156 
2026년,06월,KAL,KE,대한항공,국제,대양주,하와이,HNL,도착,정기,여객,30 ,5261 ,37 ,4026 ,31764 ,34628 ,464 ,194643 
2026년,06월,KAL,KE,대한항공,국제,대양주,하와이,HNL,출발,정기,여객,30 ,5652 ,56 ,3126 ,6059 ,364265 ,1765 ,176782 
2026년,06월,KAL,KE,대한항공,국제,유럽,아르메니아,EVN,도착,부정기,여객,2 ,569 ,0 ,0 ,14731 ,0 ,0 ,10354 
2026년,06월,KAL,KE,대한항공,국제,유럽,아르메니아,EVN,출발,부정기,여객,1 ,285 ,0 ,0 ,0 ,0 ,0 ,4322 
2026년,06월,KAL,KE,대한항공,국제,유럽,네덜란드,AMS,도착,정기,화물,13 ,0 ,0 ,0 ,902186 ,159648 ,4917 ,0 
2026년,06월,KAL,KE,대한항공,국제,유럽,네덜란드,AMS,도착,정기,여객,26 ,5949 ,13 ,510 ,176854 ,110591 ,14545 ,123207 
2026년,06월,KAL,KE,대한항공,국제,유럽,네덜란드,AMS,출발,정기,화물,12 ,0 ,0 ,0 ,336836 ,737465 ,0 ,0 
2026년,06월,KAL,KE,대한항공,국제,유럽,네덜란드,AMS,출발,정기,여객,26 ,6195 ,27 ,484 ,132677 ,302253 ,0 ,121734 
2026년,06월,KAL,KE,대한항공,국제,유럽,노르웨이,OSL,도착,정기,화물,8 ,0 ,0 ,0 ,402410 ,153672 ,0 ,0 
2026년,06월,KAL,KE,대한항공,국제,유럽,노르웨이,OSL,출발,정기,화물,9 ,0 ,0 ,0 ,76531 ,33574 ,0 ,0 
2026년,06월,KAL,KE,대한항공,국제,유럽,독일,FRA,도착,정기,화물,16 ,0 ,0 ,0 ,904610 ,308298 ,566 ,0 
2026년,06월,KAL,KE,대한항공,국제,유럽,독일,FRA,도착,정기,여객,13 ,3359 ,11 ,105 ,67685 ,36738 ,0 ,70814 
2026년,06월,KAL,KE,대한항공,국제,유럽,독일,FRA,출발,정기,화물,17 ,0 ,0 ,0 ,346460 ,845257 ,2818 ,0 
2026년,06월,KAL,KE,대한항공,국제,유럽,독일,FRA,출발,정기,여객,12 ,3051 ,18 ,139 ,95871 ,83819 ,8004 ,64371 
2026년,06월,KAL,KE,대한항공,국제,유럽,스위스,ZRH,도착,정기,화물,5 ,0 ,0 ,0 ,199342 ,99102 ,0 ,0 
2026년,06월,KAL,KE,대한항공,국제,유럽,스위스,ZRH,도착,정기,여객,12 ,3488 ,5 ,77 ,19102 ,17450 ,0 ,65935 
2026년,06월,KAL,KE,대한항공,국제,유럽,스위스,ZRH,출발,정기,화물,4 ,0 ,0 ,0 ,2 ,48955 ,0 ,0 
2026년,06월,KAL,KE,대한항공,국제,유럽,스위스,ZRH,출발,정기,여객,13 ,3554 ,7 ,113 ,4288 ,58353 ,2831 ,68328 
2026년,06월,KAL,KE,대한항공,국제,유럽,스페인,MAD,도착,정기,화물,8 ,0 ,0 ,0 ,372441 ,395969 ,0 ,0 
2026년,06월,KAL,KE,대한항공,국제,유럽,스페인,MAD,도착,정기,여객,17 ,4158 ,15 ,234 ,90654 ,37182 ,0 ,82914 
2026년,06월,KAL,KE,대한항공,국제,유럽,스페인,MAD,출발,정기,화물,9 ,0 ,0 ,0 ,879 ,769289 ,0 ,0 
2026년,06월,KAL,KE,대한항공,국제,유럽,스페인,MAD,출발,정기,여객,17 ,3533 ,19 ,223 ,7277 ,97545 ,3694 ,66521 
2026년,06월,KAL,KE,대한항공,국제,유럽,영국,LHR,도착,정기,화물,8 ,0 ,0 ,0 ,136892 ,40485 ,0 ,0 
2026년,06월,KAL,KE,대한항공,국제,유럽,영국,LHR,도착,정기,여객,30 ,6950 ,23 ,479 ,244741 ,49467 ,9673 ,157839 
2026년,06월,KAL,KE,대한항공,국제,유럽,영국,LHR,출발,정기,화물,8 ,0 ,0 ,0 ,226900 ,309509 ,1918 ,0 
2026년,06월,KAL,KE,대한항공,국제,유럽,영국,LHR,출발,정기,여객,30 ,7105 ,41 ,546 ,147418 ,224356 ,44679 ,151513 
2026년,06월,KAL,KE,대한항공,국제,유럽,오스트리아,VIE,도착,정기,화물,0 ,0 ,0 ,0 ,0 ,0 ,0 ,0 
2026년,06월,KAL,KE,대한항공,국제,유럽,오스트리아,VIE,도착,정기,여객,18 ,4865 ,12 ,229 ,89949 ,20421 ,0 ,93757 
2026년,06월,KAL,KE,대한항공,국제,유럽,오스트리아,VIE,출발,정기,화물,0 ,0 ,0 ,0 ,573760 ,723561 ,1267 ,0 
2026년,06월,KAL,KE,대한항공,국제,유럽,오스트리아,VIE,출발,정기,여객,17 ,4157 ,12 ,354 ,49428 ,119226 ,3235 ,80468 
2026년,06월,KAL,KE,대한항공,국제,유럽,오스트리아,VIE,출발,부정기,화물,0 ,0 ,0 ,0 ,0 ,7155 ,0 ,0 
2026년,06월,KAL,KE,대한항공,국제,유럽,이탈리아,FCO,도착,정기,여객,13 ,3668 ,5 ,141 ,37903 ,70074 ,0 ,74743 
2026년,06월,KAL,KE,대한항공,국제,유럽,이탈리아,FCO,출발,정기,여객,13 ,3373 ,5 ,295 ,55797 ,46599 ,0 ,62269 
2026년,06월,KAL,KE,대한항공,국제,유럽,이탈리아,MXP,도착,정기,화물,5 ,0 ,0 ,0 ,376003 ,64193 ,0 ,0 
2026년,06월,KAL,KE,대한항공,국제,유럽,이탈리아,MXP,도착,정기,여객,18 ,5328 ,8 ,188 ,31708 ,6250 ,0 ,109551 
2026년,06월,KAL,KE,대한항공,국제,유럽,이탈리아,MXP,도착,부정기,화물,8 ,0 ,0 ,0 ,341006 ,191320 ,0 ,0 
2026년,06월,KAL,KE,대한항공,국제,유럽,이탈리아,MXP,출발,정기,화물,4 ,0 ,0 ,0 ,17054 ,174500 ,0 ,0 
2026년,06월,KAL,KE,대한항공,국제,유럽,이탈리아,MXP,출발,정기,여객,17 ,4912 ,8 ,173 ,4562 ,51976 ,2251 ,90107 
2026년,06월,KAL,KE,대한항공,국제,유럽,이탈리아,MXP,출발,부정기,화물,9 ,0 ,0 ,0 ,928 ,11566 ,0 ,0 
2026년,06월,KAL,KE,대한항공,국제,유럽,이탈리아,VCE,출발,부정기,여객,1 ,278 ,0 ,0 ,0 ,0 ,0 ,4787 
2026년,06월,KAL,KE,대한항공,국제,유럽,체코,PRG,도착,정기,여객,17 ,4571 ,14 ,453 ,87272 ,75165 ,0 ,90416 
2026년,06월,KAL,KE,대한항공,국제,유럽,체코,PRG,출발,정기,여객,17 ,4517 ,17 ,538 ,4933 ,75204 ,0 ,85116 
2026년,06월,KAL,KE,대한항공,국제,유럽,포르투갈,LIS,도착,정기,여객,13 ,3267 ,2 ,97 ,76433 ,23142 ,0 ,66158 
2026년,06월,KAL,KE,대한항공,국제,유럽,포르투갈,LIS,출발,정기,여객,12 ,2724 ,3 ,178 ,1482 ,21 ,0 ,46323 
2026년,06월,KAL,KE,대한항공,국제,유럽,프랑스,CDG,도착,정기,화물,0 ,0 ,0 ,0 ,288940 ,53989 ,0 ,0 
2026년,06월,KAL,KE,대한항공,국제,유럽,프랑스,CDG,도착,정기,여객,25 ,6159 ,12 ,274 ,373158 ,46899 ,188 ,130278 
2026년,06월,KAL,KE,대한항공,국제,유럽,프랑스,CDG,출발,정기,여객,26 ,6435 ,24 ,200 ,111359 ,309680 ,15869 ,128472 
2026년,06월,KAL,KE,대한항공,국제,유럽,헝가리,BUD,도착,정기,여객,17 ,4159 ,3 ,217 ,70088 ,3742 ,0 ,86853 
2026년,06월,KAL,KE,대한항공,국제,유럽,헝가리,BUD,출발,정기,여객,18 ,3169 ,7 ,403 ,10116 ,207532 ,1803 ,69810 
2026년,06월,KAL,KE,대한항공,국제,유럽,튀르키예,IST,도착,정기,여객,22 ,4340 ,7 ,594 ,87983 ,63531 ,0 ,86019 
2026년,06월,KAL,KE,대한항공,국제,유럽,튀르키예,IST,출발,정기,여객,21 ,3845 ,10 ,562 ,146493 ,105244 ,1052 ,77830 
2026년,06월,KAL,KE,대한항공,국제,유럽,조지아,TBS,도착,부정기,여객,2 ,561 ,0 ,0 ,0 ,0 ,0 ,9725 
2026년,06월,KAL,KE,대한항공,국제,유럽,조지아,TBS,출발,부정기,여객,2 ,569 ,0 ,0 ,0 ,0 ,0 ,9032 
2026년,06월,KAL,KE,대한항공,국제,기타,네팔,KTM,도착,정기,여객,8 ,1260 ,37 ,756 ,24719 ,33771 ,0 ,52934 
2026년,06월,KAL,KE,대한항공,국제,기타,네팔,KTM,출발,정기,여객,9 ,920 ,13 ,357 ,1384 ,99069 ,1888 ,36116 
2026년,06월,KAL,KE,대한항공,국제,기타,인도,DEL,도착,정기,여객,18 ,3085 ,12 ,1335 ,110173 ,82858 ,0 ,92891 
2026년,06월,KAL,KE,대한항공,국제,기타,인도,DEL,출발,정기,여객,17 ,2920 ,15 ,593 ,4331 ,149762 ,0 ,77637 
2026년,06월,KAL,KE,대한항공,국제,기타,인도,DEL,출발,부정기,화물,0 ,0 ,0 ,0 ,116203 ,54318 ,0 ,0 
2026년,06월,KLM,KL,KLM네덜란드항공,국제,유럽,네덜란드,AMS,도착,정기,여객,29 ,6783 ,20 ,444 ,391683 ,0 ,5518 ,118637 
2026년,06월,KLM,KL,KLM네덜란드항공,국제,유럽,네덜란드,AMS,출발,정기,여객,29 ,6952 ,31 ,664 ,336400 ,0 ,9580 ,151406 
2026년,06월,KYE,GG,스카이 리스,국제,중국,중국,EHU,출발,부정기,화물,0 ,0 ,0 ,0 ,0 ,0 ,0 ,0 
2026년,06월,KYE,GG,스카이 리스,국제,동남아,베트남,HAN,출발,부정기,화물,0 ,0 ,0 ,0 ,191271 ,0 ,0 ,0 
2026년,06월,KYE,GG,스카이 리스,국제,미주,미국,ANC,출발,부정기,화물,0 ,0 ,0 ,0 ,0 ,0 ,0 ,0 
2026년,06월,KYE,GG,스카이 리스,국제,미주,미국,LAX,도착,부정기,화물,6 ,0 ,0 ,0 ,97524 ,0 ,0 ,0 
2026년,06월,KYE,GG,스카이 리스,국제,미주,미국,LAX,출발,부정기,화물,1 ,0 ,0 ,0 ,0 ,0 ,0 ,0 
2026년,06월,KYE,GG,스카이 리스,국제,미주,미국,ORD,도착,부정기,화물,8 ,0 ,0 ,0 ,3669 ,0 ,0 ,0 
2026년,06월,KYE,GG,스카이 리스,국제,미주,미국,ORD,출발,부정기,화물,14 ,0 ,0 ,0 ,0 ,0 ,0 ,0 
2026년,06월,KYE,GG,스카이 리스,국제,미주,미국,SBD,도착,부정기,화물,1 ,0 ,0 ,0 ,0 ,0 ,0 ,0 
2026년,06월,KZR,KC,아스타나항공,국제,유럽,카자흐스탄,ALA,도착,정기,여객,30 ,4440 ,27 ,747 ,16810 ,0 ,826 ,84167 
2026년,06월,KZR,KC,아스타나항공,국제,유럽,카자흐스탄,ALA,출발,정기,여객,30 ,5090 ,34 ,457 ,130902 ,0 ,5048 ,108304 
2026년,06월,KZR,KC,아스타나항공,국제,유럽,카자흐스탄,NQZ,도착,정기,여객,16 ,1408 ,9 ,528 ,486 ,0 ,530 ,27613 
2026년,06월,KZR,KC,아스타나항공,국제,유럽,카자흐스탄,NQZ,출발,정기,여객,16 ,1856 ,7 ,342 ,4796 ,0 ,0 ,47051 
2026년,06월,LAO,QV,라오 항공,국제,동남아,라오스,VTE,도착,정기,여객,22 ,2866 ,8 ,48 ,30636 ,0 ,137 ,43212 
2026년,06월,LAO,QV,라오 항공,국제,동남아,라오스,VTE,출발,정기,여객,22 ,2973 ,8 ,49 ,11454 ,0 ,2758 ,48783 
2026년,06월,LHA,GI,롱하오 항공,국제,중국,중국,WEH,도착,정기,화물,30 ,0 ,0 ,0 ,498066 ,0 ,0 ,0 
2026년,06월,LHA,GI,롱하오 항공,국제,중국,중국,WEH,도착,부정기,화물,1 ,0 ,0 ,0 ,17188 ,0 ,0 ,0 
2026년,06월,LHA,GI,롱하오 항공,국제,중국,중국,WEH,출발,정기,화물,30 ,0 ,0 ,0 ,217076 ,0 ,0 ,0 
2026년,06월,LHA,GI,롱하오 항공,국제,중국,중국,WEH,출발,부정기,화물,1 ,0 ,0 ,0 ,323 ,0 ,0 ,0 
2026년,06월,LOT,LO,LOT 폴란드항공,국제,유럽,폴란드,WAW,도착,정기,여객,26 ,5822 ,18 ,100 ,164366 ,0 ,12453 ,95463 
2026년,06월,LOT,LO,LOT 폴란드항공,국제,유럽,폴란드,WAW,출발,정기,여객,26 ,5887 ,22 ,84 ,247060 ,0 ,32550 ,114173 
2026년,06월,LOT,LO,LOT 폴란드항공,국제,유럽,폴란드,WRO,도착,정기,여객,4 ,942 ,2 ,17 ,5323 ,0 ,0 ,16294 
2026년,06월,LOT,LO,LOT 폴란드항공,국제,유럽,폴란드,WRO,출발,정기,여객,4 ,928 ,11 ,5 ,43464 ,0 ,0 ,18923 
2026년,06월,MAA,M7,MAS AIR,국제,중국,중국,WUX,도착,정기,화물,0 ,0 ,0 ,0 ,0 ,0 ,0 ,0 
2026년,06월,MAA,M7,MAS AIR,국제,중국,중국,WUX,도착,부정기,화물,0 ,0 ,0 ,0 ,0 ,0 ,0 ,0 
2026년,06월,MAA,M7,MAS AIR,국제,중국,중국,WUX,출발,정기,화물,0 ,0 ,0 ,0 ,0 ,0 ,0 ,0 
2026년,06월,MAA,M7,MAS AIR,국제,미주,멕시코,NLU,도착,정기,화물,17 ,0 ,0 ,0 ,24405 ,0 ,0 ,0 
2026년,06월,MAA,M7,MAS AIR,국제,미주,멕시코,NLU,도착,부정기,화물,1 ,0 ,0 ,0 ,0 ,0 ,0 ,0 
2026년,06월,MAA,M7,MAS AIR,국제,미주,멕시코,NLU,출발,정기,화물,16 ,0 ,0 ,0 ,32977 ,0 ,0 ,0 
2026년,06월,MAA,M7,MAS AIR,국제,미주,멕시코,NLU,출발,부정기,화물,1 ,0 ,0 ,0 ,0 ,0 ,0 ,0 
2026년,06월,MAA,M7,MAS AIR,국제,미주,미국,ANC,출발,정기,화물,1 ,0 ,0 ,0 ,0 ,0 ,0 ,0 
2026년,06월,MAA,M7,MAS AIR,국제,미주,미국,ANC,출발,부정기,화물,0 ,0 ,0 ,0 ,0 ,0 ,0 ,0 
2026년,06월,MAA,M7,MAS AIR,국제,미주,미국,LAX,도착,정기,화물,0 ,0 ,0 ,0 ,0 ,0 ,0 ,0 
2026년,06월,MAS,MH,말레이시아항공,국제,동남아,말레이시아,KUL,도착,정기,여객,44 ,7801 ,41 ,26 ,336501 ,0 ,5237 ,118089 
2026년,06월,MAS,MH,말레이시아항공,국제,동남아,말레이시아,KUL,출발,정기,여객,45 ,10801 ,68 ,141 ,535081 ,0 ,7701 ,201926 
2026년,06월,MFX,C6,센트럼 항공 / MY FREIGHTER,국제,유럽,우즈베키스탄,TAS,도착,정기,여객,9 ,1630 ,21 ,3 ,3940 ,0 ,6 ,35399 
2026년,06월,MFX,C6,센트럼 항공 / MY FREIGHTER,국제,유럽,우즈베키스탄,TAS,도착,부정기,화물,1 ,0 ,0 ,0 ,29606 ,0 ,0 ,0 
2026년,06월,MFX,C6,센트럼 항공 / MY FREIGHTER,국제,유럽,우즈베키스탄,TAS,출발,정기,여객,9 ,1499 ,32 ,24 ,14427 ,8737 ,0 ,40702 
2026년,06월,MFX,C6,센트럼 항공 / MY FREIGHTER,국제,유럽,우즈베키스탄,TAS,출발,부정기,화물,1 ,0 ,0 ,0 ,28210 ,0 ,0 ,0 
2026년,06월,MGL,OM,몽골항공,국제,동북아,몽골,UBN,도착,정기,여객,86 ,13875 ,86 ,1162 ,43022 ,0 ,840 ,226422 
2026년,06월,MGL,OM,몽골항공,국제,동북아,몽골,UBN,출발,정기,여객,86 ,16428 ,169 ,1750 ,220294 ,0 ,0 ,338274 
2026년,06월,MMA,8M,미얀마 국제항공,국제,동남아,미얀마,RGN,도착,정기,여객,13 ,1400 ,2 ,7 ,4395 ,0 ,0 ,35803 
2026년,06월,MMA,8M,미얀마 국제항공,국제,동남아,미얀마,RGN,출발,정기,여객,13 ,1142 ,1 ,25 ,13580 ,0 ,0 ,33714 
2026년,06월,MNG,M0,에어로몽골리아,국제,동북아,몽골,UBN,도착,정기,여객,20 ,2359 ,15 ,7 ,0 ,0 ,0 ,37393 
2026년,06월,MNG,M0,에어로몽골리아,국제,동북아,몽골,UBN,출발,정기,여객,20 ,2394 ,28 ,20 ,398 ,0 ,0 ,48477 
2026년,06월,MPH,MP,마틴에어카고,국제,동북아,홍콩,HKG,출발,정기,화물,0 ,0 ,0 ,0 ,37252 ,0 ,0 ,0 
2026년,06월,MPH,MP,마틴에어카고,국제,유럽,네덜란드,AMS,도착,정기,화물,13 ,0 ,0 ,0 ,390923 ,0 ,0 ,0 
2026년,06월,MPH,MP,마틴에어카고,국제,유럽,네덜란드,AMS,출발,정기,화물,13 ,0 ,0 ,0 ,535952 ,0 ,0 ,0 
2026년,06월,MPH,MP,마틴에어카고,국제,유럽,카자흐스탄,ALA,출발,정기,화물,0 ,0 ,0 ,0 ,0 ,0 ,0 ,0 
2026년,06월,MXD,OD,바틱에어,국제,동남아,말레이시아,KUL,도착,정기,여객,20 ,2328 ,6 ,1 ,12556 ,0 ,0 ,24629 
2026년,06월,MXD,OD,바틱에어,국제,동남아,말레이시아,KUL,출발,정기,여객,19 ,2507 ,6 ,7 ,30033 ,0 ,0 ,37447 
2026년,06월,MXD,OD,바틱에어,국제,동남아,말레이시아,KUL,출발,부정기,여객,1 ,68 ,0 ,2 ,163 ,0 ,0 ,1264 
2026년,06월,PAC,PO,폴라에어카고,국제,일본,일본,NGO,출발,정기,화물,0 ,0 ,0 ,0 ,0 ,0 ,0 ,0 
2026년,06월,PAC,PO,폴라에어카고,국제,중국,중국,PVG,출발,정기,화물,0 ,0 ,0 ,0 ,367131 ,132740 ,0 ,0 
2026년,06월,PAC,PO,폴라에어카고,국제,미주,미국,ANC,출발,정기,화물,0 ,0 ,0 ,0 ,0 ,0 ,0 ,0 
2026년,06월,PAC,PO,폴라에어카고,국제,미주,미국,CVG,도착,정기,화물,20 ,0 ,0 ,0 ,629794 ,0 ,0 ,0 
2026년,06월,PAC,PO,폴라에어카고,국제,미주,미국,CVG,출발,정기,화물,16 ,0 ,0 ,0 ,0 ,0 ,0 ,0 
2026년,06월,PAC,PO,폴라에어카고,국제,미주,미국,LAX,출발,정기,화물,4 ,0 ,0 ,0 ,0 ,0 ,0 ,0 
2026년,06월,PAL,PR,필리핀항공,국제,동남아,필리핀,MNL,도착,정기,여객,40 ,7449 ,36 ,238 ,64029 ,0 ,146 ,110603 
2026년,06월,PAL,PR,필리핀항공,국제,동남아,필리핀,MNL,출발,정기,여객,40 ,8234 ,43 ,255 ,190005 ,0 ,0 ,153715 
2026년,06월,PTA,WE,파라타항공,국제,일본,일본,KIX,도착,정기,여객,28 ,4350 ,18 ,51 ,8908 ,0 ,0 ,46580 
2026년,06월,PTA,WE,파라타항공,국제,일본,일본,KIX,출발,정기,여객,28 ,4563 ,21 ,22 ,10408 ,0 ,0 ,36284 
2026년,06월,PTA,WE,파라타항공,국제,일본,일본,NRT,도착,정기,여객,57 ,13354 ,45 ,129 ,270839 ,14469 ,0 ,129442 
2026년,06월,PTA,WE,파라타항공,국제,일본,일본,NRT,출발,정기,여객,57 ,13646 ,40 ,73 ,250560 ,90745 ,6194 ,118162 
2026년,06월,PTA,WE,파라타항공,국제,동남아,베트남,CXR,도착,정기,여객,16 ,2415 ,31 ,10 ,0 ,0 ,0 ,30335 
2026년,06월,PTA,WE,파라타항공,국제,동남아,베트남,CXR,출발,정기,여객,15 ,2329 ,35 ,23 ,0 ,0 ,0 ,23700 
2026년,06월,PTA,WE,파라타항공,국제,동남아,베트남,DAD,도착,정기,여객,26 ,7013 ,46 ,77 ,247140 ,0 ,6120 ,81073 
2026년,06월,PTA,WE,파라타항공,국제,동남아,베트남,DAD,출발,정기,여객,25 ,6758 ,46 ,152 ,25930 ,0 ,0 ,62982 
2026년,06월,PTA,WE,파라타항공,국제,동남아,베트남,PQC,도착,정기,여객,9 ,1759 ,20 ,13 ,0 ,0 ,0 ,21293 
2026년,06월,PTA,WE,파라타항공,국제,동남아,베트남,PQC,출발,정기,여객,8 ,1166 ,16 ,9 ,0 ,0 ,0 ,11769 
2026년,06월,QDA,QW,청도항공,국제,중국,중국,TAO,도착,정기,여객,30 ,4836 ,10 ,1 ,23160 ,0 ,0 ,55422 
2026년,06월,QDA,QW,청도항공,국제,중국,중국,TAO,도착,부정기,여객,13 ,2082 ,3 ,3 ,10872 ,0 ,0 ,22222 
2026년,06월,QDA,QW,청도항공,국제,중국,중국,TAO,출발,정기,여객,30 ,4930 ,6 ,59 ,4519 ,0 ,0 ,69295 
2026년,06월,QDA,QW,청도항공,국제,중국,중국,TAO,출발,부정기,여객,13 ,2084 ,0 ,2 ,63 ,0 ,0 ,30225 
2026년,06월,QNT,HH,카놋샤크항공,국제,유럽,우즈베키스탄,TAS,도착,정기,여객,13 ,1528 ,36 ,1 ,0 ,0 ,0 ,46996 
2026년,06월,QNT,HH,카놋샤크항공,국제,유럽,우즈베키스탄,TAS,출발,정기,여객,13 ,2024 ,54 ,30 ,2464 ,0 ,0 ,66734 
2026년,06월,QTR,QR,카타르항공,국제,중동,카타르,DOH,도착,정기,화물,16 ,0 ,0 ,0 ,757368 ,0 ,21 ,0 
2026년,06월,QTR,QR,카타르항공,국제,중동,카타르,DOH,도착,정기,여객,32 ,9291 ,52 ,176 ,436708 ,0 ,217 ,180186 
2026년,06월,QTR,QR,카타르항공,국제,중동,카타르,DOH,출발,정기,화물,16 ,0 ,0 ,0 ,1411063 ,0 ,0 ,0 
2026년,06월,QTR,QR,카타르항공,국제,중동,카타르,DOH,출발,정기,여객,32 ,8908 ,51 ,185 ,348243 ,0 ,0 ,223860 
2026년,06월,RBA,BI,로얄 브루나이 에어라인,국제,동남아,브루나이,BWN,도착,정기,여객,13 ,1284 ,10 ,18 ,436 ,0 ,12 ,17221 
2026년,06월,RBA,BI,로얄 브루나이 에어라인,국제,동남아,브루나이,BWN,출발,정기,여객,13 ,1528 ,9 ,8 ,16389 ,0 ,436 ,30298 
2026년,06월,SAS,SK,스칸디나비안 항공,국제,유럽,덴마크,CPH,도착,정기,여객,26 ,6652 ,25 ,182 ,296035 ,0 ,0 ,103196 
2026년,06월,SAS,SK,스칸디나비안 항공,국제,유럽,덴마크,CPH,출발,정기,여객,26 ,6684 ,35 ,179 ,343655 ,0 ,0 ,123981 
2026년,06월,SIA,SQ,싱가폴항공,국제,동남아,싱가포르,SIN,도착,정기,화물,26 ,0 ,0 ,0 ,124636 ,0 ,0 ,0 
2026년,06월,SIA,SQ,싱가폴항공,국제,동남아,싱가포르,SIN,도착,정기,여객,120 ,31579 ,177 ,322 ,1560122 ,0 ,37792 ,460893 
2026년,06월,SIA,SQ,싱가폴항공,국제,동남아,싱가포르,SIN,출발,정기,여객,120 ,35842 ,260 ,234 ,1040827 ,0 ,21054 ,682416 
2026년,06월,SIA,SQ,싱가폴항공,국제,동남아,태국,BKK,도착,정기,화물,0 ,0 ,0 ,0 ,360692 ,0 ,0 ,0 
2026년,06월,SIA,SQ,싱가폴항공,국제,미주,미국,CVG,출발,정기,화물,26 ,0 ,0 ,0 ,989041 ,0 ,0 ,0 
2026년,06월,SPQ,9G,썬푸꾸옥항공,국제,동남아,베트남,PQC,도착,정기,여객,30 ,4999 ,32 ,0 ,0 ,0 ,0 ,64806 
2026년,06월,SPQ,9G,썬푸꾸옥항공,국제,동남아,베트남,PQC,출발,정기,여객,30 ,5311 ,39 ,2 ,0 ,0 ,0 ,54303 
2026년,06월,SWM,ZA,스카이앙코르항공,국제,동남아,캄보디아,KTI,도착,정기,여객,3 ,511 ,2 ,0 ,0 ,0 ,0 ,5188 
2026년,06월,SWM,ZA,스카이앙코르항공,국제,동남아,캄보디아,KTI,출발,정기,여객,3 ,515 ,5 ,0 ,0 ,0 ,271 ,9897 
2026년,06월,SWR,LX,스위스항공,국제,유럽,스위스,ZRH,도착,정기,여객,13 ,2812 ,4 ,74 ,166533 ,0 ,2622 ,46661 
2026년,06월,SWR,LX,스위스항공,국제,유럽,스위스,ZRH,출발,정기,여객,13 ,3004 ,11 ,12 ,202328 ,0 ,2360 ,53246 
2026년,06월,TGW,TR,스쿠트항공,국제,동북아,대만,TPE,도착,정기,여객,0 ,8437 ,15 ,0 ,176372 ,0 ,12542 ,60299 
2026년,06월,TGW,TR,스쿠트항공,국제,동북아,대만,TPE,출발,정기,여객,0 ,8534 ,15 ,0 ,183295 ,0 ,0 ,120018 
2026년,06월,TGW,TR,스쿠트항공,국제,동남아,싱가포르,SIN,도착,정기,여객,40 ,3772 ,13 ,0 ,115861 ,0 ,5203 ,31587 
2026년,06월,TGW,TR,스쿠트항공,국제,동남아,싱가포르,SIN,출발,정기,여객,40 ,3812 ,17 ,0 ,65693 ,0 ,0 ,48171 
2026년,06월,THA,TG,타이항공,국제,동남아,태국,BKK,도착,정기,여객,74 ,13802 ,58 ,161 ,1090348 ,0 ,2155 ,229424 
2026년,06월,THA,TG,타이항공,국제,동남아,태국,BKK,출발,정기,여객,74 ,13907 ,58 ,132 ,827238 ,0 ,44569 ,257961 
2026년,06월,THY,TK,터키항공,국제,유럽,튀르키예,IST,도착,정기,화물,8 ,0 ,0 ,0 ,513600 ,0 ,0 ,0 
2026년,06월,THY,TK,터키항공,국제,유럽,튀르키예,IST,도착,정기,여객,47 ,14963 ,47 ,92 ,629793 ,0 ,2567 ,265536 
2026년,06월,THY,TK,터키항공,국제,유럽,튀르키예,IST,출발,정기,화물,8 ,0 ,0 ,0 ,736475 ,0 ,0 ,0 
2026년,06월,THY,TK,터키항공,국제,유럽,튀르키예,IST,출발,정기,여객,47 ,14780 ,43 ,235 ,866726 ,0 ,0 ,337583 
2026년,06월,TTW,IT,타이거에어타이완,국제,동북아,대만,TPE,도착,정기,여객,30 ,5177 ,6 ,0 ,11871 ,0 ,2790 ,36731 
2026년,06월,TTW,IT,타이거에어타이완,국제,동북아,대만,TPE,출발,정기,여객,30 ,5077 ,4 ,0 ,24124 ,0 ,0 ,59703 
2026년,06월,TUA,T5,투르크메니스탄 항공,국제,유럽,투르크메니스탄,ASB,도착,정기,화물,3 ,0 ,0 ,0 ,25489 ,0 ,390 ,0 
2026년,06월,TUA,T5,투르크메니스탄 항공,국제,유럽,투르크메니스탄,ASB,도착,정기,여객,5 ,641 ,3 ,0 ,25077 ,0 ,1093 ,12549 
2026년,06월,TUA,T5,투르크메니스탄 항공,국제,유럽,투르크메니스탄,ASB,출발,정기,화물,3 ,0 ,0 ,0 ,115990 ,0 ,0 ,0 
2026년,06월,TUA,T5,투르크메니스탄 항공,국제,유럽,투르크메니스탄,ASB,출발,정기,여객,5 ,562 ,1 ,12 ,71579 ,0 ,0 ,17737 
2026년,06월,TVJ,VZ,타이비엣젯항공,국제,동남아,태국,BKK,도착,정기,여객,14 ,1938 ,3 ,0 ,20181 ,0 ,0 ,19099 
2026년,06월,TVJ,VZ,타이비엣젯항공,국제,동남아,태국,BKK,출발,정기,여객,14 ,1930 ,4 ,13 ,0 ,0 ,0 ,23270 
2026년,06월,TWB,TW,티웨이항공,국내,한국,한국,CJU,도착,부정기,여객,1 ,184 ,1 ,0 ,0 ,0 ,0 ,769 
2026년,06월,TWB,TW,티웨이항공,국제,일본,일본,CTS,도착,정기,여객,30 ,7515 ,39 ,193 ,0 ,0 ,0 ,84845 
2026년,06월,TWB,TW,티웨이항공,국제,일본,일본,CTS,출발,정기,여객,30 ,7848 ,51 ,230 ,0 ,0 ,0 ,70070 
2026년,06월,TWB,TW,티웨이항공,국제,일본,일본,FUK,도착,정기,여객,90 ,16057 ,91 ,529 ,0 ,0 ,0 ,161103 
2026년,06월,TWB,TW,티웨이항공,국제,일본,일본,FUK,출발,정기,여객,90 ,16348 ,74 ,662 ,0 ,0 ,0 ,130724 
2026년,06월,TWB,TW,티웨이항공,국제,일본,일본,HSG,도착,정기,여객,17 ,2484 ,15 ,4 ,0 ,0 ,0 ,19683 
2026년,06월,TWB,TW,티웨이항공,국제,일본,일본,HSG,출발,정기,여객,17 ,2583 ,14 ,5 ,0 ,0 ,0 ,13912 
2026년,06월,TWB,TW,티웨이항공,국제,일본,일본,KIX,도착,정기,여객,90 ,13578 ,22 ,957 ,47148 ,0 ,0 ,135698 
2026년,06월,TWB,TW,티웨이항공,국제,일본,일본,KIX,출발,정기,여객,90 ,15503 ,19 ,971 ,43309 ,0 ,13733 ,145609 
2026년,06월,TWB,TW,티웨이항공,국제,일본,일본,KMJ,도착,정기,여객,30 ,4257 ,17 ,45 ,0 ,0 ,0 ,60346 
2026년,06월,TWB,TW,티웨이항공,국제,일본,일본,KMJ,출발,정기,여객,30 ,4148 ,6 ,18 ,0 ,0 ,0 ,57185 
2026년,06월,TWB,TW,티웨이항공,국제,일본,일본,NRT,도착,정기,여객,62 ,9740 ,14 ,879 ,32334 ,0 ,0 ,113557 
2026년,06월,TWB,TW,티웨이항공,국제,일본,일본,NRT,출발,정기,여객,62 ,9928 ,16 ,471 ,17847 ,0 ,1824 ,92867 
2026년,06월,TWB,TW,티웨이항공,국제,일본,일본,OKA,도착,정기,여객,30 ,4915 ,127 ,172 ,0 ,0 ,0 ,55491 
2026년,06월,TWB,TW,티웨이항공,국제,일본,일본,OKA,출발,정기,여객,30 ,4974 ,137 ,85 ,0 ,0 ,0 ,46289 
2026년,06월,TWB,TW,티웨이항공,국제,일본,일본,TOY,도착,부정기,여객,2 ,374 ,0 ,0 ,0 ,0 ,0 ,3684 
2026년,06월,TWB,TW,티웨이항공,국제,일본,일본,TOY,출발,부정기,여객,2 ,188 ,0 ,0 ,0 ,0 ,0 ,1419 
2026년,06월,TWB,TW,티웨이항공,국제,중국,중국,HLD,도착,부정기,여객,3 ,213 ,0 ,0 ,0 ,0 ,0 ,2165 
2026년,06월,TWB,TW,티웨이항공,국제,중국,중국,HLD,출발,부정기,여객,3 ,338 ,0 ,0 ,0 ,0 ,0 ,3428 
2026년,06월,TWB,TW,티웨이항공,국제,중국,중국,SHE,도착,정기,여객,7 ,1772 ,2 ,281 ,0 ,0 ,0 ,20908 
2026년,06월,TWB,TW,티웨이항공,국제,중국,중국,SHE,출발,정기,여객,7 ,1773 ,2 ,251 ,0 ,0 ,0 ,21677 
2026년,06월,TWB,TW,티웨이항공,국제,중국,중국,WUH,도착,정기,여객,12 ,1727 ,0 ,107 ,0 ,0 ,0 ,16706 
2026년,06월,TWB,TW,티웨이항공,국제,중국,중국,WUH,출발,정기,여객,13 ,1950 ,2 ,196 ,0 ,0 ,0 ,26891 
2026년,06월,TWB,TW,티웨이항공,국제,중국,중국,YNJ,도착,부정기,여객,1 ,0 ,0 ,0 ,0 ,0 ,0 ,0 
2026년,06월,TWB,TW,티웨이항공,국제,동북아,대만,KHH,도착,정기,여객,30 ,4700 ,13 ,185 ,0 ,0 ,0 ,49938 
2026년,06월,TWB,TW,티웨이항공,국제,동북아,대만,KHH,도착,부정기,여객,1 ,179 ,0 ,0 ,0 ,0 ,0 ,1592 
2026년,06월,TWB,TW,티웨이항공,국제,동북아,대만,KHH,출발,정기,여객,30 ,4573 ,15 ,18 ,0 ,0 ,0 ,58065 
2026년,06월,TWB,TW,티웨이항공,국제,동북아,대만,RMQ,도착,정기,여객,30 ,4991 ,17 ,107 ,0 ,0 ,0 ,44062 
2026년,06월,TWB,TW,티웨이항공,국제,동북아,대만,RMQ,출발,정기,여객,30 ,5077 ,23 ,35 ,0 ,0 ,0 ,64381 
2026년,06월,TWB,TW,티웨이항공,국제,동북아,홍콩,HKG,도착,정기,여객,30 ,5577 ,5 ,120 ,19173 ,0 ,0 ,53035 
2026년,06월,TWB,TW,티웨이항공,국제,동북아,홍콩,HKG,출발,정기,여객,30 ,4560 ,3 ,183 ,8631 ,0 ,0 ,48552 
2026년,06월,TWB,TW,티웨이항공,국제,동북아,몽골,UBN,도착,정기,여객,17 ,3553 ,1 ,204 ,83800 ,0 ,0 ,57346 
2026년,06월,TWB,TW,티웨이항공,국제,동북아,몽골,UBN,출발,정기,여객,17 ,4399 ,17 ,471 ,52626 ,0 ,0 ,86339 
2026년,06월,TWB,TW,티웨이항공,국제,동남아,베트남,CXR,도착,정기,여객,30 ,5363 ,47 ,56 ,0 ,0 ,0 ,60502 
2026년,06월,TWB,TW,티웨이항공,국제,동남아,베트남,CXR,출발,정기,여객,30 ,5200 ,43 ,39 ,0 ,0 ,0 ,43879 
2026년,06월,TWB,TW,티웨이항공,국제,동남아,베트남,DAD,도착,정기,여객,46 ,7456 ,42 ,509 ,118480 ,0 ,0 ,82541 
2026년,06월,TWB,TW,티웨이항공,국제,동남아,베트남,DAD,출발,정기,여객,46 ,7443 ,42 ,243 ,0 ,0 ,0 ,56148 
2026년,06월,TWB,TW,티웨이항공,국제,동남아,싱가포르,SIN,도착,정기,여객,28 ,7798 ,28 ,299 ,365550 ,0 ,14293 ,92599 
2026년,06월,TWB,TW,티웨이항공,국제,동남아,싱가포르,SIN,출발,정기,여객,28 ,8222 ,29 ,331 ,218327 ,0 ,4475 ,131157 
2026년,06월,TWB,TW,티웨이항공,국제,동남아,인도네시아,CGK,도착,정기,여객,22 ,6214 ,28 ,734 ,64692 ,0 ,0 ,87195 
2026년,06월,TWB,TW,티웨이항공,국제,동남아,인도네시아,CGK,출발,정기,여객,21 ,5636 ,28 ,369 ,142955 ,0 ,17568 ,93916 
2026년,06월,TWB,TW,티웨이항공,국제,동남아,태국,BKK,도착,정기,여객,8 ,1388 ,2 ,16 ,316 ,0 ,9050 ,15053 
2026년,06월,TWB,TW,티웨이항공,국제,동남아,태국,BKK,출발,정기,여객,8 ,1442 ,0 ,12 ,4214 ,0 ,0 ,15655 
2026년,06월,TWB,TW,티웨이항공,국제,동남아,필리핀,KLO,도착,정기,여객,19 ,3276 ,8 ,0 ,0 ,0 ,0 ,34576 
2026년,06월,TWB,TW,티웨이항공,국제,동남아,필리핀,KLO,출발,정기,여객,19 ,3100 ,8 ,1 ,0 ,0 ,0 ,30950 
2026년,06월,TWB,TW,티웨이항공,국제,미주,캐나다,YVR,도착,정기,여객,12 ,2925 ,8 ,202 ,41257 ,0 ,0 ,49794 
2026년,06월,TWB,TW,티웨이항공,국제,미주,캐나다,YVR,출발,정기,여객,12 ,2720 ,17 ,287 ,154280 ,0 ,1850 ,59060 
2026년,06월,TWB,TW,티웨이항공,국제,대양주,호주,SYD,도착,정기,여객,10 ,2744 ,16 ,429 ,25667 ,0 ,0 ,61442 
2026년,06월,TWB,TW,티웨이항공,국제,대양주,호주,SYD,출발,정기,여객,10 ,2334 ,13 ,84 ,140797 ,0 ,10345 ,42082 
2026년,06월,TWB,TW,티웨이항공,국제,유럽,독일,FRA,도착,정기,여객,19 ,3106 ,5 ,114 ,163253 ,0 ,0 ,49662 
2026년,06월,TWB,TW,티웨이항공,국제,유럽,독일,FRA,출발,정기,여객,18 ,3546 ,12 ,76 ,51813 ,0 ,0 ,58518 
2026년,06월,TWB,TW,티웨이항공,국제,유럽,스페인,BCN,도착,정기,여객,17 ,3447 ,8 ,176 ,143627 ,0 ,0 ,63326 
2026년,06월,TWB,TW,티웨이항공,국제,유럽,스페인,BCN,출발,정기,여객,17 ,2990 ,7 ,66 ,50070 ,0 ,0 ,44941 
2026년,06월,TWB,TW,티웨이항공,국제,유럽,이탈리아,FCO,도착,정기,여객,30 ,7032 ,7 ,228 ,218865 ,0 ,0 ,131475 
2026년,06월,TWB,TW,티웨이항공,국제,유럽,이탈리아,FCO,출발,정기,여객,30 ,6427 ,9 ,87 ,272534 ,0 ,0 ,99971 
2026년,06월,TWB,TW,티웨이항공,국제,유럽,프랑스,CDG,도착,정기,여객,17 ,3505 ,9 ,288 ,214900 ,0 ,0 ,66019 
2026년,06월,TWB,TW,티웨이항공,국제,유럽,프랑스,CDG,출발,정기,여객,16 ,3535 ,14 ,122 ,248737 ,0 ,0 ,62666 
2026년,06월,TWB,TW,티웨이항공,국제,유럽,크로아티아,ZAG,도착,정기,여객,1 ,215 ,0 ,2 ,0 ,0 ,0 ,3056 
2026년,06월,TWB,TW,티웨이항공,국제,유럽,크로아티아,ZAG,출발,정기,여객,1 ,204 ,0 ,2 ,0 ,0 ,0 ,2914 
2026년,06월,TWB,TW,티웨이항공,국제,유럽,키르기즈스탄,BSZ,도착,정기,여객,12 ,1366 ,11 ,129 ,682 ,0 ,0 ,23215 
2026년,06월,TWB,TW,티웨이항공,국제,유럽,키르기즈스탄,BSZ,출발,정기,여객,13 ,1515 ,11 ,282 ,9664 ,0 ,0 ,26830 
2026년,06월,TZP,ZG,집에어 도쿄,국제,일본,일본,NRT,도착,정기,여객,29 ,8005 ,19 ,5 ,256176 ,0 ,1362 ,44647 
2026년,06월,TZP,ZG,집에어 도쿄,국제,일본,일본,NRT,도착,부정기,여객,11 ,2957 ,4 ,1 ,42372 ,0 ,604 ,13241 
2026년,06월,TZP,ZG,집에어 도쿄,국제,일본,일본,NRT,출발,정기,여객,29 ,7140 ,20 ,14 ,177226 ,0 ,18841 ,65248 
2026년,06월,TZP,ZG,집에어 도쿄,국제,일본,일본,NRT,출발,부정기,여객,11 ,2628 ,4 ,2 ,34256 ,0 ,0 ,21200 
2026년,06월,UAE,EK,에미리트항공,국제,중동,아랍에미리트,DWC,출발,정기,화물,1 ,0 ,0 ,0 ,105071 ,0 ,0 ,0 
2026년,06월,UAE,EK,에미리트항공,국제,중동,아랍에미리트,DXB,도착,정기,여객,42 ,11440 ,34 ,54 ,434248 ,0 ,2698 ,221918 
2026년,06월,UAE,EK,에미리트항공,국제,중동,아랍에미리트,DXB,출발,정기,여객,42 ,13383 ,54 ,149 ,568622 ,0 ,0 ,309485 
2026년,06월,UAL,UA,유나이티드항공,국제,미주,미국,SFO,도착,정기,여객,60 ,13871 ,55 ,1339 ,496458 ,0 ,24261 ,338097 
2026년,06월,UAL,UA,유나이티드항공,국제,미주,미국,SFO,출발,정기,여객,60 ,12839 ,50 ,1061 ,1085738 ,0 ,5074 ,355145 
2026년,06월,UPS,5X,유피에스항공,국제,일본,일본,KIX,출발,정기,화물,0 ,0 ,0 ,0 ,0 ,0 ,0 ,0 
2026년,06월,UPS,5X,유피에스항공,국제,일본,일본,NRT,도착,정기,화물,0 ,0 ,0 ,0 ,0 ,0 ,0 ,0 
2026년,06월,UPS,5X,유피에스항공,국제,중국,중국,CGO,도착,정기,화물,0 ,0 ,0 ,0 ,40580 ,0 ,0 ,0 
2026년,06월,UPS,5X,유피에스항공,국제,중국,중국,CGO,출발,정기,화물,0 ,0 ,0 ,0 ,143360 ,0 ,0 ,0 
2026년,06월,UPS,5X,유피에스항공,국제,중국,중국,PVG,도착,정기,화물,0 ,0 ,0 ,0 ,497572 ,0 ,0 ,0 
2026년,06월,UPS,5X,유피에스항공,국제,중국,중국,SZX,도착,정기,화물,0 ,0 ,0 ,0 ,602330 ,0 ,0 ,0 
2026년,06월,UPS,5X,유피에스항공,국제,중국,중국,SZX,출발,정기,화물,0 ,0 ,0 ,0 ,477608 ,0 ,0 ,0 
2026년,06월,UPS,5X,유피에스항공,국제,동북아,대만,TPE,출발,정기,화물,0 ,0 ,0 ,0 ,106481 ,0 ,0 ,0 
2026년,06월,UPS,5X,유피에스항공,국제,동북아,대만,TPE,출발,부정기,화물,3 ,0 ,0 ,0 ,27985 ,0 ,0 ,0 
2026년,06월,UPS,5X,유피에스항공,국제,동북아,홍콩,HKG,도착,정기,화물,0 ,0 ,0 ,0 ,60389 ,0 ,0 ,0 
2026년,06월,UPS,5X,유피에스항공,국제,동북아,홍콩,HKG,출발,정기,화물,0 ,0 ,0 ,0 ,97385 ,0 ,0 ,0 
2026년,06월,UPS,5X,유피에스항공,국제,동남아,베트남,HAN,도착,정기,화물,0 ,0 ,0 ,0 ,27595 ,0 ,0 ,0 
2026년,06월,UPS,5X,유피에스항공,국제,동남아,베트남,SGN,도착,정기,화물,0 ,0 ,0 ,0 ,0 ,0 ,0 ,0 
2026년,06월,UPS,5X,유피에스항공,국제,동남아,싱가포르,SIN,도착,정기,화물,0 ,0 ,0 ,0 ,0 ,0 ,0 ,0 
2026년,06월,UPS,5X,유피에스항공,국제,미주,미국,ANC,도착,정기,화물,58 ,0 ,0 ,0 ,656500 ,0 ,0 ,0 
2026년,06월,UPS,5X,유피에스항공,국제,미주,미국,ANC,출발,정기,화물,80 ,0 ,0 ,0 ,1586283 ,0 ,0 ,0 
2026년,06월,UPS,5X,유피에스항공,국제,미주,미국,EWR,출발,정기,화물,0 ,0 ,0 ,0 ,0 ,0 ,0 ,0 
2026년,06월,UPS,5X,유피에스항공,국제,미주,미국,ONT,도착,정기,화물,0 ,0 ,0 ,0 ,0 ,0 ,0 ,0 
2026년,06월,UPS,5X,유피에스항공,국제,미주,미국,SDF,도착,정기,화물,67 ,0 ,0 ,0 ,0 ,0 ,0 ,0 
2026년,06월,UPS,5X,유피에스항공,국제,미주,미국,SDF,출발,정기,화물,45 ,0 ,0 ,0 ,0 ,0 ,0 ,0 
2026년,06월,UPS,5X,유피에스항공,국제,미주,미국,SDF,출발,부정기,화물,1 ,0 ,0 ,0 ,0 ,0 ,0 ,0 
2026년,06월,UPS,5X,유피에스항공,국제,대양주,호주,SYD,도착,정기,화물,0 ,0 ,0 ,0 ,57339 ,0 ,0 ,0 
2026년,06월,UPS,5X,유피에스항공,국제,대양주,하와이,HNL,도착,정기,화물,0 ,0 ,0 ,0 ,0 ,0 ,0 ,0 
2026년,06월,UPS,5X,유피에스항공,국제,유럽,독일,CGN,도착,정기,화물,0 ,0 ,0 ,0 ,0 ,0 ,0 ,0 
2026년,06월,UPS,5X,유피에스항공,국제,유럽,독일,CGN,출발,정기,화물,0 ,0 ,0 ,0 ,221856 ,0 ,0 ,0 
2026년,06월,UPS,5X,유피에스항공,국제,유럽,독일,CGN,출발,부정기,화물,0 ,0 ,0 ,0 ,6165 ,0 ,0 ,0 
2026년,06월,UPS,5X,유피에스항공,국제,중동,아랍에미리트,DXB,출발,정기,화물,0 ,0 ,0 ,0 ,0 ,0 ,0 ,0 
2026년,06월,UPS,5X,유피에스항공,국제,기타,인도,DEL,출발,정기,화물,0 ,0 ,0 ,0 ,0 ,0 ,0 ,0 
2026년,06월,UZB,HY,우즈베키스탄항공,국제,유럽,우즈베키스탄,TAS,도착,정기,여객,30 ,6456 ,84 ,329 ,46083 ,0 ,327 ,163252 
2026년,06월,UZB,HY,우즈베키스탄항공,국제,유럽,우즈베키스탄,TAS,출발,정기,여객,30 ,6494 ,128 ,358 ,163977 ,0 ,27527 ,218124 
2026년,06월,VIR,VS,버진애틀랜틱항공,국제,유럽,영국,LHR,도착,정기,여객,25 ,4412 ,19 ,45 ,182017 ,0 ,0 ,78128 
2026년,06월,VIR,VS,버진애틀랜틱항공,국제,유럽,영국,LHR,출발,정기,여객,25 ,4803 ,30 ,152 ,273588 ,0 ,0 ,102290 
2026년,06월,VJC,VJ,비엣제트항공,국제,동남아,베트남,CXR,도착,정기,여객,25 ,4867 ,30 ,2 ,29903 ,0 ,0 ,57933 
2026년,06월,VJC,VJ,비엣제트항공,국제,동남아,베트남,CXR,출발,정기,여객,25 ,5321 ,35 ,0 ,4202 ,0 ,0 ,43389 
2026년,06월,VJC,VJ,비엣제트항공,국제,동남아,베트남,DAD,도착,정기,여객,26 ,5432 ,27 ,1 ,25440 ,0 ,0 ,62894 
2026년,06월,VJC,VJ,비엣제트항공,국제,동남아,베트남,DAD,출발,정기,여객,26 ,5403 ,27 ,13 ,30351 ,0 ,0 ,45251 
2026년,06월,VJC,VJ,비엣제트항공,국제,동남아,베트남,HAN,도착,정기,여객,48 ,8672 ,28 ,0 ,38987 ,0 ,0 ,148423 
2026년,06월,VJC,VJ,비엣제트항공,국제,동남아,베트남,HAN,출발,정기,여객,48 ,8613 ,49 ,22 ,64191 ,0 ,0 ,134896 
2026년,06월,VJC,VJ,비엣제트항공,국제,동남아,베트남,HPH,도착,정기,여객,17 ,3304 ,61 ,0 ,6903 ,0 ,0 ,73780 
2026년,06월,VJC,VJ,비엣제트항공,국제,동남아,베트남,HPH,출발,정기,여객,17 ,3331 ,68 ,1 ,0 ,0 ,0 ,72507 
2026년,06월,VJC,VJ,비엣제트항공,국제,동남아,베트남,PQC,도착,정기,여객,31 ,5063 ,59 ,1 ,0 ,0 ,0 ,61709 
2026년,06월,VJC,VJ,비엣제트항공,국제,동남아,베트남,PQC,출발,정기,여객,31 ,5899 ,53 ,0 ,0 ,0 ,0 ,51616 
2026년,06월,VJC,VJ,비엣제트항공,국제,동남아,베트남,SGN,도착,정기,여객,47 ,9120 ,41 ,0 ,28786 ,0 ,0 ,145240 
2026년,06월,VJC,VJ,비엣제트항공,국제,동남아,베트남,SGN,출발,정기,여객,47 ,9742 ,46 ,31 ,28089 ,0 ,4417 ,132419 
2026년,06월,VSV,DV,스캇항공,국제,유럽,카자흐스탄,CIT,도착,정기,여객,14 ,1701 ,20 ,2 ,0 ,0 ,0 ,27318 
2026년,06월,VSV,DV,스캇항공,국제,유럽,카자흐스탄,CIT,출발,정기,여객,14 ,1505 ,13 ,32 ,2420 ,0 ,0 ,37163 
2026년,06월,WGN,KD,웨스턴글로벌항공,국제,미주,미국,ANC,출발,부정기,화물,11 ,0 ,0 ,0 ,422364 ,595293 ,0 ,0 
2026년,06월,WGN,KD,웨스턴글로벌항공,국제,미주,미국,LAX,도착,부정기,화물,11 ,0 ,0 ,0 ,159047 ,91031 ,0 ,0 
2026년,06월,WJA,WS,웨스트젯 항공,국제,미주,캐나다,YYC,도착,정기,여객,26 ,7622 ,55 ,399 ,9263 ,0 ,0 ,116282 
2026년,06월,WJA,WS,웨스트젯 항공,국제,미주,캐나다,YYC,출발,정기,여객,26 ,6609 ,56 ,1236 ,378115 ,0 ,0 ,180562 
2026년,06월,XAX,D7,에어아시아엑스,국제,동남아,말레이시아,KUL,도착,정기,여객,18 ,5534 ,25 ,0 ,153390 ,0 ,3086 ,58529 
2026년,06월,XAX,D7,에어아시아엑스,국제,동남아,말레이시아,KUL,출발,정기,여객,18 ,5752 ,26 ,7 ,203215 ,0 ,0 ,77867 
